Order_ID,date,Order_Date,Order_Time,Food_Item,Category,Quantity,Price,Total_Amount,Payment_Method,Weather,temperature,customers,online_orders,dine_in_orders,avg_order_value,marketing_spend,special_event,Day_of_Week,Is_Weekend,Is_Holiday,Customer_Type,Table_Type,sales
1,2025-08-28,2025-08-28,04:14,Veg Burger,Burger,5,149,745,UPI,Rainy,34,94,13,81,149.0,472,Yes,Thursday,No,No,New,Takeaway,950.5
2,2025-12-24,2025-12-24,19:45,Veg Biryani,Main Course,3,249,747,Credit Card,Windy,24,160,44,116,249.0,791,Yes,Wednesday,No,No,New,Dine-In,1020.7
3,2025-11-05,2025-11-05,17:01,Spring Rolls,Starter,1,229,229,UPI,Cloudy,21,140,12,128,229.0,556,Yes,Wednesday,No,No,New,Dine-In,643.9
4,2025-12-14,2025-12-14,00:39,Cheese Burger,Burger,2,199,398,UPI,Windy,22,122,11,111,199.0,309,Yes,Sunday,Yes,No,Returning,Dine-In,691.8
5,2025-01-23,2025-01-23,05:50,Veg Sandwich,Snacks,2,179,358,Cash,Rainy,33,86,48,38,179.0,409,No,Thursday,No,No,Returning,Dine-In,575.8
6,2025-08-12,2025-08-12,02:16,Farmhouse Pizza,Pizza,3,399,1197,Debit Card,Windy,27,84,18,66,399.0,809,Yes,Tuesday,No,No,Returning,Takeaway,1662.7
7,2025-07-14,2025-07-14,10:10,Masala Dosa,South Indian,2,199,398,Credit Card,Windy,24,150,14,136,199.0,875,No,Monday,No,No,New,Delivery,822.8
8,2025-01-16,2025-01-16,15:53,Chole Bhature,Main Course,1,199,199,Cash,Rainy,21,88,17,71,199.0,373,Yes,Thursday,No,No,New,Delivery,450.9
9,2025-03-03,2025-03-03,23:32,Veg Sandwich,Snacks,3,179,537,Cash,Rainy,30,168,48,120,179.0,310,Yes,Monday,No,No,Returning,Dine-In,923.7
10,2025-03-06,2025-03-06,16:21,Margherita Pizza,Pizza,5,299,1495,Debit Card,Rainy,25,93,40,53,299.0,736,No,Thursday,No,No,Returning,Dine-In,2015.5
11,2025-04-11,2025-04-11,09:23,Veg Biryani,Main Course,1,249,249,UPI,Cloudy,29,123,18,105,249.0,788,Yes,Friday,No,No,Returning,Delivery,644.9
12,2025-03-02,2025-03-02,18:07,Cheese Burger,Burger,3,199,597,Debit Card,Windy,25,131,17,114,199.0,343,Yes,Sunday,Yes,No,New,Takeaway,905.7
13,2025-01-11,2025-01-11,09:46,French Fries,Snacks,2,129,258,Debit Card,Rainy,28,153,18,135,129.0,546,Yes,Saturday,Yes,Yes,Returning,Delivery,619.8
14,2025-07-26,2025-07-26,13:38,Cheese Burger,Burger,5,199,995,Debit Card,Cloudy,24,85,21,64,199.0,554,No,Saturday,Yes,No,New,Delivery,1323.5
15,2025-08-02,2025-08-02,09:05,Spring Rolls,Starter,3,229,687,Credit Card,Windy,23,90,34,56,229.0,689,Yes,Saturday,Yes,No,New,Takeaway,994.7
16,2025-07-06,2025-07-06,21:35,Veg Biryani,Main Course,1,249,249,UPI,Rainy,33,160,44,116,249.0,746,No,Sunday,Yes,No,New,Delivery,487.9
17,2025-05-06,2025-05-06,20:17,Farmhouse Pizza,Pizza,2,399,798,Cash,Rainy,27,120,48,72,399.0,786,No,Tuesday,No,No,Returning,Takeaway,1251.8
18,2025-01-24,2025-01-24,11:06,Spring Rolls,Starter,3,229,687,UPI,Windy,31,83,53,30,229.0,822,No,Friday,No,No,Returning,Dine-In,951.7
19,2025-05-18,2025-05-18,18:50,French Fries,Snacks,3,129,387,Cash,Windy,32,146,44,102,129.0,552,No,Sunday,Yes,No,New,Takeaway,845.7
20,2025-08-17,2025-08-17,20:19,Cold Coffee,Beverage,5,149,745,Debit Card,Sunny,29,142,28,114,149.0,697,Yes,Sunday,Yes,No,New,Delivery,1148.5
21,2025-12-26,2025-12-26,13:23,Soft Drink,Beverage,5,79,395,UPI,Cloudy,28,137,27,110,79.0,772,No,Friday,No,Yes,Returning,Takeaway,691.5
22,2025-04-24,2025-04-24,18:12,Paneer Tikka,Starter,3,299,897,Cash,Sunny,34,109,38,71,299.0,686,No,Thursday,No,Yes,Returning,Takeaway,1438.7
23,2025-03-18,2025-03-18,19:02,Cheese Burger,Burger,1,199,199,Credit Card,Sunny,24,87,31,56,199.0,841,No,Tuesday,No,Yes,Returning,Dine-In,690.9
24,2025-06-20,2025-06-20,16:48,Masala Dosa,South Indian,5,199,995,Cash,Rainy,30,88,58,30,199.0,815,Yes,Friday,No,No,New,Dine-In,1517.5
25,2025-12-08,2025-12-08,02:42,Cheese Burger,Burger,5,199,995,Cash,Rainy,35,143,29,114,199.0,376,No,Monday,No,No,Returning,Dine-In,1266.5
26,2025-02-12,2025-02-12,15:27,Soft Drink,Beverage,5,79,395,Debit Card,Windy,22,83,51,32,79.0,575,No,Wednesday,No,No,Returning,Dine-In,582.5
27,2025-02-09,2025-02-09,20:19,Cold Coffee,Beverage,2,149,298,Credit Card,Windy,35,157,16,141,149.0,765,No,Sunday,Yes,No,New,Takeaway,795.8
28,2025-01-10,2025-01-10,09:29,Cold Coffee,Beverage,4,149,596,Credit Card,Cloudy,20,154,45,109,149.0,685,No,Friday,No,No,Returning,Delivery,762.6
29,2025-09-18,2025-09-18,02:19,Masala Dosa,South Indian,2,199,398,UPI,Sunny,34,151,13,138,199.0,599,No,Thursday,No,No,New,Delivery,828.8
30,2025-05-22,2025-05-22,23:20,Masala Dosa,South Indian,2,199,398,Debit Card,Cloudy,21,132,29,103,199.0,878,No,Thursday,No,No,New,Takeaway,733.8
31,2025-01-13,2025-01-13,12:28,Farmhouse Pizza,Pizza,4,399,1596,Credit Card,Cloudy,19,82,27,55,399.0,782,Yes,Monday,No,No,New,Dine-In,2115.6
32,2025-02-23,2025-02-23,07:50,Chole Bhature,Main Course,3,199,597,Debit Card,Windy,26,106,46,60,199.0,369,Yes,Sunday,Yes,No,Returning,Dine-In,787.7
33,2025-10-15,2025-10-15,08:57,Soft Drink,Beverage,2,79,158,Debit Card,Cloudy,25,82,57,25,79.0,775,Yes,Wednesday,No,No,Returning,Delivery,286.8
34,2025-08-15,2025-08-15,13:17,Veg Sandwich,Snacks,2,179,358,Debit Card,Windy,30,91,48,43,179.0,578,No,Friday,No,No,Returning,Takeaway,732.8
35,2025-02-24,2025-02-24,02:41,Paneer Tikka,Starter,4,299,1196,Cash,Windy,23,125,28,97,299.0,417,No,Monday,No,No,New,Takeaway,1614.6
36,2025-01-25,2025-01-25,05:40,White Sauce Pasta,Pasta,4,249,996,Debit Card,Windy,21,157,32,125,249.0,452,Yes,Saturday,Yes,No,New,Takeaway,1590.6
37,2025-05-29,2025-05-29,21:56,Cheese Burger,Burger,2,199,398,UPI,Rainy,26,100,12,88,199.0,680,Yes,Thursday,No,No,Returning,Takeaway,918.8
38,2025-02-02,2025-02-02,19:21,Veg Biryani,Main Course,4,249,996,Cash,Sunny,20,121,17,104,249.0,880,Yes,Sunday,Yes,No,New,Delivery,1211.6
39,2025-06-07,2025-06-07,02:53,Soft Drink,Beverage,5,79,395,Debit Card,Sunny,22,146,40,106,79.0,400,No,Saturday,Yes,No,New,Takeaway,613.5
40,2025-08-10,2025-08-10,00:39,Margherita Pizza,Pizza,4,299,1196,Debit Card,Rainy,35,172,48,124,299.0,557,Yes,Sunday,Yes,Yes,New,Delivery,1725.6
41,2025-05-03,2025-05-03,05:07,French Fries,Snacks,4,129,516,Debit Card,Sunny,18,159,29,130,129.0,614,No,Saturday,Yes,No,Returning,Takeaway,917.6
42,2025-10-28,2025-10-28,18:27,Cold Coffee,Beverage,1,149,149,Cash,Rainy,28,90,53,37,149.0,575,Yes,Tuesday,No,No,Returning,Delivery,284.9
43,2025-12-08,2025-12-08,13:21,Spring Rolls,Starter,2,229,458,Debit Card,Cloudy,31,82,48,34,229.0,500,No,Monday,No,No,Returning,Dine-In,884.8
44,2025-02-20,2025-02-20,07:25,White Sauce Pasta,Pasta,4,249,996,UPI,Windy,26,86,38,48,249.0,406,No,Thursday,No,No,New,Takeaway,1335.6
45,2025-11-01,2025-11-01,17:42,Veg Sandwich,Snacks,2,179,358,Credit Card,Cloudy,32,134,59,75,179.0,405,No,Saturday,Yes,No,Returning,Delivery,810.8
46,2025-12-16,2025-12-16,16:13,Paneer Tikka,Starter,1,299,299,Debit Card,Sunny,19,159,19,140,299.0,336,Yes,Tuesday,No,No,New,Dine-In,791.9
47,2025-04-06,2025-04-06,17:35,Margherita Pizza,Pizza,4,299,1196,Credit Card,Sunny,31,176,54,122,299.0,600,Yes,Sunday,Yes,No,Returning,Takeaway,1580.6
48,2025-11-09,2025-11-09,14:57,Farmhouse Pizza,Pizza,3,399,1197,UPI,Rainy,34,145,17,128,399.0,850,Yes,Sunday,Yes,No,Returning,Dine-In,1581.7
49,2025-01-04,2025-01-04,11:19,Margherita Pizza,Pizza,4,299,1196,Cash,Cloudy,33,99,47,52,299.0,605,Yes,Saturday,Yes,No,New,Dine-In,1616.6
50,2025-06-20,2025-06-20,09:54,Veg Burger,Burger,1,149,149,UPI,Rainy,19,144,42,102,149.0,684,No,Friday,No,Yes,Returning,Delivery,604.9
51,2025-09-28,2025-09-28,17:44,Spring Rolls,Starter,3,229,687,Debit Card,Cloudy,35,109,25,84,229.0,763,No,Sunday,Yes,No,New,Delivery,1120.7
52,2025-12-26,2025-12-26,06:43,Spring Rolls,Starter,1,229,229,Cash,Sunny,24,95,59,36,229.0,408,Yes,Friday,No,No,Returning,Takeaway,707.9
53,2025-11-14,2025-11-14,20:50,Chole Bhature,Main Course,4,199,796,Debit Card,Rainy,22,94,49,45,199.0,578,No,Friday,No,No,New,Delivery,1166.6
54,2025-05-19,2025-05-19,18:35,Chocolate Shake,Beverage,3,179,537,UPI,Rainy,25,110,56,54,179.0,306,Yes,Monday,No,No,New,Delivery,905.7
55,2025-02-22,2025-02-22,23:02,Chole Bhature,Main Course,4,199,796,Debit Card,Windy,22,86,48,38,199.0,709,Yes,Saturday,Yes,Yes,New,Delivery,1050.6
56,2025-08-04,2025-08-04,05:00,French Fries,Snacks,3,129,387,Cash,Rainy,20,153,32,121,129.0,412,No,Monday,No,No,New,Dine-In,792.7
57,2025-10-14,2025-10-14,05:45,Spring Rolls,Starter,1,229,229,Credit Card,Sunny,34,160,56,104,229.0,380,Yes,Tuesday,No,No,New,Dine-In,436.9
58,2025-12-13,2025-12-13,03:58,Veg Sandwich,Snacks,4,179,716,UPI,Rainy,24,160,35,125,179.0,656,Yes,Saturday,Yes,No,New,Takeaway,1142.6
59,2025-03-20,2025-03-20,05:44,French Fries,Snacks,1,129,129,Credit Card,Sunny,32,148,14,134,129.0,561,Yes,Thursday,No,No,New,Delivery,631.9
60,2025-06-03,2025-06-03,02:33,Veg Sandwich,Snacks,1,179,179,UPI,Cloudy,31,100,35,65,179.0,553,No,Tuesday,No,No,New,Delivery,366.9
61,2025-05-11,2025-05-11,15:17,French Fries,Snacks,1,129,129,Cash,Cloudy,18,85,12,73,129.0,505,No,Sunday,Yes,No,New,Delivery,450.9
62,2025-10-26,2025-10-26,06:14,Farmhouse Pizza,Pizza,1,399,399,UPI,Sunny,33,152,10,142,399.0,835,No,Sunday,Yes,No,Returning,Delivery,562.9
63,2025-04-24,2025-04-24,15:03,Veg Burger,Burger,2,149,298,Cash,Sunny,22,112,33,79,149.0,556,No,Thursday,No,No,Returning,Dine-In,758.8
64,2025-02-13,2025-02-13,02:52,White Sauce Pasta,Pasta,3,249,747,UPI,Sunny,25,163,47,116,249.0,580,No,Thursday,No,No,Returning,Dine-In,1171.7
65,2025-01-23,2025-01-23,13:05,Margherita Pizza,Pizza,5,299,1495,UPI,Rainy,25,161,33,128,299.0,448,No,Thursday,No,No,New,Dine-In,1821.5
66,2025-06-01,2025-06-01,18:58,Soft Drink,Beverage,5,79,395,Cash,Rainy,33,99,56,43,79.0,542,No,Sunday,Yes,No,Returning,Takeaway,596.5
67,2025-12-01,2025-12-01,23:38,Masala Dosa,South Indian,3,199,597,Credit Card,Cloudy,18,128,13,115,199.0,330,Yes,Monday,No,No,Returning,Dine-In,940.7
68,2025-09-02,2025-09-02,00:59,Veg Biryani,Main Course,5,249,1245,Cash,Sunny,22,179,39,140,249.0,318,No,Tuesday,No,No,New,Delivery,1764.5
69,2025-10-07,2025-10-07,02:40,Margherita Pizza,Pizza,5,299,1495,Debit Card,Sunny,21,99,56,43,299.0,344,Yes,Tuesday,No,No,New,Dine-In,1872.5
70,2025-03-25,2025-03-25,17:37,Masala Dosa,South Indian,2,199,398,Debit Card,Sunny,35,127,10,117,199.0,804,No,Tuesday,No,No,New,Dine-In,820.8
71,2025-12-21,2025-12-21,08:37,Soft Drink,Beverage,4,79,316,Credit Card,Rainy,34,131,15,116,79.0,691,Yes,Sunday,Yes,No,New,Delivery,651.6
72,2025-06-20,2025-06-20,20:07,Cold Coffee,Beverage,4,149,596,Debit Card,Rainy,32,141,54,87,149.0,507,Yes,Friday,No,No,New,Dine-In,812.6
73,2025-06-30,2025-06-30,21:21,Chole Bhature,Main Course,2,199,398,Credit Card,Sunny,34,177,51,126,199.0,676,Yes,Monday,No,No,New,Dine-In,753.8
74,2025-08-27,2025-08-27,00:24,Margherita Pizza,Pizza,4,299,1196,Credit Card,Cloudy,19,161,57,104,299.0,747,No,Wednesday,No,No,Returning,Takeaway,1569.6
75,2025-11-30,2025-11-30,03:31,Veg Sandwich,Snacks,5,179,895,Debit Card,Windy,25,125,52,73,179.0,787,Yes,Sunday,Yes,No,Returning,Takeaway,1220.5
76,2025-06-17,2025-06-17,07:06,White Sauce Pasta,Pasta,5,249,1245,Cash,Rainy,35,115,53,62,249.0,553,No,Tuesday,No,No,New,Delivery,1484.5
77,2025-12-07,2025-12-07,15:53,Margherita Pizza,Pizza,2,299,598,Debit Card,Rainy,33,92,15,77,299.0,833,Yes,Sunday,Yes,No,New,Delivery,796.8
78,2025-03-25,2025-03-25,10:49,Soft Drink,Beverage,3,79,237,UPI,Windy,31,145,56,89,79.0,409,Yes,Tuesday,No,No,New,Dine-In,362.7
79,2025-05-10,2025-05-10,10:06,Masala Dosa,South Indian,1,199,199,Debit Card,Cloudy,18,113,28,85,199.0,418,Yes,Saturday,Yes,No,New,Takeaway,538.9
80,2025-12-30,2025-12-30,06:47,Paneer Tikka,Starter,5,299,1495,Debit Card,Rainy,31,143,40,103,299.0,420,Yes,Tuesday,No,No,Returning,Delivery,1787.5
81,2025-09-16,2025-09-16,02:04,Masala Dosa,South Indian,3,199,597,UPI,Cloudy,31,111,47,64,199.0,639,Yes,Tuesday,No,No,Returning,Delivery,860.7
82,2025-02-27,2025-02-27,12:15,French Fries,Snacks,4,129,516,Cash,Rainy,21,108,55,53,129.0,508,Yes,Thursday,No,No,New,Delivery,868.6
83,2025-03-16,2025-03-16,00:10,White Sauce Pasta,Pasta,5,249,1245,UPI,Sunny,33,141,14,127,249.0,405,Yes,Sunday,Yes,No,New,Takeaway,1865.5
84,2025-06-25,2025-06-25,13:45,Veg Sandwich,Snacks,4,179,716,Debit Card,Rainy,29,172,40,132,179.0,353,Yes,Wednesday,No,No,Returning,Delivery,1087.6
85,2025-12-16,2025-12-16,13:34,Cheese Burger,Burger,5,199,995,Credit Card,Windy,29,104,49,55,199.0,848,No,Tuesday,No,No,New,Takeaway,1410.5
86,2025-08-08,2025-08-08,00:13,Cold Coffee,Beverage,1,149,149,Credit Card,Windy,20,95,11,84,149.0,520,Yes,Friday,No,Yes,New,Takeaway,395.9
87,2025-11-10,2025-11-10,14:55,Chocolate Shake,Beverage,5,179,895,UPI,Windy,31,104,24,80,179.0,741,Yes,Monday,No,No,Returning,Delivery,1480.5
88,2025-10-27,2025-10-27,19:52,Veg Sandwich,Snacks,3,179,537,Debit Card,Sunny,23,108,24,84,179.0,496,No,Monday,No,No,Returning,Takeaway,961.7
89,2025-08-29,2025-08-29,17:52,Cheese Burger,Burger,2,199,398,UPI,Windy,26,132,29,103,199.0,731,Yes,Friday,No,No,New,Dine-In,918.8
90,2025-02-24,2025-02-24,23:41,Veg Burger,Burger,2,149,298,Cash,Cloudy,30,136,55,81,149.0,361,Yes,Monday,No,No,New,Delivery,457.8
91,2025-04-24,2025-04-24,10:30,Cold Coffee,Beverage,3,149,447,Cash,Rainy,27,104,16,88,149.0,326,No,Thursday,No,No,Returning,Dine-In,591.7
92,2025-07-12,2025-07-12,11:58,Paneer Tikka,Starter,4,299,1196,Debit Card,Sunny,32,107,40,67,299.0,342,No,Saturday,Yes,No,Returning,Delivery,1473.6
93,2025-03-19,2025-03-19,21:46,Veg Sandwich,Snacks,4,179,716,Debit Card,Sunny,18,174,36,138,179.0,384,Yes,Wednesday,No,No,New,Delivery,1160.6
94,2025-04-27,2025-04-27,09:08,Spring Rolls,Starter,4,229,916,Debit Card,Cloudy,31,141,12,129,229.0,581,No,Sunday,Yes,Yes,Returning,Takeaway,1111.6
95,2025-06-09,2025-06-09,12:53,Cheese Burger,Burger,3,199,597,Debit Card,Rainy,28,161,27,134,199.0,493,No,Monday,No,No,New,Dine-In,790.7
96,2025-09-19,2025-09-19,19:11,Masala Dosa,South Indian,5,199,995,Credit Card,Windy,19,150,13,137,199.0,678,No,Friday,No,No,New,Delivery,1388.5
97,2025-10-01,2025-10-01,10:11,Chocolate Shake,Beverage,4,179,716,Debit Card,Cloudy,26,113,15,98,179.0,629,No,Wednesday,No,No,Returning,Delivery,1015.6
98,2025-05-24,2025-05-24,04:44,Chole Bhature,Main Course,4,199,796,Credit Card,Sunny,28,126,26,100,199.0,328,Yes,Saturday,Yes,No,Returning,Takeaway,1354.6
99,2025-10-13,2025-10-13,13:17,Cheese Burger,Burger,2,199,398,Cash,Cloudy,27,98,42,56,199.0,309,No,Monday,No,No,New,Dine-In,818.8
100,2025-09-20,2025-09-20,08:07,Cold Coffee,Beverage,2,149,298,Cash,Windy,32,167,27,140,149.0,317,Yes,Saturday,Yes,No,Returning,Delivery,538.8
101,2025-03-14,2025-03-14,01:38,French Fries,Snacks,2,129,258,Cash,Rainy,20,161,38,123,129.0,712,Yes,Friday,No,No,New,Takeaway,672.8
102,2025-08-07,2025-08-07,11:36,Spring Rolls,Starter,3,229,687,UPI,Cloudy,18,170,37,133,229.0,793,Yes,Thursday,No,No,New,Takeaway,945.7
103,2025-05-17,2025-05-17,18:58,White Sauce Pasta,Pasta,1,249,249,Credit Card,Cloudy,21,98,18,80,249.0,702,Yes,Saturday,Yes,Yes,New,Delivery,382.9
104,2025-06-03,2025-06-03,23:15,Masala Dosa,South Indian,3,199,597,Cash,Cloudy,33,130,23,107,199.0,428,No,Tuesday,No,No,Returning,Delivery,1005.7
105,2025-01-16,2025-01-16,05:37,Margherita Pizza,Pizza,2,299,598,Credit Card,Sunny,28,125,14,111,299.0,831,Yes,Thursday,No,No,New,Delivery,904.8
106,2025-04-09,2025-04-09,03:24,Cold Coffee,Beverage,3,149,447,Credit Card,Rainy,19,81,15,66,149.0,489,Yes,Wednesday,No,No,New,Delivery,801.7
107,2025-08-30,2025-08-30,15:25,Chocolate Shake,Beverage,4,179,716,Cash,Rainy,19,111,50,61,179.0,527,No,Saturday,Yes,No,Returning,Dine-In,1190.6
108,2025-02-14,2025-02-14,18:58,Margherita Pizza,Pizza,5,299,1495,Credit Card,Rainy,30,126,16,110,299.0,744,Yes,Friday,No,No,New,Delivery,1766.5
109,2025-10-23,2025-10-23,00:45,Veg Burger,Burger,2,149,298,Debit Card,Rainy,22,116,60,56,149.0,347,No,Thursday,No,No,New,Dine-In,529.8
110,2025-09-12,2025-09-12,14:29,French Fries,Snacks,2,129,258,Debit Card,Sunny,21,116,53,63,129.0,306,Yes,Friday,No,No,New,Takeaway,709.8
111,2025-03-21,2025-03-21,20:33,White Sauce Pasta,Pasta,4,249,996,Credit Card,Cloudy,23,166,41,125,249.0,668,Yes,Friday,No,No,New,Dine-In,1500.6
112,2025-08-21,2025-08-21,20:02,Chocolate Shake,Beverage,4,179,716,Credit Card,Windy,34,158,52,106,179.0,885,Yes,Thursday,No,No,Returning,Dine-In,1223.6
113,2025-06-21,2025-06-21,10:37,Paneer Tikka,Starter,2,299,598,Debit Card,Sunny,18,138,11,127,299.0,386,No,Saturday,Yes,No,New,Takeaway,785.8
114,2025-08-18,2025-08-18,05:09,Veg Burger,Burger,1,149,149,Debit Card,Sunny,32,106,29,77,149.0,706,No,Monday,No,Yes,New,Takeaway,548.9
115,2025-04-06,2025-04-06,12:55,Veg Sandwich,Snacks,2,179,358,UPI,Sunny,19,103,22,81,179.0,648,Yes,Sunday,Yes,No,New,Dine-In,585.8
116,2025-06-27,2025-06-27,16:09,Chocolate Shake,Beverage,2,179,358,Debit Card,Windy,30,129,19,110,179.0,622,No,Friday,No,Yes,New,Dine-In,645.8
117,2025-08-24,2025-08-24,14:44,Cheese Burger,Burger,3,199,597,UPI,Rainy,27,154,21,133,199.0,694,No,Sunday,Yes,No,New,Delivery,889.7
118,2025-06-26,2025-06-26,13:09,Margherita Pizza,Pizza,3,299,897,UPI,Rainy,27,86,31,55,299.0,858,Yes,Thursday,No,Yes,Returning,Delivery,1126.7
119,2025-06-03,2025-06-03,01:10,Farmhouse Pizza,Pizza,1,399,399,UPI,Rainy,18,99,53,46,399.0,876,No,Tuesday,No,No,Returning,Takeaway,885.9
120,2025-10-14,2025-10-14,23:36,French Fries,Snacks,4,129,516,Credit Card,Sunny,35,84,24,60,129.0,815,Yes,Tuesday,No,No,Returning,Takeaway,767.6
121,2025-04-14,2025-04-14,21:58,Cheese Burger,Burger,1,199,199,UPI,Rainy,22,174,10,164,199.0,806,No,Monday,No,No,Returning,Dine-In,595.9
122,2025-11-22,2025-11-22,19:36,Margherita Pizza,Pizza,4,299,1196,UPI,Sunny,24,94,45,49,299.0,598,No,Saturday,Yes,No,New,Takeaway,1432.6
123,2025-12-31,2025-12-31,18:04,Cold Coffee,Beverage,2,149,298,UPI,Cloudy,18,112,56,56,149.0,779,Yes,Wednesday,No,No,Returning,Delivery,741.8
124,2025-03-05,2025-03-05,14:21,Paneer Tikka,Starter,2,299,598,UPI,Cloudy,30,97,41,56,299.0,689,Yes,Wednesday,No,No,Returning,Delivery,981.8
125,2025-02-12,2025-02-12,02:00,Cheese Burger,Burger,2,199,398,Debit Card,Cloudy,30,164,47,117,199.0,536,No,Wednesday,No,No,Returning,Delivery,779.8
126,2025-11-24,2025-11-24,16:16,Paneer Tikka,Starter,1,299,299,Cash,Sunny,24,173,21,152,299.0,738,No,Monday,No,No,New,Dine-In,816.9
127,2025-03-20,2025-03-20,14:13,Cheese Burger,Burger,2,199,398,UPI,Sunny,27,87,11,76,199.0,751,Yes,Thursday,No,Yes,Returning,Dine-In,672.8
128,2025-10-22,2025-10-22,04:10,French Fries,Snacks,5,129,645,Cash,Windy,23,116,35,81,129.0,306,No,Wednesday,No,No,Returning,Delivery,898.5
129,2025-02-11,2025-02-11,22:04,Cold Coffee,Beverage,5,149,745,UPI,Rainy,32,150,52,98,149.0,662,No,Tuesday,No,No,New,Delivery,947.5
130,2025-11-19,2025-11-19,14:53,Paneer Tikka,Starter,2,299,598,Credit Card,Sunny,21,172,41,131,299.0,653,Yes,Wednesday,No,No,New,Delivery,1058.8
131,2025-11-19,2025-11-19,13:04,Veg Sandwich,Snacks,1,179,179,UPI,Cloudy,26,174,13,161,179.0,797,No,Wednesday,No,No,Returning,Delivery,356.9
132,2025-08-14,2025-08-14,05:38,Masala Dosa,South Indian,3,199,597,UPI,Cloudy,34,174,11,163,199.0,629,Yes,Thursday,No,Yes,Returning,Takeaway,1139.7
133,2025-12-24,2025-12-24,14:25,Chocolate Shake,Beverage,2,179,358,UPI,Rainy,34,143,35,108,179.0,789,Yes,Wednesday,No,No,Returning,Delivery,666.8
134,2025-10-03,2025-10-03,05:03,Chole Bhature,Main Course,1,199,199,Debit Card,Windy,18,164,44,120,199.0,717,Yes,Friday,No,No,New,Dine-In,616.9
135,2025-10-10,2025-10-10,00:23,Chocolate Shake,Beverage,2,179,358,Cash,Rainy,23,94,30,64,179.0,716,No,Friday,No,No,New,Takeaway,518.8
136,2025-04-23,2025-04-23,15:10,Veg Sandwich,Snacks,3,179,537,Credit Card,Sunny,18,177,22,155,179.0,399,No,Wednesday,No,No,Returning,Dine-In,822.7
137,2025-05-24,2025-05-24,06:46,Cheese Burger,Burger,2,199,398,Debit Card,Cloudy,28,114,16,98,199.0,814,No,Saturday,Yes,No,New,Takeaway,538.8
138,2025-03-31,2025-03-31,00:39,Spring Rolls,Starter,1,229,229,UPI,Windy,21,137,49,88,229.0,562,Yes,Monday,No,Yes,New,Dine-In,710.9
139,2025-03-05,2025-03-05,18:42,Veg Biryani,Main Course,3,249,747,Credit Card,Windy,33,147,32,115,249.0,683,Yes,Wednesday,No,Yes,Returning,Dine-In,1238.7
140,2025-12-05,2025-12-05,10:38,Cheese Burger,Burger,3,199,597,UPI,Rainy,23,163,41,122,199.0,453,No,Friday,No,No,Returning,Dine-In,963.7
141,2025-04-23,2025-04-23,05:58,Farmhouse Pizza,Pizza,1,399,399,Cash,Rainy,19,95,55,40,399.0,742,Yes,Wednesday,No,No,New,Delivery,569.9
142,2025-03-26,2025-03-26,12:27,Cheese Burger,Burger,2,199,398,Credit Card,Rainy,28,114,22,92,199.0,501,Yes,Wednesday,No,No,Returning,Dine-In,770.8
143,2025-02-14,2025-02-14,12:13,Chocolate Shake,Beverage,5,179,895,Cash,Cloudy,22,115,41,74,179.0,683,No,Friday,No,No,New,Takeaway,1189.5
144,2025-03-02,2025-03-02,12:23,Veg Sandwich,Snacks,1,179,179,Cash,Windy,19,116,56,60,179.0,404,No,Sunday,Yes,No,Returning,Dine-In,368.9
145,2025-01-19,2025-01-19,02:37,Cheese Burger,Burger,2,199,398,Debit Card,Cloudy,25,102,48,54,199.0,413,No,Sunday,Yes,No,New,Takeaway,836.8
146,2025-03-30,2025-03-30,20:11,Margherita Pizza,Pizza,2,299,598,Debit Card,Windy,21,162,20,142,299.0,572,Yes,Sunday,Yes,No,New,Delivery,1019.8
147,2025-03-15,2025-03-15,01:38,Soft Drink,Beverage,3,79,237,Cash,Sunny,31,177,18,159,79.0,385,Yes,Saturday,Yes,No,New,Delivery,735.7
148,2025-10-03,2025-10-03,20:42,Spring Rolls,Starter,3,229,687,Credit Card,Cloudy,20,81,30,51,229.0,680,No,Friday,No,No,New,Takeaway,872.7
149,2025-01-13,2025-01-13,03:33,Veg Sandwich,Snacks,3,179,537,Debit Card,Sunny,23,177,18,159,179.0,300,No,Monday,No,No,Returning,Takeaway,786.7
150,2025-10-03,2025-10-03,15:00,Margherita Pizza,Pizza,3,299,897,Credit Card,Cloudy,34,147,31,116,299.0,875,No,Friday,No,No,Returning,Delivery,1123.7
151,2025-01-12,2025-01-12,01:02,Veg Sandwich,Snacks,5,179,895,Debit Card,Cloudy,29,127,11,116,179.0,763,Yes,Sunday,Yes,No,Returning,Delivery,1210.5
152,2025-07-26,2025-07-26,19:32,Masala Dosa,South Indian,4,199,796,UPI,Rainy,35,128,30,98,199.0,854,No,Saturday,Yes,No,Returning,Takeaway,986.6
153,2025-08-07,2025-08-07,18:14,Farmhouse Pizza,Pizza,1,399,399,Debit Card,Rainy,32,179,58,121,399.0,564,Yes,Thursday,No,No,Returning,Dine-In,685.9
154,2025-02-23,2025-02-23,11:54,French Fries,Snacks,3,129,387,Credit Card,Sunny,31,125,49,76,129.0,786,Yes,Sunday,Yes,No,New,Dine-In,780.7
155,2025-07-17,2025-07-17,16:53,Veg Sandwich,Snacks,1,179,179,Cash,Windy,24,89,22,67,179.0,761,Yes,Thursday,No,No,New,Dine-In,594.9
156,2025-04-02,2025-04-02,03:36,Veg Sandwich,Snacks,4,179,716,UPI,Cloudy,25,118,48,70,179.0,455,Yes,Wednesday,No,No,Returning,Delivery,1280.6
157,2025-11-27,2025-11-27,19:53,Soft Drink,Beverage,2,79,158,UPI,Sunny,26,151,56,95,79.0,611,No,Thursday,No,No,New,Takeaway,289.8
158,2025-07-28,2025-07-28,09:53,Chole Bhature,Main Course,2,199,398,Debit Card,Sunny,27,110,12,98,199.0,786,Yes,Monday,No,No,Returning,Takeaway,923.8
159,2025-10-30,2025-10-30,12:03,White Sauce Pasta,Pasta,4,249,996,Cash,Cloudy,31,125,47,78,249.0,517,No,Thursday,No,No,Returning,Dine-In,1336.6
160,2025-09-24,2025-09-24,02:33,White Sauce Pasta,Pasta,2,249,498,Cash,Windy,25,139,42,97,249.0,560,No,Wednesday,No,No,Returning,Dine-In,947.8
161,2025-01-10,2025-01-10,09:53,Farmhouse Pizza,Pizza,2,399,798,Cash,Rainy,23,174,33,141,399.0,811,No,Friday,No,No,Returning,Takeaway,1063.8
162,2025-03-08,2025-03-08,08:59,Margherita Pizza,Pizza,4,299,1196,Cash,Cloudy,23,137,21,116,299.0,714,No,Saturday,Yes,No,Returning,Dine-In,1700.6
163,2025-08-16,2025-08-16,22:48,French Fries,Snacks,3,129,387,UPI,Cloudy,28,123,10,113,129.0,728,No,Saturday,Yes,No,Returning,Dine-In,557.7
164,2025-07-02,2025-07-02,00:13,Veg Biryani,Main Course,1,249,249,Cash,Sunny,32,146,17,129,249.0,432,No,Wednesday,No,No,New,Takeaway,538.9
165,2025-05-20,2025-05-20,01:33,Veg Burger,Burger,3,149,447,Debit Card,Sunny,21,86,20,66,149.0,394,Yes,Tuesday,No,No,Returning,Delivery,831.7
166,2025-11-24,2025-11-24,13:23,French Fries,Snacks,5,129,645,Debit Card,Windy,29,111,56,55,129.0,441,No,Monday,No,No,New,Dine-In,1136.5
167,2025-07-04,2025-07-04,00:33,Cold Coffee,Beverage,3,149,447,Cash,Sunny,28,109,56,53,149.0,525,Yes,Friday,No,Yes,Returning,Delivery,822.7
168,2025-10-05,2025-10-05,04:04,Masala Dosa,South Indian,2,199,398,UPI,Cloudy,27,103,59,44,199.0,715,Yes,Sunday,Yes,No,New,Dine-In,571.8
169,2025-09-22,2025-09-22,10:07,Masala Dosa,South Indian,2,199,398,Cash,Sunny,21,143,31,112,199.0,361,No,Monday,No,No,Returning,Takeaway,771.8
170,2025-08-19,2025-08-19,02:38,French Fries,Snacks,4,129,516,UPI,Cloudy,29,161,53,108,129.0,876,Yes,Tuesday,No,Yes,Returning,Takeaway,677.6
171,2025-04-02,2025-04-02,08:44,Spring Rolls,Starter,2,229,458,UPI,Windy,29,165,47,118,229.0,358,Yes,Wednesday,No,No,Returning,Takeaway,917.8
172,2025-06-13,2025-06-13,05:17,Veg Sandwich,Snacks,5,179,895,UPI,Windy,21,83,29,54,179.0,830,Yes,Friday,No,Yes,Returning,Takeaway,1376.5
173,2025-08-11,2025-08-11,10:21,Masala Dosa,South Indian,2,199,398,Cash,Sunny,22,151,25,126,199.0,517,No,Monday,No,No,Returning,Takeaway,863.8
174,2025-02-27,2025-02-27,15:25,Soft Drink,Beverage,5,79,395,Credit Card,Cloudy,32,142,26,116,79.0,674,Yes,Thursday,No,No,New,Takeaway,744.5
175,2025-03-20,2025-03-20,19:57,Cheese Burger,Burger,1,199,199,UPI,Sunny,31,158,32,126,199.0,685,No,Thursday,No,No,Returning,Takeaway,591.9
176,2025-02-23,2025-02-23,21:42,Soft Drink,Beverage,1,79,79,UPI,Rainy,20,98,24,74,79.0,658,Yes,Sunday,Yes,No,Returning,Takeaway,196.9
177,2025-03-21,2025-03-21,11:34,Chole Bhature,Main Course,4,199,796,Cash,Rainy,35,123,31,92,199.0,700,No,Friday,No,No,New,Dine-In,1001.6
178,2025-02-07,2025-02-07,11:48,Paneer Tikka,Starter,2,299,598,UPI,Windy,30,158,32,126,299.0,519,Yes,Friday,No,No,New,Takeaway,819.8
179,2025-03-12,2025-03-12,01:29,Veg Biryani,Main Course,3,249,747,Debit Card,Sunny,18,127,42,85,249.0,810,No,Wednesday,No,No,New,Delivery,1191.7
180,2025-05-04,2025-05-04,18:41,Soft Drink,Beverage,5,79,395,Cash,Rainy,24,125,19,106,79.0,863,No,Sunday,Yes,No,New,Dine-In,636.5
181,2025-05-22,2025-05-22,20:44,Masala Dosa,South Indian,2,199,398,Debit Card,Windy,18,136,47,89,199.0,761,Yes,Thursday,No,No,New,Dine-In,889.8
182,2025-01-30,2025-01-30,16:45,Farmhouse Pizza,Pizza,3,399,1197,Debit Card,Sunny,25,161,42,119,399.0,543,Yes,Thursday,No,No,Returning,Delivery,1787.7
183,2025-05-12,2025-05-12,23:53,Cold Coffee,Beverage,1,149,149,Cash,Cloudy,32,82,45,37,149.0,598,No,Monday,No,No,New,Dine-In,565.9
184,2025-08-25,2025-08-25,16:26,Chocolate Shake,Beverage,1,179,179,Credit Card,Cloudy,28,174,37,137,179.0,442,Yes,Monday,No,No,Returning,Takeaway,609.9
185,2025-08-09,2025-08-09,01:36,Chocolate Shake,Beverage,5,179,895,UPI,Sunny,19,156,39,117,179.0,637,Yes,Saturday,Yes,No,New,Takeaway,1372.5
186,2025-10-05,2025-10-05,19:03,Margherita Pizza,Pizza,3,299,897,UPI,Cloudy,33,109,27,82,299.0,392,Yes,Sunday,Yes,No,New,Takeaway,1379.7
187,2025-03-23,2025-03-23,23:32,Chocolate Shake,Beverage,4,179,716,Debit Card,Cloudy,24,138,23,115,179.0,755,Yes,Sunday,Yes,No,New,Delivery,1118.6
188,2025-02-10,2025-02-10,16:15,Margherita Pizza,Pizza,3,299,897,UPI,Windy,32,144,54,90,299.0,826,Yes,Monday,No,No,Returning,Takeaway,1476.7
189,2025-12-31,2025-12-31,20:52,French Fries,Snacks,1,129,129,Debit Card,Cloudy,34,118,16,102,129.0,769,No,Wednesday,No,No,Returning,Dine-In,592.9
190,2025-11-13,2025-11-13,22:55,Cold Coffee,Beverage,5,149,745,UPI,Cloudy,21,174,18,156,149.0,660,No,Thursday,No,No,Returning,Takeaway,1006.5
191,2025-04-10,2025-04-10,06:41,Cheese Burger,Burger,5,199,995,Credit Card,Windy,21,96,36,60,199.0,803,Yes,Thursday,No,No,Returning,Dine-In,1317.5
192,2025-04-28,2025-04-28,00:14,Paneer Tikka,Starter,4,299,1196,Debit Card,Cloudy,18,149,24,125,299.0,321,Yes,Monday,No,No,New,Dine-In,1509.6
193,2025-10-12,2025-10-12,12:39,Veg Biryani,Main Course,5,249,1245,Debit Card,Sunny,31,117,24,93,249.0,527,Yes,Sunday,Yes,Yes,New,Takeaway,1798.5
194,2025-05-03,2025-05-03,00:42,Paneer Tikka,Starter,2,299,598,Credit Card,Cloudy,24,104,19,85,299.0,318,Yes,Saturday,Yes,No,New,Delivery,1089.8
195,2025-03-09,2025-03-09,03:35,Spring Rolls,Starter,2,229,458,Cash,Cloudy,34,129,52,77,229.0,795,No,Sunday,Yes,No,New,Dine-In,796.8
196,2025-10-10,2025-10-10,15:53,Masala Dosa,South Indian,4,199,796,Cash,Rainy,24,94,20,74,199.0,341,Yes,Friday,No,No,New,Dine-In,1127.6
197,2025-01-20,2025-01-20,06:11,Cold Coffee,Beverage,4,149,596,Cash,Windy,34,125,40,85,149.0,686,Yes,Monday,No,No,Returning,Dine-In,1035.6
198,2025-10-08,2025-10-08,18:22,Chole Bhature,Main Course,2,199,398,UPI,Cloudy,24,120,27,93,199.0,637,No,Wednesday,No,No,Returning,Takeaway,722.8
199,2025-08-29,2025-08-29,00:34,Cold Coffee,Beverage,5,149,745,UPI,Cloudy,32,118,37,81,149.0,674,Yes,Friday,No,Yes,Returning,Dine-In,1270.5
200,2025-02-21,2025-02-21,12:10,Cold Coffee,Beverage,1,149,149,Debit Card,Sunny,30,145,41,104,149.0,460,Yes,Friday,No,No,Returning,Dine-In,476.9
201,2025-12-23,2025-12-23,18:14,French Fries,Snacks,4,129,516,Cash,Cloudy,25,140,48,92,129.0,729,No,Tuesday,No,No,Returning,Dine-In,1044.6
202,2025-11-04,2025-11-04,17:43,Margherita Pizza,Pizza,3,299,897,Credit Card,Rainy,29,144,29,115,299.0,658,No,Tuesday,No,No,Returning,Delivery,1369.7
203,2025-04-29,2025-04-29,20:01,Veg Burger,Burger,3,149,447,Cash,Rainy,34,139,59,80,149.0,632,Yes,Tuesday,No,No,Returning,Delivery,600.7
204,2025-03-07,2025-03-07,11:04,Cold Coffee,Beverage,2,149,298,Debit Card,Cloudy,26,118,57,61,149.0,784,Yes,Friday,No,No,Returning,Delivery,749.8
205,2025-01-22,2025-01-22,20:01,Margherita Pizza,Pizza,1,299,299,Debit Card,Rainy,29,176,54,122,299.0,480,Yes,Wednesday,No,No,New,Takeaway,539.9
206,2025-01-25,2025-01-25,00:29,Chole Bhature,Main Course,5,199,995,Debit Card,Cloudy,23,96,23,73,199.0,836,No,Saturday,Yes,No,New,Delivery,1540.5
207,2025-02-28,2025-02-28,10:11,Chole Bhature,Main Course,5,199,995,Credit Card,Rainy,18,109,20,89,199.0,644,Yes,Friday,No,No,Returning,Takeaway,1220.5
208,2025-10-15,2025-10-15,21:17,French Fries,Snacks,5,129,645,UPI,Sunny,32,131,48,83,129.0,609,No,Wednesday,No,No,Returning,Dine-In,897.5
209,2025-03-27,2025-03-27,04:17,Paneer Tikka,Starter,1,299,299,UPI,Cloudy,18,100,22,78,299.0,528,No,Thursday,No,No,Returning,Delivery,782.9
210,2025-09-30,2025-09-30,00:14,White Sauce Pasta,Pasta,3,249,747,Credit Card,Sunny,33,134,19,115,249.0,841,No,Tuesday,No,No,Returning,Delivery,954.7
211,2025-11-04,2025-11-04,17:36,White Sauce Pasta,Pasta,3,249,747,UPI,Sunny,20,160,43,117,249.0,591,Yes,Tuesday,No,No,New,Takeaway,992.7
212,2025-08-31,2025-08-31,22:35,Veg Burger,Burger,1,149,149,Cash,Rainy,22,161,25,136,149.0,400,No,Sunday,Yes,No,Returning,Dine-In,588.9
213,2025-07-23,2025-07-23,08:14,Paneer Tikka,Starter,5,299,1495,Credit Card,Rainy,27,151,56,95,299.0,652,No,Wednesday,No,No,New,Dine-In,2065.5
214,2025-08-03,2025-08-03,07:01,Masala Dosa,South Indian,5,199,995,Cash,Sunny,33,154,46,108,199.0,875,No,Sunday,Yes,No,Returning,Dine-In,1373.5
215,2025-08-01,2025-08-01,08:55,Veg Burger,Burger,5,149,745,Debit Card,Rainy,29,92,40,52,149.0,852,No,Friday,No,No,New,Delivery,998.5
216,2025-08-26,2025-08-26,14:13,Margherita Pizza,Pizza,5,299,1495,UPI,Rainy,19,131,57,74,299.0,897,Yes,Tuesday,No,No,New,Dine-In,2002.5
217,2025-04-12,2025-04-12,07:45,White Sauce Pasta,Pasta,5,249,1245,Debit Card,Cloudy,31,125,14,111,249.0,394,No,Saturday,Yes,No,Returning,Takeaway,1491.5
218,2025-08-07,2025-08-07,19:15,Margherita Pizza,Pizza,3,299,897,Cash,Windy,20,146,52,94,299.0,335,Yes,Thursday,No,No,New,Delivery,1118.7
219,2025-05-14,2025-05-14,07:00,Margherita Pizza,Pizza,5,299,1495,Debit Card,Sunny,30,130,52,78,299.0,860,No,Wednesday,No,No,Returning,Takeaway,1936.5
220,2025-08-25,2025-08-25,10:48,Veg Burger,Burger,5,149,745,Credit Card,Sunny,32,132,12,120,149.0,464,No,Monday,No,No,New,Delivery,1180.5
221,2025-04-09,2025-04-09,05:54,French Fries,Snacks,5,129,645,Debit Card,Rainy,31,143,24,119,129.0,832,Yes,Wednesday,No,No,Returning,Takeaway,896.5
222,2025-02-11,2025-02-11,00:44,White Sauce Pasta,Pasta,2,249,498,UPI,Windy,32,144,22,122,249.0,788,Yes,Tuesday,No,No,Returning,Delivery,1039.8
223,2025-02-10,2025-02-10,19:34,Farmhouse Pizza,Pizza,1,399,399,UPI,Rainy,20,156,40,116,399.0,747,No,Monday,No,No,Returning,Delivery,732.9
224,2025-01-30,2025-01-30,05:50,Cold Coffee,Beverage,4,149,596,Credit Card,Windy,30,165,48,117,149.0,604,No,Thursday,No,No,New,Delivery,1035.6
225,2025-01-30,2025-01-30,11:14,Paneer Tikka,Starter,1,299,299,Debit Card,Cloudy,19,164,35,129,299.0,718,Yes,Thursday,No,No,Returning,Takeaway,733.9
226,2025-02-19,2025-02-19,08:14,Veg Biryani,Main Course,3,249,747,Cash,Sunny,23,99,34,65,249.0,545,Yes,Wednesday,No,No,Returning,Takeaway,1063.7
227,2025-06-20,2025-06-20,21:58,Veg Biryani,Main Course,3,249,747,Debit Card,Windy,29,124,41,83,249.0,632,No,Friday,No,No,New,Dine-In,1320.7
228,2025-09-16,2025-09-16,10:33,Cold Coffee,Beverage,1,149,149,UPI,Cloudy,33,122,18,104,149.0,782,Yes,Tuesday,No,No,Returning,Delivery,660.9
229,2025-05-21,2025-05-21,22:04,Masala Dosa,South Indian,3,199,597,UPI,Windy,31,88,33,55,199.0,585,No,Wednesday,No,No,New,Delivery,911.7
230,2025-07-21,2025-07-21,23:56,Veg Biryani,Main Course,4,249,996,Credit Card,Sunny,29,142,38,104,249.0,662,Yes,Monday,No,No,New,Dine-In,1563.6
231,2025-08-14,2025-08-14,20:48,Veg Sandwich,Snacks,1,179,179,Cash,Windy,33,138,52,86,179.0,708,Yes,Thursday,No,No,New,Dine-In,328.9
232,2025-09-27,2025-09-27,21:11,Farmhouse Pizza,Pizza,2,399,798,Debit Card,Windy,27,146,42,104,399.0,333,No,Saturday,Yes,No,Returning,Takeaway,1041.8
233,2025-03-20,2025-03-20,01:33,Cheese Burger,Burger,2,199,398,Debit Card,Sunny,22,118,40,78,199.0,758,No,Thursday,No,No,New,Delivery,623.8
234,2025-03-28,2025-03-28,03:18,Margherita Pizza,Pizza,4,299,1196,Cash,Rainy,19,179,36,143,299.0,416,Yes,Friday,No,No,Returning,Delivery,1557.6
235,2025-01-05,2025-01-05,20:26,Veg Burger,Burger,5,149,745,Cash,Cloudy,28,144,26,118,149.0,380,Yes,Sunday,Yes,No,New,Dine-In,1135.5
236,2025-11-24,2025-11-24,18:53,White Sauce Pasta,Pasta,3,249,747,UPI,Windy,30,163,29,134,249.0,329,Yes,Monday,No,No,New,Dine-In,1014.7
237,2025-04-29,2025-04-29,14:28,Paneer Tikka,Starter,1,299,299,Debit Card,Sunny,33,147,30,117,299.0,346,Yes,Tuesday,No,No,Returning,Delivery,471.9
238,2025-11-25,2025-11-25,19:47,Chole Bhature,Main Course,4,199,796,Debit Card,Rainy,23,111,13,98,199.0,435,Yes,Tuesday,No,No,Returning,Takeaway,1210.6
239,2025-07-25,2025-07-25,04:22,Cheese Burger,Burger,5,199,995,Debit Card,Rainy,21,152,20,132,199.0,862,Yes,Friday,No,No,New,Takeaway,1271.5
240,2025-05-04,2025-05-04,02:42,Farmhouse Pizza,Pizza,4,399,1596,Debit Card,Sunny,25,99,48,51,399.0,777,Yes,Sunday,Yes,No,Returning,Delivery,1997.6
241,2025-04-12,2025-04-12,18:25,Cheese Burger,Burger,5,199,995,Credit Card,Windy,27,161,17,144,199.0,788,Yes,Saturday,Yes,No,New,Delivery,1196.5
242,2025-02-07,2025-02-07,01:32,Veg Burger,Burger,3,149,447,UPI,Rainy,29,91,44,47,149.0,664,No,Friday,No,No,New,Takeaway,831.7
243,2025-10-24,2025-10-24,03:53,Soft Drink,Beverage,5,79,395,Debit Card,Sunny,34,115,51,64,79.0,524,No,Friday,No,No,New,Delivery,762.5
244,2025-10-19,2025-10-19,00:59,Soft Drink,Beverage,3,79,237,Credit Card,Windy,23,106,51,55,79.0,672,No,Sunday,Yes,No,New,Delivery,691.7
245,2025-12-20,2025-12-20,09:59,Cheese Burger,Burger,4,199,796,UPI,Sunny,26,161,56,105,199.0,860,No,Saturday,Yes,No,Returning,Delivery,1270.6
246,2025-07-17,2025-07-17,19:24,Spring Rolls,Starter,1,229,229,Cash,Sunny,34,152,60,92,229.0,789,Yes,Thursday,No,No,Returning,Delivery,660.9
247,2025-09-27,2025-09-27,01:59,Margherita Pizza,Pizza,3,299,897,Credit Card,Windy,22,145,53,92,299.0,534,No,Saturday,Yes,No,Returning,Dine-In,1159.7
248,2025-11-11,2025-11-11,11:39,Farmhouse Pizza,Pizza,5,399,1995,Cash,Sunny,19,176,49,127,399.0,654,No,Tuesday,No,No,Returning,Takeaway,2374.5
249,2025-01-04,2025-01-04,11:32,Spring Rolls,Starter,2,229,458,Credit Card,Rainy,22,149,55,94,229.0,823,Yes,Saturday,Yes,No,New,Dine-In,928.8
250,2025-07-09,2025-07-09,14:40,Masala Dosa,South Indian,3,199,597,Cash,Rainy,25,96,17,79,199.0,653,Yes,Wednesday,No,No,New,Dine-In,926.7
251,2025-05-15,2025-05-15,10:02,Chocolate Shake,Beverage,3,179,537,Credit Card,Windy,28,97,28,69,179.0,792,No,Thursday,No,No,Returning,Delivery,882.7
252,2025-10-12,2025-10-12,02:36,Cheese Burger,Burger,5,199,995,Cash,Cloudy,32,165,11,154,199.0,677,Yes,Sunday,Yes,Yes,Returning,Dine-In,1405.5
253,2025-03-28,2025-03-28,20:47,Chocolate Shake,Beverage,2,179,358,Credit Card,Cloudy,28,121,40,81,179.0,731,Yes,Friday,No,No,New,Dine-In,632.8
254,2025-04-22,2025-04-22,05:45,Masala Dosa,South Indian,5,199,995,UPI,Sunny,33,130,41,89,199.0,658,No,Tuesday,No,No,Returning,Takeaway,1259.5
255,2025-09-16,2025-09-16,19:42,Cheese Burger,Burger,4,199,796,Credit Card,Windy,25,137,55,82,199.0,664,No,Tuesday,No,No,Returning,Dine-In,1001.6
256,2025-08-01,2025-08-01,07:55,Paneer Tikka,Starter,4,299,1196,UPI,Windy,34,147,23,124,299.0,530,Yes,Friday,No,No,New,Delivery,1555.6
257,2025-01-27,2025-01-27,18:25,Chocolate Shake,Beverage,1,179,179,Credit Card,Windy,29,135,38,97,179.0,848,No,Monday,No,No,New,Takeaway,539.9
258,2025-07-22,2025-07-22,08:38,Farmhouse Pizza,Pizza,1,399,399,Debit Card,Windy,32,174,38,136,399.0,593,No,Tuesday,No,No,Returning,Takeaway,769.9
259,2025-01-02,2025-01-02,19:04,Cold Coffee,Beverage,4,149,596,Cash,Cloudy,23,163,52,111,149.0,411,Yes,Thursday,No,No,New,Takeaway,796.6
260,2025-01-04,2025-01-04,23:37,Chole Bhature,Main Course,3,199,597,UPI,Cloudy,33,108,54,54,199.0,891,No,Saturday,Yes,No,New,Takeaway,871.7
261,2025-10-20,2025-10-20,01:13,White Sauce Pasta,Pasta,1,249,249,UPI,Windy,27,125,43,82,249.0,820,No,Monday,No,No,Returning,Dine-In,549.9
262,2025-05-16,2025-05-16,17:24,Veg Biryani,Main Course,3,249,747,Debit Card,Rainy,24,138,40,98,249.0,817,Yes,Friday,No,No,New,Dine-In,968.7
263,2025-10-20,2025-10-20,02:57,Veg Sandwich,Snacks,1,179,179,Cash,Windy,31,158,39,119,179.0,335,No,Monday,No,Yes,Returning,Dine-In,468.9
264,2025-11-23,2025-11-23,03:07,Margherita Pizza,Pizza,4,299,1196,UPI,Sunny,24,175,57,118,299.0,437,Yes,Sunday,Yes,Yes,Returning,Delivery,1746.6
265,2025-09-06,2025-09-06,10:34,French Fries,Snacks,5,129,645,Cash,Windy,20,154,25,129,129.0,583,No,Saturday,Yes,No,Returning,Delivery,923.5
266,2025-03-15,2025-03-15,00:09,Veg Sandwich,Snacks,3,179,537,Credit Card,Rainy,30,113,33,80,179.0,739,No,Saturday,Yes,No,New,Dine-In,971.7
267,2025-04-20,2025-04-20,07:14,Farmhouse Pizza,Pizza,4,399,1596,Credit Card,Cloudy,35,122,39,83,399.0,475,No,Sunday,Yes,No,New,Takeaway,2155.6
268,2025-04-23,2025-04-23,14:01,Veg Biryani,Main Course,1,249,249,Credit Card,Rainy,28,178,12,166,249.0,619,No,Wednesday,No,Yes,New,Takeaway,714.9
269,2025-02-19,2025-02-19,05:34,Cold Coffee,Beverage,5,149,745,Cash,Sunny,34,136,11,125,149.0,454,No,Wednesday,No,No,New,Delivery,1065.5
270,2025-01-19,2025-01-19,01:49,Soft Drink,Beverage,5,79,395,Cash,Cloudy,24,165,50,115,79.0,795,Yes,Sunday,Yes,No,Returning,Takeaway,925.5
271,2025-05-08,2025-05-08,10:39,Margherita Pizza,Pizza,5,299,1495,Cash,Cloudy,26,101,50,51,299.0,878,No,Thursday,No,No,Returning,Takeaway,1929.5
272,2025-03-07,2025-03-07,20:34,Spring Rolls,Starter,1,229,229,Debit Card,Sunny,31,160,34,126,229.0,695,No,Friday,No,No,New,Dine-In,572.9
273,2025-02-28,2025-02-28,06:54,Cold Coffee,Beverage,5,149,745,Debit Card,Rainy,25,134,53,81,149.0,675,No,Friday,No,No,New,Dine-In,943.5
274,2025-05-13,2025-05-13,10:10,Chole Bhature,Main Course,5,199,995,Cash,Windy,28,114,53,61,199.0,740,Yes,Tuesday,No,Yes,New,Delivery,1544.5
275,2025-12-28,2025-12-28,16:21,Soft Drink,Beverage,1,79,79,Credit Card,Rainy,33,110,22,88,79.0,756,No,Sunday,Yes,Yes,New,Takeaway,513.9
276,2025-12-05,2025-12-05,18:46,Chocolate Shake,Beverage,5,179,895,Debit Card,Cloudy,26,169,55,114,179.0,424,Yes,Friday,No,No,New,Takeaway,1389.5
277,2025-11-08,2025-11-08,21:17,Margherita Pizza,Pizza,5,299,1495,Cash,Rainy,18,85,32,53,299.0,341,No,Saturday,Yes,No,New,Dine-In,2043.5
278,2025-02-24,2025-02-24,01:51,Veg Burger,Burger,2,149,298,UPI,Sunny,26,118,53,65,149.0,534,Yes,Monday,No,No,Returning,Dine-In,473.8
279,2025-08-30,2025-08-30,00:28,Margherita Pizza,Pizza,5,299,1495,Debit Card,Sunny,30,149,16,133,299.0,889,No,Saturday,Yes,No,New,Dine-In,2119.5
280,2025-08-22,2025-08-22,08:45,Farmhouse Pizza,Pizza,5,399,1995,Debit Card,Cloudy,35,99,30,69,399.0,376,No,Friday,No,No,New,Delivery,2513.5
281,2025-01-19,2025-01-19,15:14,Veg Sandwich,Snacks,4,179,716,Debit Card,Sunny,31,165,20,145,179.0,605,No,Sunday,Yes,No,New,Delivery,1066.6
282,2025-05-16,2025-05-16,18:19,Chocolate Shake,Beverage,1,179,179,UPI,Sunny,29,115,44,71,179.0,313,No,Friday,No,Yes,Returning,Delivery,522.9
283,2025-09-08,2025-09-08,03:13,Veg Biryani,Main Course,4,249,996,Credit Card,Cloudy,26,145,10,135,249.0,589,Yes,Monday,No,No,New,Delivery,1353.6
284,2025-08-02,2025-08-02,02:56,Margherita Pizza,Pizza,1,299,299,Credit Card,Cloudy,33,90,47,43,299.0,457,No,Saturday,Yes,No,New,Dine-In,472.9
285,2025-08-17,2025-08-17,13:31,Chocolate Shake,Beverage,2,179,358,Credit Card,Windy,26,162,42,120,179.0,852,Yes,Sunday,Yes,No,Returning,Takeaway,511.8
286,2025-03-11,2025-03-11,07:46,Farmhouse Pizza,Pizza,5,399,1995,Credit Card,Windy,22,145,12,133,399.0,616,No,Tuesday,No,No,Returning,Takeaway,2496.5
287,2025-02-19,2025-02-19,18:11,Veg Sandwich,Snacks,4,179,716,Credit Card,Sunny,28,114,48,66,179.0,494,No,Wednesday,No,No,New,Dine-In,1047.6
288,2025-05-19,2025-05-19,00:54,Masala Dosa,South Indian,3,199,597,UPI,Cloudy,34,128,17,111,199.0,321,No,Monday,No,No,New,Delivery,762.7
289,2025-09-07,2025-09-07,13:51,French Fries,Snacks,2,129,258,Credit Card,Rainy,19,176,30,146,129.0,823,Yes,Sunday,Yes,No,New,Takeaway,748.8
290,2025-10-05,2025-10-05,02:42,Soft Drink,Beverage,2,79,158,Cash,Rainy,25,146,24,122,79.0,657,No,Sunday,Yes,No,Returning,Dine-In,440.8
291,2025-05-15,2025-05-15,06:04,Farmhouse Pizza,Pizza,1,399,399,Credit Card,Sunny,19,154,33,121,399.0,367,Yes,Thursday,No,No,Returning,Takeaway,761.9
292,2025-02-05,2025-02-05,22:28,Chocolate Shake,Beverage,1,179,179,Credit Card,Sunny,21,165,10,155,179.0,584,No,Wednesday,No,No,Returning,Dine-In,385.9
293,2025-06-20,2025-06-20,22:28,Veg Biryani,Main Course,3,249,747,UPI,Windy,34,90,18,72,249.0,676,Yes,Friday,No,No,New,Takeaway,995.7
294,2025-12-03,2025-12-03,13:47,Chocolate Shake,Beverage,4,179,716,UPI,Rainy,23,132,53,79,179.0,636,No,Wednesday,No,No,Returning,Takeaway,991.6
295,2025-05-04,2025-05-04,20:38,Chole Bhature,Main Course,5,199,995,Cash,Cloudy,21,134,58,76,199.0,632,No,Sunday,Yes,No,New,Dine-In,1587.5
296,2025-06-18,2025-06-18,15:43,White Sauce Pasta,Pasta,2,249,498,Debit Card,Cloudy,33,98,45,53,249.0,561,Yes,Wednesday,No,No,New,Takeaway,947.8
297,2025-11-29,2025-11-29,19:11,Masala Dosa,South Indian,5,199,995,Credit Card,Windy,31,83,33,50,199.0,306,No,Saturday,Yes,No,Returning,Dine-In,1305.5
298,2025-07-04,2025-07-04,20:09,French Fries,Snacks,3,129,387,Cash,Windy,24,100,55,45,129.0,326,No,Friday,No,No,Returning,Dine-In,760.7
299,2025-12-05,2025-12-05,02:30,Veg Sandwich,Snacks,5,179,895,UPI,Rainy,30,122,39,83,179.0,828,No,Friday,No,No,Returning,Dine-In,1301.5
300,2025-05-29,2025-05-29,10:21,Chole Bhature,Main Course,1,199,199,UPI,Rainy,31,120,56,64,199.0,796,No,Thursday,No,No,New,Takeaway,409.9
301,2025-02-15,2025-02-15,22:28,Soft Drink,Beverage,3,79,237,Credit Card,Rainy,24,158,16,142,79.0,490,No,Saturday,Yes,No,Returning,Delivery,502.7
302,2025-05-13,2025-05-13,01:53,Spring Rolls,Starter,2,229,458,Cash,Rainy,28,115,32,83,229.0,771,No,Tuesday,No,Yes,Returning,Takeaway,645.8
303,2025-03-14,2025-03-14,02:04,Farmhouse Pizza,Pizza,5,399,1995,Debit Card,Cloudy,22,149,20,129,399.0,732,Yes,Friday,No,No,New,Dine-In,2658.5
304,2025-12-28,2025-12-28,11:19,Chocolate Shake,Beverage,5,179,895,Cash,Sunny,29,163,57,106,179.0,891,Yes,Sunday,Yes,No,Returning,Delivery,1371.5
305,2025-03-01,2025-03-01,02:09,Cheese Burger,Burger,1,199,199,Debit Card,Windy,26,169,39,130,199.0,691,No,Saturday,Yes,No,New,Takeaway,648.9
306,2025-04-11,2025-04-11,01:42,Spring Rolls,Starter,5,229,1145,Cash,Windy,18,150,14,136,229.0,531,Yes,Friday,No,No,New,Delivery,1657.5
307,2025-07-24,2025-07-24,17:29,Veg Burger,Burger,4,149,596,Debit Card,Rainy,25,115,23,92,149.0,370,No,Thursday,No,No,New,Takeaway,1016.6
308,2025-02-01,2025-02-01,09:02,Spring Rolls,Starter,5,229,1145,Credit Card,Rainy,26,156,15,141,229.0,486,No,Saturday,Yes,No,Returning,Takeaway,1473.5
309,2025-02-04,2025-02-04,14:15,Margherita Pizza,Pizza,5,299,1495,Credit Card,Cloudy,22,163,36,127,299.0,483,No,Tuesday,No,No,New,Dine-In,2049.5
310,2025-07-30,2025-07-30,00:57,Soft Drink,Beverage,2,79,158,Credit Card,Rainy,34,176,43,133,79.0,550,No,Wednesday,No,No,Returning,Dine-In,455.8
311,2025-05-25,2025-05-25,11:21,Veg Sandwich,Snacks,1,179,179,UPI,Rainy,30,83,11,72,179.0,483,Yes,Sunday,Yes,Yes,New,Takeaway,535.9
312,2025-08-12,2025-08-12,11:06,Spring Rolls,Starter,4,229,916,Credit Card,Windy,18,162,46,116,229.0,347,Yes,Tuesday,No,No,New,Dine-In,1351.6
313,2025-01-15,2025-01-15,10:12,Chole Bhature,Main Course,2,199,398,Cash,Cloudy,21,89,49,40,199.0,832,Yes,Wednesday,No,No,Returning,Dine-In,728.8
314,2025-05-06,2025-05-06,12:03,Paneer Tikka,Starter,1,299,299,UPI,Sunny,20,175,54,121,299.0,694,No,Tuesday,No,No,Returning,Dine-In,684.9
315,2025-04-14,2025-04-14,18:19,Spring Rolls,Starter,5,229,1145,Credit Card,Rainy,34,162,56,106,229.0,536,No,Monday,No,No,New,Takeaway,1411.5
316,2025-07-30,2025-07-30,11:36,White Sauce Pasta,Pasta,1,249,249,Cash,Windy,24,169,29,140,249.0,465,No,Wednesday,No,No,New,Dine-In,678.9
317,2025-08-23,2025-08-23,21:46,Masala Dosa,South Indian,3,199,597,UPI,Sunny,30,129,36,93,199.0,543,Yes,Saturday,Yes,No,New,Dine-In,1146.7
318,2025-02-21,2025-02-21,02:04,Masala Dosa,South Indian,4,199,796,Cash,Sunny,28,91,11,80,199.0,897,No,Friday,No,No,Returning,Delivery,1219.6
319,2025-12-29,2025-12-29,04:30,Paneer Tikka,Starter,4,299,1196,UPI,Cloudy,22,147,55,92,299.0,396,Yes,Monday,No,Yes,Returning,Dine-In,1542.6
320,2025-05-13,2025-05-13,17:08,Spring Rolls,Starter,3,229,687,Debit Card,Cloudy,28,169,38,131,229.0,410,Yes,Tuesday,No,No,Returning,Takeaway,1010.7
321,2025-09-03,2025-09-03,08:06,French Fries,Snacks,2,129,258,Debit Card,Sunny,30,141,45,96,129.0,425,Yes,Wednesday,No,No,New,Takeaway,419.8
322,2025-06-05,2025-06-05,23:35,Soft Drink,Beverage,3,79,237,Credit Card,Sunny,21,173,54,119,79.0,719,No,Thursday,No,No,New,Delivery,483.7
323,2025-06-11,2025-06-11,11:10,French Fries,Snacks,1,129,129,Debit Card,Rainy,23,176,24,152,129.0,383,Yes,Wednesday,No,No,New,Dine-In,502.9
324,2025-05-26,2025-05-26,23:40,Veg Biryani,Main Course,3,249,747,Credit Card,Rainy,29,105,50,55,249.0,689,No,Monday,No,No,Returning,Delivery,1091.7
325,2025-03-30,2025-03-30,02:37,Soft Drink,Beverage,3,79,237,Credit Card,Windy,27,88,47,41,79.0,478,Yes,Sunday,Yes,No,New,Delivery,397.7
326,2025-03-22,2025-03-22,01:58,Veg Burger,Burger,1,149,149,Cash,Windy,26,98,42,56,149.0,312,No,Saturday,Yes,No,Returning,Delivery,541.9
327,2025-12-30,2025-12-30,01:31,Margherita Pizza,Pizza,3,299,897,Cash,Rainy,29,125,59,66,299.0,463,No,Tuesday,No,No,Returning,Delivery,1456.7
328,2025-08-24,2025-08-24,12:54,Soft Drink,Beverage,5,79,395,Debit Card,Sunny,19,129,19,110,79.0,456,No,Sunday,Yes,Yes,Returning,Dine-In,820.5
329,2025-06-19,2025-06-19,10:46,Veg Biryani,Main Course,1,249,249,UPI,Sunny,27,163,46,117,249.0,805,Yes,Thursday,No,No,New,Takeaway,509.9
330,2025-11-12,2025-11-12,02:55,White Sauce Pasta,Pasta,1,249,249,Cash,Rainy,33,100,47,53,249.0,873,No,Wednesday,No,No,Returning,Dine-In,714.9
331,2025-09-11,2025-09-11,05:28,Soft Drink,Beverage,2,79,158,UPI,Windy,20,108,39,69,79.0,581,No,Thursday,No,No,Returning,Takeaway,484.8
332,2025-06-18,2025-06-18,14:04,Margherita Pizza,Pizza,2,299,598,Debit Card,Sunny,18,132,55,77,299.0,542,Yes,Wednesday,No,No,New,Takeaway,855.8
333,2025-05-25,2025-05-25,05:14,French Fries,Snacks,3,129,387,Debit Card,Windy,27,91,29,62,129.0,504,No,Sunday,Yes,Yes,Returning,Dine-In,826.7
334,2025-12-21,2025-12-21,22:55,Veg Burger,Burger,3,149,447,Debit Card,Windy,25,128,34,94,149.0,676,Yes,Sunday,Yes,No,Returning,Takeaway,724.7
335,2025-04-08,2025-04-08,05:04,Farmhouse Pizza,Pizza,2,399,798,Cash,Windy,32,105,36,69,399.0,704,No,Tuesday,No,No,New,Delivery,1014.8
336,2025-02-21,2025-02-21,04:06,Spring Rolls,Starter,3,229,687,Credit Card,Windy,33,132,17,115,229.0,682,Yes,Friday,No,No,Returning,Delivery,891.7
337,2025-09-23,2025-09-23,06:24,Farmhouse Pizza,Pizza,4,399,1596,Cash,Windy,34,81,12,69,399.0,682,No,Tuesday,No,No,Returning,Takeaway,2069.6
338,2025-04-15,2025-04-15,04:21,Paneer Tikka,Starter,4,299,1196,Debit Card,Sunny,22,128,33,95,299.0,318,Yes,Tuesday,No,No,Returning,Dine-In,1746.6
339,2025-02-11,2025-02-11,15:06,Veg Biryani,Main Course,5,249,1245,Cash,Rainy,25,129,11,118,249.0,430,Yes,Tuesday,No,No,Returning,Dine-In,1857.5
340,2025-08-17,2025-08-17,04:03,Farmhouse Pizza,Pizza,4,399,1596,Credit Card,Windy,34,125,35,90,399.0,488,Yes,Sunday,Yes,No,Returning,Dine-In,2028.6
341,2025-04-17,2025-04-17,16:23,Veg Biryani,Main Course,1,249,249,Debit Card,Sunny,18,122,11,111,249.0,634,No,Thursday,No,No,Returning,Takeaway,465.9
342,2025-01-16,2025-01-16,15:08,Masala Dosa,South Indian,5,199,995,UPI,Rainy,26,82,37,45,199.0,300,Yes,Thursday,No,Yes,Returning,Takeaway,1360.5
343,2025-08-17,2025-08-17,13:11,Cold Coffee,Beverage,2,149,298,UPI,Sunny,18,106,43,63,149.0,367,Yes,Sunday,Yes,No,Returning,Delivery,762.8
344,2025-04-30,2025-04-30,14:40,Veg Biryani,Main Course,4,249,996,Credit Card,Windy,20,132,28,104,249.0,793,No,Wednesday,No,Yes,Returning,Takeaway,1195.6
345,2025-06-10,2025-06-10,20:09,Veg Burger,Burger,4,149,596,Cash,Cloudy,33,104,15,89,149.0,684,Yes,Tuesday,No,No,Returning,Dine-In,902.6
346,2025-04-05,2025-04-05,18:18,Cold Coffee,Beverage,5,149,745,UPI,Rainy,19,114,29,85,149.0,826,Yes,Saturday,Yes,No,Returning,Takeaway,1202.5
347,2025-01-20,2025-01-20,16:19,Cold Coffee,Beverage,5,149,745,Credit Card,Sunny,19,97,54,43,149.0,337,Yes,Monday,No,Yes,Returning,Takeaway,1254.5
348,2025-04-14,2025-04-14,16:19,Cold Coffee,Beverage,4,149,596,Cash,Windy,34,87,32,55,149.0,612,Yes,Monday,No,No,New,Dine-In,963.6
349,2025-02-10,2025-02-10,11:11,Veg Sandwich,Snacks,1,179,179,Debit Card,Windy,18,126,58,68,179.0,797,No,Monday,No,Yes,Returning,Dine-In,690.9
350,2025-03-27,2025-03-27,11:35,Margherita Pizza,Pizza,1,299,299,Cash,Cloudy,25,122,11,111,299.0,865,Yes,Thursday,No,No,Returning,Takeaway,755.9
351,2025-05-17,2025-05-17,21:41,Veg Burger,Burger,1,149,149,UPI,Cloudy,32,128,15,113,149.0,724,Yes,Saturday,Yes,No,New,Dine-In,385.9
352,2025-02-01,2025-02-01,06:09,Cold Coffee,Beverage,4,149,596,UPI,Sunny,22,95,25,70,149.0,822,No,Saturday,Yes,No,Returning,Dine-In,1058.6
353,2025-09-11,2025-09-11,19:26,Veg Biryani,Main Course,2,249,498,Debit Card,Sunny,34,126,21,105,249.0,496,Yes,Thursday,No,No,New,Dine-In,727.8
354,2025-09-11,2025-09-11,04:04,Chocolate Shake,Beverage,3,179,537,Credit Card,Sunny,34,153,12,141,179.0,680,No,Thursday,No,No,New,Dine-In,963.7
355,2025-10-20,2025-10-20,14:42,Cold Coffee,Beverage,5,149,745,UPI,Rainy,19,87,13,74,149.0,333,No,Monday,No,No,New,Dine-In,1086.5
356,2025-07-11,2025-07-11,23:11,Farmhouse Pizza,Pizza,2,399,798,Cash,Rainy,28,109,60,49,399.0,683,Yes,Friday,No,No,Returning,Delivery,1119.8
357,2025-12-10,2025-12-10,15:37,Margherita Pizza,Pizza,3,299,897,Debit Card,Rainy,33,124,40,84,299.0,767,Yes,Wednesday,No,No,Returning,Delivery,1375.7
358,2025-09-29,2025-09-29,07:43,Farmhouse Pizza,Pizza,1,399,399,UPI,Windy,18,178,58,120,399.0,404,No,Monday,No,No,New,Takeaway,718.9
359,2025-11-18,2025-11-18,06:21,Chocolate Shake,Beverage,4,179,716,Cash,Sunny,32,96,24,72,179.0,587,Yes,Tuesday,No,No,New,Delivery,1226.6
360,2025-11-02,2025-11-02,13:44,Masala Dosa,South Indian,3,199,597,Cash,Sunny,31,168,15,153,199.0,589,No,Sunday,Yes,No,New,Takeaway,1073.7
361,2025-12-25,2025-12-25,14:12,Veg Burger,Burger,3,149,447,UPI,Cloudy,31,157,55,102,149.0,789,Yes,Thursday,No,Yes,New,Delivery,639.7
362,2025-10-07,2025-10-07,22:42,Chocolate Shake,Beverage,2,179,358,Debit Card,Windy,26,96,24,72,179.0,359,Yes,Tuesday,No,No,New,Delivery,687.8
363,2025-03-29,2025-03-29,08:59,Veg Burger,Burger,2,149,298,UPI,Windy,30,98,20,78,149.0,887,Yes,Saturday,Yes,No,Returning,Delivery,528.8
364,2025-02-25,2025-02-25,03:21,Soft Drink,Beverage,1,79,79,Credit Card,Sunny,28,135,54,81,79.0,362,Yes,Tuesday,No,No,Returning,Dine-In,509.9
365,2025-04-21,2025-04-21,11:54,Paneer Tikka,Starter,2,299,598,Debit Card,Windy,33,90,20,70,299.0,847,No,Monday,No,No,Returning,Takeaway,800.8
366,2025-10-15,2025-10-15,17:50,Chocolate Shake,Beverage,4,179,716,UPI,Windy,23,159,17,142,179.0,678,Yes,Wednesday,No,No,New,Takeaway,1083.6
367,2025-09-26,2025-09-26,08:19,Veg Burger,Burger,1,149,149,UPI,Windy,24,167,55,112,149.0,505,No,Friday,No,No,Returning,Delivery,641.9
368,2025-10-29,2025-10-29,10:14,Chole Bhature,Main Course,5,199,995,Cash,Sunny,31,175,44,131,199.0,847,Yes,Wednesday,No,No,New,Takeaway,1409.5
369,2025-01-21,2025-01-21,15:00,French Fries,Snacks,4,129,516,Debit Card,Cloudy,20,154,46,108,129.0,781,Yes,Tuesday,No,Yes,Returning,Delivery,975.6
370,2025-10-12,2025-10-12,07:30,White Sauce Pasta,Pasta,4,249,996,Cash,Rainy,31,110,15,95,249.0,609,No,Sunday,Yes,No,Returning,Delivery,1273.6
371,2025-08-29,2025-08-29,09:21,Soft Drink,Beverage,4,79,316,Debit Card,Windy,24,176,49,127,79.0,502,No,Friday,No,No,Returning,Delivery,758.6
372,2025-03-08,2025-03-08,17:05,Soft Drink,Beverage,3,79,237,Credit Card,Rainy,34,159,39,120,79.0,688,No,Saturday,Yes,No,Returning,Dine-In,468.7
373,2025-07-05,2025-07-05,17:39,Cheese Burger,Burger,4,199,796,Credit Card,Windy,32,140,26,114,199.0,716,No,Saturday,Yes,No,New,Delivery,1035.6
374,2025-09-22,2025-09-22,16:25,Soft Drink,Beverage,4,79,316,UPI,Rainy,32,155,36,119,79.0,503,Yes,Monday,No,No,Returning,Takeaway,519.6
375,2025-10-28,2025-10-28,08:43,Veg Burger,Burger,5,149,745,Credit Card,Rainy,26,85,33,52,149.0,569,No,Tuesday,No,No,New,Dine-In,1247.5
376,2025-09-26,2025-09-26,13:38,Farmhouse Pizza,Pizza,2,399,798,Credit Card,Windy,21,119,10,109,399.0,439,Yes,Friday,No,No,New,Delivery,1063.8
377,2025-01-05,2025-01-05,18:47,Margherita Pizza,Pizza,3,299,897,Credit Card,Cloudy,24,169,19,150,299.0,426,Yes,Sunday,Yes,No,Returning,Dine-In,1158.7
378,2025-06-20,2025-06-20,18:28,Veg Sandwich,Snacks,1,179,179,Debit Card,Windy,25,159,16,143,179.0,617,Yes,Friday,No,No,Returning,Delivery,471.9
379,2025-08-05,2025-08-05,05:39,French Fries,Snacks,1,129,129,Cash,Sunny,32,172,53,119,129.0,363,No,Tuesday,No,No,Returning,Takeaway,425.9
380,2025-10-02,2025-10-02,17:16,Veg Biryani,Main Course,3,249,747,Cash,Cloudy,32,105,48,57,249.0,477,Yes,Thursday,No,No,New,Takeaway,1269.7
381,2025-04-25,2025-04-25,10:47,Masala Dosa,South Indian,3,199,597,Credit Card,Cloudy,35,101,12,89,199.0,744,No,Friday,No,No,Returning,Delivery,1103.7
382,2025-05-20,2025-05-20,05:18,Veg Sandwich,Snacks,2,179,358,Debit Card,Rainy,21,118,47,71,179.0,509,No,Tuesday,No,No,New,Takeaway,857.8
383,2025-04-20,2025-04-20,08:15,Chole Bhature,Main Course,4,199,796,Credit Card,Rainy,25,171,33,138,199.0,338,Yes,Sunday,Yes,No,New,Takeaway,1016.6
384,2025-02-14,2025-02-14,19:28,Veg Burger,Burger,3,149,447,Debit Card,Sunny,27,98,28,70,149.0,422,No,Friday,No,No,New,Takeaway,673.7
385,2025-05-22,2025-05-22,11:06,White Sauce Pasta,Pasta,2,249,498,Debit Card,Rainy,19,83,13,70,249.0,384,Yes,Thursday,No,No,Returning,Delivery,894.8
386,2025-03-29,2025-03-29,18:06,White Sauce Pasta,Pasta,4,249,996,Cash,Cloudy,28,175,13,162,249.0,668,Yes,Saturday,Yes,No,Returning,Delivery,1494.6
387,2025-10-15,2025-10-15,08:09,Cheese Burger,Burger,3,199,597,Debit Card,Rainy,23,127,48,79,199.0,615,Yes,Wednesday,No,No,New,Takeaway,793.7
388,2025-04-15,2025-04-15,06:23,Farmhouse Pizza,Pizza,5,399,1995,Debit Card,Rainy,20,134,24,110,399.0,708,No,Tuesday,No,No,Returning,Dine-In,2325.5
389,2025-11-10,2025-11-10,09:38,Veg Burger,Burger,2,149,298,UPI,Sunny,35,102,41,61,149.0,717,No,Monday,No,No,New,Dine-In,593.8
390,2025-09-03,2025-09-03,15:47,French Fries,Snacks,3,129,387,Cash,Sunny,22,126,27,99,129.0,760,No,Wednesday,No,No,Returning,Takeaway,659.7
391,2025-12-14,2025-12-14,21:45,Spring Rolls,Starter,1,229,229,Cash,Cloudy,31,80,53,27,229.0,540,No,Sunday,Yes,No,New,Takeaway,444.9
392,2025-01-05,2025-01-05,10:33,Veg Biryani,Main Course,5,249,1245,Cash,Windy,35,146,38,108,249.0,342,No,Sunday,Yes,No,Returning,Takeaway,1701.5
393,2025-04-07,2025-04-07,13:35,Cheese Burger,Burger,3,199,597,Debit Card,Cloudy,21,145,33,112,199.0,328,No,Monday,No,No,New,Dine-In,872.7
394,2025-01-10,2025-01-10,17:37,Cold Coffee,Beverage,3,149,447,UPI,Windy,23,94,33,61,149.0,600,No,Friday,No,No,New,Delivery,931.7
395,2025-11-02,2025-11-02,16:42,French Fries,Snacks,4,129,516,UPI,Windy,25,88,41,47,129.0,708,No,Sunday,Yes,Yes,New,Delivery,673.6
396,2025-08-16,2025-08-16,14:48,Veg Biryani,Main Course,3,249,747,Credit Card,Rainy,23,155,36,119,249.0,773,No,Saturday,Yes,Yes,Returning,Dine-In,1015.7
397,2025-03-02,2025-03-02,00:57,Chocolate Shake,Beverage,5,179,895,UPI,Sunny,32,112,25,87,179.0,486,No,Sunday,Yes,No,Returning,Delivery,1397.5
398,2025-11-29,2025-11-29,17:34,Veg Biryani,Main Course,1,249,249,UPI,Sunny,22,128,15,113,249.0,568,Yes,Saturday,Yes,No,New,Takeaway,418.9
399,2025-10-24,2025-10-24,21:03,Spring Rolls,Starter,1,229,229,Cash,Rainy,34,131,30,101,229.0,889,Yes,Friday,No,No,Returning,Delivery,452.9
400,2025-06-17,2025-06-17,20:34,Veg Burger,Burger,5,149,745,Debit Card,Sunny,27,157,60,97,149.0,507,No,Tuesday,No,No,Returning,Dine-In,1270.5
401,2025-09-02,2025-09-02,23:14,Veg Sandwich,Snacks,1,179,179,Debit Card,Rainy,35,168,38,130,179.0,879,No,Tuesday,No,No,New,Delivery,667.9
402,2025-07-02,2025-07-02,12:25,Cheese Burger,Burger,2,199,398,Cash,Rainy,23,169,29,140,199.0,597,Yes,Wednesday,No,Yes,New,Dine-In,795.8
403,2025-01-12,2025-01-12,14:17,Masala Dosa,South Indian,2,199,398,Cash,Sunny,35,173,38,135,199.0,556,Yes,Sunday,Yes,No,Returning,Takeaway,633.8
404,2025-03-07,2025-03-07,03:03,Masala Dosa,South Indian,4,199,796,Debit Card,Sunny,30,172,18,154,199.0,567,Yes,Friday,No,No,Returning,Dine-In,1170.6
405,2025-06-06,2025-06-06,04:48,Spring Rolls,Starter,1,229,229,Debit Card,Sunny,34,103,49,54,229.0,405,Yes,Friday,No,No,New,Delivery,553.9
406,2025-09-16,2025-09-16,05:35,Chole Bhature,Main Course,5,199,995,UPI,Cloudy,22,174,17,157,199.0,849,Yes,Tuesday,No,No,Returning,Takeaway,1328.5
407,2025-12-30,2025-12-30,18:49,Veg Biryani,Main Course,3,249,747,Debit Card,Rainy,24,93,60,33,249.0,505,Yes,Tuesday,No,No,New,Dine-In,1067.7
408,2025-07-25,2025-07-25,14:57,White Sauce Pasta,Pasta,5,249,1245,UPI,Windy,28,124,42,82,249.0,683,Yes,Friday,No,No,New,Takeaway,1782.5
409,2025-11-02,2025-11-02,10:15,Spring Rolls,Starter,2,229,458,UPI,Cloudy,33,136,55,81,229.0,681,No,Sunday,Yes,No,New,Delivery,738.8
410,2025-08-07,2025-08-07,01:52,Spring Rolls,Starter,4,229,916,UPI,Windy,30,134,35,99,229.0,652,Yes,Thursday,No,No,New,Dine-In,1429.6
411,2025-03-22,2025-03-22,22:48,Cold Coffee,Beverage,4,149,596,Debit Card,Windy,19,148,43,105,149.0,720,Yes,Saturday,Yes,No,Returning,Dine-In,962.6
412,2025-07-26,2025-07-26,14:56,Margherita Pizza,Pizza,5,299,1495,Credit Card,Sunny,31,135,46,89,299.0,709,Yes,Saturday,Yes,No,New,Delivery,1751.5
413,2025-12-13,2025-12-13,05:06,Veg Sandwich,Snacks,1,179,179,UPI,Windy,19,96,31,65,179.0,666,Yes,Saturday,Yes,No,Returning,Delivery,460.9
414,2025-04-24,2025-04-24,03:20,Cold Coffee,Beverage,3,149,447,Cash,Rainy,31,178,47,131,149.0,664,No,Thursday,No,No,New,Dine-In,788.7
415,2025-03-09,2025-03-09,22:36,Spring Rolls,Starter,1,229,229,Credit Card,Cloudy,18,179,24,155,229.0,453,No,Sunday,Yes,No,Returning,Dine-In,511.9
416,2025-06-07,2025-06-07,17:06,Veg Sandwich,Snacks,4,179,716,Debit Card,Sunny,24,146,55,91,179.0,512,No,Saturday,Yes,No,Returning,Delivery,932.6
417,2025-08-17,2025-08-17,20:33,Cheese Burger,Burger,1,199,199,Credit Card,Sunny,31,84,31,53,199.0,477,No,Sunday,Yes,No,New,Dine-In,458.9
418,2025-02-14,2025-02-14,00:12,White Sauce Pasta,Pasta,4,249,996,Debit Card,Sunny,31,146,50,96,249.0,631,No,Friday,No,No,New,Delivery,1236.6
419,2025-04-10,2025-04-10,23:53,Masala Dosa,South Indian,3,199,597,Cash,Sunny,27,90,34,56,199.0,572,No,Thursday,No,No,Returning,Delivery,871.7
420,2025-07-14,2025-07-14,03:59,Veg Burger,Burger,1,149,149,Debit Card,Sunny,24,109,59,50,149.0,300,No,Monday,No,Yes,Returning,Delivery,530.9
421,2025-06-04,2025-06-04,12:10,Farmhouse Pizza,Pizza,4,399,1596,Cash,Sunny,27,84,39,45,399.0,357,Yes,Wednesday,No,No,Returning,Takeaway,1889.6
422,2025-01-25,2025-01-25,21:31,Veg Biryani,Main Course,1,249,249,Credit Card,Cloudy,35,171,47,124,249.0,570,Yes,Saturday,Yes,Yes,Returning,Delivery,545.9
423,2025-01-24,2025-01-24,19:24,Chole Bhature,Main Course,4,199,796,UPI,Windy,29,136,60,76,199.0,317,Yes,Friday,No,No,Returning,Takeaway,1217.6
424,2025-03-04,2025-03-04,00:08,White Sauce Pasta,Pasta,2,249,498,Cash,Cloudy,20,149,55,94,249.0,750,No,Tuesday,No,No,Returning,Delivery,994.8
425,2025-08-14,2025-08-14,23:44,Masala Dosa,South Indian,5,199,995,UPI,Rainy,28,153,51,102,199.0,540,Yes,Thursday,No,No,Returning,Delivery,1413.5
426,2025-04-09,2025-04-09,18:39,French Fries,Snacks,1,129,129,Cash,Windy,25,146,19,127,129.0,876,No,Wednesday,No,No,New,Takeaway,614.9
427,2025-07-10,2025-07-10,04:53,Spring Rolls,Starter,2,229,458,Debit Card,Sunny,31,115,60,55,229.0,488,Yes,Thursday,No,Yes,Returning,Delivery,956.8
428,2025-07-05,2025-07-05,01:59,Margherita Pizza,Pizza,5,299,1495,UPI,Cloudy,35,85,56,29,299.0,666,No,Saturday,Yes,No,Returning,Delivery,1805.5
429,2025-10-31,2025-10-31,23:59,Spring Rolls,Starter,1,229,229,UPI,Sunny,29,173,51,122,229.0,646,Yes,Friday,No,No,Returning,Dine-In,636.9
430,2025-02-20,2025-02-20,11:58,Chole Bhature,Main Course,1,199,199,Credit Card,Sunny,34,170,13,157,199.0,407,Yes,Thursday,No,No,Returning,Delivery,507.9
431,2025-03-30,2025-03-30,18:03,Veg Burger,Burger,1,149,149,Cash,Cloudy,30,132,47,85,149.0,676,No,Sunday,Yes,No,Returning,Delivery,383.9
432,2025-04-07,2025-04-07,22:12,Soft Drink,Beverage,3,79,237,Credit Card,Rainy,22,139,20,119,79.0,316,Yes,Monday,No,No,Returning,Dine-In,677.7
433,2025-08-08,2025-08-08,07:53,Farmhouse Pizza,Pizza,3,399,1197,Credit Card,Sunny,34,137,41,96,399.0,511,No,Friday,No,No,New,Delivery,1758.7
434,2025-02-18,2025-02-18,04:40,Chocolate Shake,Beverage,3,179,537,Debit Card,Sunny,19,167,58,109,179.0,731,Yes,Tuesday,No,No,Returning,Takeaway,1032.7
435,2025-11-07,2025-11-07,14:14,Farmhouse Pizza,Pizza,1,399,399,Debit Card,Rainy,21,145,25,120,399.0,481,Yes,Friday,No,No,Returning,Dine-In,622.9
436,2025-12-03,2025-12-03,04:56,Masala Dosa,South Indian,1,199,199,Credit Card,Rainy,29,148,30,118,199.0,837,No,Wednesday,No,No,Returning,Delivery,596.9
437,2025-08-24,2025-08-24,16:54,Soft Drink,Beverage,4,79,316,UPI,Windy,22,94,58,36,79.0,768,No,Sunday,Yes,No,Returning,Delivery,471.6
438,2025-07-02,2025-07-02,11:00,Cold Coffee,Beverage,3,149,447,UPI,Windy,34,110,47,63,149.0,719,No,Wednesday,No,No,New,Delivery,630.7
439,2025-03-23,2025-03-23,19:33,Spring Rolls,Starter,3,229,687,Cash,Cloudy,24,155,56,99,229.0,763,Yes,Sunday,Yes,No,Returning,Takeaway,1126.7
440,2025-05-25,2025-05-25,07:59,White Sauce Pasta,Pasta,4,249,996,Debit Card,Sunny,23,145,20,125,249.0,808,No,Sunday,Yes,No,Returning,Takeaway,1397.6
441,2025-09-21,2025-09-21,00:15,French Fries,Snacks,5,129,645,UPI,Rainy,31,89,46,43,129.0,333,Yes,Sunday,Yes,No,Returning,Delivery,891.5
442,2025-08-14,2025-08-14,23:14,Paneer Tikka,Starter,4,299,1196,Credit Card,Sunny,21,158,16,142,299.0,514,Yes,Thursday,No,No,New,Takeaway,1601.6
443,2025-08-14,2025-08-14,06:35,Cold Coffee,Beverage,3,149,447,UPI,Windy,33,101,39,62,149.0,853,No,Thursday,No,No,Returning,Dine-In,698.7
444,2025-08-31,2025-08-31,02:04,Cheese Burger,Burger,2,199,398,UPI,Windy,23,180,26,154,199.0,556,No,Sunday,Yes,No,Returning,Delivery,687.8
445,2025-12-26,2025-12-26,19:36,Chocolate Shake,Beverage,5,179,895,Credit Card,Windy,20,81,40,41,179.0,313,Yes,Friday,No,Yes,New,Dine-In,1383.5
446,2025-06-30,2025-06-30,17:27,Veg Biryani,Main Course,5,249,1245,Credit Card,Rainy,34,129,57,72,249.0,493,Yes,Monday,No,No,New,Takeaway,1501.5
447,2025-09-16,2025-09-16,11:03,French Fries,Snacks,1,129,129,Credit Card,Windy,20,122,41,81,129.0,523,No,Tuesday,No,Yes,New,Delivery,489.9
448,2025-04-21,2025-04-21,21:00,French Fries,Snacks,4,129,516,UPI,Windy,18,126,57,69,129.0,631,No,Monday,No,No,New,Takeaway,1032.6
449,2025-07-10,2025-07-10,08:27,Cold Coffee,Beverage,5,149,745,UPI,Windy,20,125,51,74,149.0,862,Yes,Thursday,No,No,Returning,Dine-In,1248.5
450,2025-09-30,2025-09-30,00:28,Veg Burger,Burger,2,149,298,Debit Card,Windy,22,111,13,98,149.0,380,No,Tuesday,No,No,New,Dine-In,760.8
451,2025-01-02,2025-01-02,03:30,Chocolate Shake,Beverage,2,179,358,Credit Card,Cloudy,18,124,21,103,179.0,383,Yes,Thursday,No,No,New,Takeaway,758.8
452,2025-08-23,2025-08-23,10:40,Veg Sandwich,Snacks,4,179,716,Cash,Rainy,25,174,20,154,179.0,532,No,Saturday,Yes,No,Returning,Delivery,1071.6
453,2025-08-29,2025-08-29,21:59,Soft Drink,Beverage,1,79,79,Credit Card,Cloudy,32,83,56,27,79.0,308,No,Friday,No,No,New,Dine-In,427.9
454,2025-12-13,2025-12-13,16:53,Cold Coffee,Beverage,4,149,596,UPI,Rainy,26,180,54,126,149.0,800,Yes,Saturday,Yes,No,New,Delivery,806.6
455,2025-02-28,2025-02-28,22:22,Veg Biryani,Main Course,3,249,747,Cash,Sunny,35,110,17,93,249.0,806,No,Friday,No,Yes,New,Dine-In,1048.7
456,2025-12-16,2025-12-16,04:41,Cold Coffee,Beverage,1,149,149,UPI,Rainy,30,149,11,138,149.0,546,No,Tuesday,No,No,Returning,Dine-In,566.9
457,2025-10-12,2025-10-12,22:15,Cold Coffee,Beverage,2,149,298,Cash,Cloudy,31,138,16,122,149.0,720,Yes,Sunday,Yes,No,Returning,Dine-In,625.8
458,2025-10-16,2025-10-16,11:38,Chole Bhature,Main Course,4,199,796,UPI,Sunny,30,140,22,118,199.0,315,No,Thursday,No,No,Returning,Takeaway,985.6
459,2025-02-13,2025-02-13,04:37,Chole Bhature,Main Course,2,199,398,UPI,Cloudy,32,174,58,116,199.0,807,Yes,Thursday,No,Yes,Returning,Dine-In,911.8
460,2025-12-04,2025-12-04,00:33,Farmhouse Pizza,Pizza,5,399,1995,Credit Card,Cloudy,33,98,10,88,399.0,458,No,Thursday,No,No,New,Delivery,2377.5
461,2025-03-05,2025-03-05,13:06,Veg Biryani,Main Course,4,249,996,UPI,Windy,29,83,32,51,249.0,883,No,Wednesday,No,No,Returning,Delivery,1204.6
462,2025-07-14,2025-07-14,20:26,Masala Dosa,South Indian,2,199,398,Debit Card,Windy,31,96,60,36,199.0,433,Yes,Monday,No,No,Returning,Delivery,666.8
463,2025-09-24,2025-09-24,05:42,Farmhouse Pizza,Pizza,5,399,1995,Debit Card,Rainy,28,131,30,101,399.0,450,No,Wednesday,No,No,Returning,Takeaway,2501.5
464,2025-01-30,2025-01-30,21:05,Margherita Pizza,Pizza,4,299,1196,Credit Card,Rainy,31,112,41,71,299.0,898,Yes,Thursday,No,No,Returning,Takeaway,1572.6
465,2025-04-22,2025-04-22,19:28,Veg Sandwich,Snacks,5,179,895,Debit Card,Rainy,23,91,48,43,179.0,839,No,Tuesday,No,No,Returning,Takeaway,1272.5
466,2025-08-05,2025-08-05,01:38,Veg Sandwich,Snacks,2,179,358,UPI,Windy,24,145,29,116,179.0,708,Yes,Tuesday,No,No,New,Takeaway,629.8
467,2025-04-02,2025-04-02,11:23,Veg Sandwich,Snacks,1,179,179,UPI,Cloudy,20,111,58,53,179.0,659,Yes,Wednesday,No,No,Returning,Dine-In,341.9
468,2025-07-08,2025-07-08,07:28,Margherita Pizza,Pizza,3,299,897,Debit Card,Windy,32,100,55,45,299.0,415,Yes,Tuesday,No,No,Returning,Dine-In,1460.7
469,2025-09-08,2025-09-08,09:53,French Fries,Snacks,2,129,258,Debit Card,Cloudy,20,179,37,142,129.0,384,No,Monday,No,No,New,Takeaway,521.8
470,2025-07-16,2025-07-16,18:56,Veg Burger,Burger,2,149,298,Credit Card,Cloudy,21,93,60,33,149.0,344,Yes,Wednesday,No,Yes,New,Dine-In,520.8
471,2025-02-09,2025-02-09,04:21,Chocolate Shake,Beverage,5,179,895,Debit Card,Sunny,29,148,18,130,179.0,743,No,Sunday,Yes,No,Returning,Dine-In,1164.5
472,2025-11-09,2025-11-09,21:43,Masala Dosa,South Indian,4,199,796,UPI,Windy,18,82,55,27,199.0,727,No,Sunday,Yes,No,Returning,Dine-In,1145.6
473,2025-10-28,2025-10-28,22:09,Veg Biryani,Main Course,5,249,1245,UPI,Cloudy,28,141,15,126,249.0,798,Yes,Tuesday,No,Yes,New,Takeaway,1848.5
474,2025-03-02,2025-03-02,10:34,Chocolate Shake,Beverage,1,179,179,Credit Card,Cloudy,33,164,48,116,179.0,525,Yes,Sunday,Yes,No,New,Dine-In,467.9
475,2025-08-25,2025-08-25,16:26,Soft Drink,Beverage,4,79,316,Credit Card,Windy,32,132,44,88,79.0,478,Yes,Monday,No,No,Returning,Delivery,544.6
476,2025-05-01,2025-05-01,22:55,Chole Bhature,Main Course,5,199,995,UPI,Windy,32,147,59,88,199.0,778,No,Thursday,No,No,Returning,Takeaway,1220.5
477,2025-09-15,2025-09-15,09:50,Cold Coffee,Beverage,2,149,298,UPI,Rainy,25,132,48,84,149.0,563,No,Monday,No,No,New,Dine-In,693.8
478,2025-11-09,2025-11-09,02:47,Soft Drink,Beverage,5,79,395,Credit Card,Windy,29,113,41,72,79.0,405,Yes,Sunday,Yes,No,New,Takeaway,835.5
479,2025-10-16,2025-10-16,07:18,White Sauce Pasta,Pasta,4,249,996,Credit Card,Sunny,32,105,24,81,249.0,827,No,Thursday,No,No,Returning,Delivery,1394.6
480,2025-03-02,2025-03-02,02:45,Margherita Pizza,Pizza,4,299,1196,Debit Card,Rainy,30,165,41,124,299.0,766,No,Sunday,Yes,No,Returning,Delivery,1626.6
481,2025-07-03,2025-07-03,16:57,Chocolate Shake,Beverage,3,179,537,Credit Card,Windy,35,147,44,103,179.0,402,Yes,Thursday,No,No,Returning,Delivery,703.7
482,2025-05-08,2025-05-08,07:06,Margherita Pizza,Pizza,3,299,897,UPI,Windy,30,81,35,46,299.0,590,No,Thursday,No,No,New,Dine-In,1470.7
483,2025-05-23,2025-05-23,09:27,White Sauce Pasta,Pasta,3,249,747,Debit Card,Sunny,27,87,42,45,249.0,778,Yes,Friday,No,No,Returning,Delivery,1286.7
484,2025-08-21,2025-08-21,04:43,Farmhouse Pizza,Pizza,4,399,1596,Credit Card,Rainy,34,139,18,121,399.0,443,Yes,Thursday,No,No,Returning,Dine-In,2195.6
485,2025-09-28,2025-09-28,21:48,Veg Sandwich,Snacks,4,179,716,UPI,Cloudy,31,109,27,82,179.0,557,Yes,Sunday,Yes,No,Returning,Dine-In,1227.6
486,2025-08-04,2025-08-04,11:05,Margherita Pizza,Pizza,3,299,897,Debit Card,Rainy,26,138,20,118,299.0,453,Yes,Monday,No,No,New,Delivery,1402.7
487,2025-12-25,2025-12-25,12:14,Cheese Burger,Burger,1,199,199,Cash,Rainy,19,146,10,136,199.0,489,No,Thursday,No,No,New,Dine-In,657.9
488,2025-03-13,2025-03-13,19:06,Veg Burger,Burger,2,149,298,Credit Card,Cloudy,18,117,34,83,149.0,781,Yes,Thursday,No,No,New,Takeaway,444.8
489,2025-02-12,2025-02-12,04:41,Paneer Tikka,Starter,1,299,299,Debit Card,Rainy,24,92,44,48,299.0,803,Yes,Wednesday,No,No,New,Dine-In,547.9
490,2025-11-06,2025-11-06,09:29,Cold Coffee,Beverage,4,149,596,UPI,Cloudy,30,121,14,107,149.0,798,No,Thursday,No,No,New,Delivery,1042.6
491,2025-12-06,2025-12-06,03:07,White Sauce Pasta,Pasta,4,249,996,Credit Card,Sunny,34,92,26,66,249.0,706,Yes,Saturday,Yes,No,Returning,Takeaway,1350.6
492,2025-06-24,2025-06-24,18:18,Paneer Tikka,Starter,2,299,598,UPI,Rainy,34,177,60,117,299.0,582,No,Tuesday,No,Yes,New,Delivery,792.8
493,2025-08-22,2025-08-22,05:07,Paneer Tikka,Starter,3,299,897,UPI,Rainy,22,149,32,117,299.0,550,No,Friday,No,No,Returning,Takeaway,1404.7
494,2025-08-27,2025-08-27,04:40,Chole Bhature,Main Course,5,199,995,UPI,Cloudy,23,153,26,127,199.0,516,Yes,Wednesday,No,No,New,Takeaway,1265.5
495,2025-02-16,2025-02-16,18:23,Masala Dosa,South Indian,4,199,796,UPI,Cloudy,27,162,43,119,199.0,759,Yes,Sunday,Yes,No,New,Takeaway,1187.6
496,2025-12-09,2025-12-09,15:33,Farmhouse Pizza,Pizza,5,399,1995,Credit Card,Cloudy,19,172,57,115,399.0,733,No,Tuesday,No,Yes,New,Delivery,2550.5
497,2025-08-19,2025-08-19,17:18,Masala Dosa,South Indian,4,199,796,UPI,Cloudy,32,137,59,78,199.0,368,Yes,Tuesday,No,No,New,Takeaway,1243.6
498,2025-02-21,2025-02-21,23:38,Chole Bhature,Main Course,3,199,597,Debit Card,Cloudy,28,167,17,150,199.0,811,Yes,Friday,No,No,New,Delivery,986.7
499,2025-10-09,2025-10-09,10:56,Veg Sandwich,Snacks,3,179,537,Credit Card,Rainy,18,110,55,55,179.0,434,Yes,Thursday,No,No,New,Takeaway,711.7
500,2025-03-29,2025-03-29,16:10,Cheese Burger,Burger,2,199,398,Debit Card,Rainy,18,121,16,105,199.0,375,No,Saturday,Yes,No,Returning,Delivery,584.8
501,2025-12-01,2025-12-01,08:29,Chocolate Shake,Beverage,3,179,537,Credit Card,Sunny,33,101,50,51,179.0,484,No,Monday,No,No,New,Dine-In,799.7
502,2025-11-09,2025-11-09,06:38,Veg Burger,Burger,1,149,149,Debit Card,Sunny,30,146,10,136,149.0,891,Yes,Sunday,Yes,No,Returning,Takeaway,477.9
503,2025-08-29,2025-08-29,20:02,Paneer Tikka,Starter,4,299,1196,Cash,Sunny,27,146,29,117,299.0,686,No,Friday,No,No,New,Takeaway,1782.6
504,2025-03-23,2025-03-23,10:35,Veg Biryani,Main Course,1,249,249,UPI,Windy,32,165,49,116,249.0,592,Yes,Sunday,Yes,Yes,Returning,Takeaway,391.9
505,2025-02-26,2025-02-26,13:10,French Fries,Snacks,5,129,645,Cash,Rainy,30,172,43,129,129.0,444,No,Wednesday,No,No,New,Dine-In,1113.5
506,2025-09-01,2025-09-01,03:37,Margherita Pizza,Pizza,1,299,299,Credit Card,Windy,22,90,30,60,299.0,322,Yes,Monday,No,No,New,Delivery,451.9
507,2025-07-03,2025-07-03,07:59,Chole Bhature,Main Course,4,199,796,UPI,Rainy,31,158,36,122,199.0,558,No,Thursday,No,Yes,Returning,Delivery,1023.6
508,2025-03-15,2025-03-15,09:38,Veg Biryani,Main Course,3,249,747,Credit Card,Windy,28,106,27,79,249.0,877,No,Saturday,Yes,No,Returning,Dine-In,1177.7
509,2025-01-13,2025-01-13,14:59,Chocolate Shake,Beverage,3,179,537,Credit Card,Sunny,20,126,14,112,179.0,302,Yes,Monday,No,No,New,Dine-In,738.7
510,2025-05-05,2025-05-05,23:50,Veg Biryani,Main Course,1,249,249,Debit Card,Sunny,25,109,60,49,249.0,514,Yes,Monday,No,No,Returning,Delivery,557.9
511,2025-08-30,2025-08-30,06:19,Paneer Tikka,Starter,1,299,299,Debit Card,Windy,21,152,18,134,299.0,491,No,Saturday,Yes,No,Returning,Delivery,646.9
512,2025-10-26,2025-10-26,07:06,Soft Drink,Beverage,3,79,237,Credit Card,Cloudy,19,144,53,91,79.0,810,Yes,Sunday,Yes,No,Returning,Delivery,551.7
513,2025-01-16,2025-01-16,01:47,Chocolate Shake,Beverage,4,179,716,Credit Card,Rainy,25,101,45,56,179.0,747,No,Thursday,No,No,Returning,Takeaway,1229.6
514,2025-05-23,2025-05-23,00:15,Cheese Burger,Burger,3,199,597,Credit Card,Rainy,27,179,10,169,199.0,781,Yes,Friday,No,No,Returning,Takeaway,851.7
515,2025-02-11,2025-02-11,01:20,Margherita Pizza,Pizza,4,299,1196,Cash,Rainy,23,134,49,85,299.0,732,Yes,Tuesday,No,No,Returning,Dine-In,1669.6
516,2025-06-07,2025-06-07,00:07,Farmhouse Pizza,Pizza,5,399,1995,Cash,Rainy,22,111,12,99,399.0,375,Yes,Saturday,Yes,No,Returning,Dine-In,2663.5
517,2025-07-27,2025-07-27,09:04,Spring Rolls,Starter,4,229,916,Credit Card,Sunny,28,96,14,82,229.0,368,No,Sunday,Yes,Yes,Returning,Takeaway,1506.6
518,2025-03-23,2025-03-23,00:27,Spring Rolls,Starter,1,229,229,UPI,Sunny,31,125,21,104,229.0,768,No,Sunday,Yes,No,Returning,Dine-In,681.9
519,2025-05-21,2025-05-21,16:49,Cheese Burger,Burger,2,199,398,Cash,Sunny,28,90,22,68,199.0,589,Yes,Wednesday,No,No,Returning,Takeaway,849.8
520,2025-06-17,2025-06-17,20:14,Chole Bhature,Main Course,3,199,597,Credit Card,Sunny,19,129,38,91,199.0,365,Yes,Tuesday,No,No,New,Dine-In,823.7
521,2025-06-06,2025-06-06,06:44,Cheese Burger,Burger,1,199,199,Cash,Sunny,34,140,50,90,199.0,594,Yes,Friday,No,No,New,Dine-In,418.9
522,2025-09-13,2025-09-13,21:01,Chocolate Shake,Beverage,4,179,716,UPI,Cloudy,30,80,53,27,179.0,549,Yes,Saturday,Yes,No,New,Takeaway,1117.6
523,2025-10-05,2025-10-05,21:23,Cold Coffee,Beverage,4,149,596,UPI,Rainy,35,87,30,57,149.0,715,No,Sunday,Yes,No,Returning,Takeaway,913.6
524,2025-11-18,2025-11-18,13:52,Veg Biryani,Main Course,5,249,1245,Debit Card,Cloudy,22,140,16,124,249.0,791,Yes,Tuesday,No,No,Returning,Dine-In,1728.5
525,2025-09-30,2025-09-30,21:35,Margherita Pizza,Pizza,5,299,1495,Debit Card,Sunny,27,129,12,117,299.0,425,Yes,Tuesday,No,No,New,Delivery,2044.5
526,2025-01-28,2025-01-28,22:28,White Sauce Pasta,Pasta,2,249,498,Cash,Windy,25,137,28,109,249.0,740,No,Tuesday,No,No,New,Delivery,1038.8
527,2025-12-30,2025-12-30,15:31,Veg Burger,Burger,1,149,149,Debit Card,Rainy,30,161,52,109,149.0,734,No,Tuesday,No,No,New,Dine-In,480.9
528,2025-08-06,2025-08-06,14:54,Cold Coffee,Beverage,2,149,298,Credit Card,Cloudy,32,146,11,135,149.0,637,No,Wednesday,No,Yes,New,Dine-In,562.8
529,2025-04-19,2025-04-19,20:35,Margherita Pizza,Pizza,5,299,1495,UPI,Cloudy,30,81,38,43,299.0,869,Yes,Saturday,Yes,No,Returning,Delivery,2098.5
530,2025-04-17,2025-04-17,19:31,Margherita Pizza,Pizza,3,299,897,Cash,Cloudy,29,122,21,101,299.0,722,Yes,Thursday,No,No,Returning,Delivery,1297.7
531,2025-02-17,2025-02-17,10:53,Chole Bhature,Main Course,4,199,796,Credit Card,Cloudy,18,175,24,151,199.0,531,Yes,Monday,No,No,New,Takeaway,1251.6
532,2025-09-08,2025-09-08,21:57,Margherita Pizza,Pizza,3,299,897,Cash,Rainy,27,93,34,59,299.0,393,No,Monday,No,No,Returning,Dine-In,1422.7
533,2025-05-16,2025-05-16,01:38,White Sauce Pasta,Pasta,3,249,747,Debit Card,Rainy,35,174,46,128,249.0,603,No,Friday,No,No,Returning,Dine-In,1309.7
534,2025-05-16,2025-05-16,19:48,Margherita Pizza,Pizza,5,299,1495,Debit Card,Rainy,19,156,41,115,299.0,380,Yes,Friday,No,No,New,Dine-In,2051.5
535,2025-07-11,2025-07-11,20:52,Soft Drink,Beverage,3,79,237,Credit Card,Rainy,18,125,23,102,79.0,777,Yes,Friday,No,No,New,Dine-In,426.7
536,2025-05-04,2025-05-04,05:07,Spring Rolls,Starter,3,229,687,Debit Card,Sunny,23,149,48,101,229.0,483,Yes,Sunday,Yes,No,Returning,Dine-In,965.7
537,2025-07-24,2025-07-24,15:08,French Fries,Snacks,1,129,129,Cash,Cloudy,27,156,31,125,129.0,595,No,Thursday,No,No,Returning,Dine-In,526.9
538,2025-05-08,2025-05-08,10:23,Chocolate Shake,Beverage,4,179,716,Credit Card,Rainy,19,114,23,91,179.0,864,No,Thursday,No,No,Returning,Takeaway,1092.6
539,2025-08-25,2025-08-25,20:06,Chole Bhature,Main Course,1,199,199,Credit Card,Cloudy,34,133,54,79,199.0,309,No,Monday,No,No,Returning,Dine-In,656.9
540,2025-06-19,2025-06-19,04:24,Margherita Pizza,Pizza,4,299,1196,UPI,Cloudy,34,130,17,113,299.0,703,No,Thursday,No,No,Returning,Takeaway,1449.6
541,2025-09-27,2025-09-27,12:24,Paneer Tikka,Starter,2,299,598,Cash,Windy,29,123,52,71,299.0,471,No,Saturday,Yes,No,New,Delivery,951.8
542,2025-05-08,2025-05-08,16:25,Chocolate Shake,Beverage,3,179,537,Debit Card,Rainy,29,82,31,51,179.0,403,No,Thursday,No,No,New,Delivery,850.7
543,2025-10-27,2025-10-27,08:08,Cheese Burger,Burger,4,199,796,Cash,Sunny,25,141,50,91,199.0,360,No,Monday,No,No,New,Dine-In,1084.6
544,2025-08-16,2025-08-16,06:43,Chocolate Shake,Beverage,3,179,537,Cash,Sunny,19,126,58,68,179.0,607,No,Saturday,Yes,No,Returning,Takeaway,914.7
545,2025-12-25,2025-12-25,04:20,Veg Sandwich,Snacks,4,179,716,Debit Card,Sunny,25,126,21,105,179.0,734,No,Thursday,No,No,New,Takeaway,926.6
546,2025-08-19,2025-08-19,01:33,Soft Drink,Beverage,3,79,237,UPI,Cloudy,33,114,40,74,79.0,345,No,Tuesday,No,No,New,Dine-In,580.7
547,2025-02-04,2025-02-04,20:29,Veg Burger,Burger,1,149,149,Debit Card,Cloudy,20,105,53,52,149.0,697,Yes,Tuesday,No,No,New,Takeaway,580.9
548,2025-12-18,2025-12-18,12:16,Soft Drink,Beverage,1,79,79,Credit Card,Cloudy,27,172,19,153,79.0,361,No,Thursday,No,No,Returning,Delivery,277.9
549,2025-01-05,2025-01-05,22:58,Spring Rolls,Starter,1,229,229,Cash,Windy,26,162,21,141,229.0,752,Yes,Sunday,Yes,No,Returning,Delivery,610.9
550,2025-11-27,2025-11-27,20:27,Margherita Pizza,Pizza,4,299,1196,Credit Card,Cloudy,18,156,41,115,299.0,751,Yes,Thursday,No,Yes,New,Delivery,1678.6
551,2025-12-10,2025-12-10,15:40,Margherita Pizza,Pizza,5,299,1495,Debit Card,Windy,24,107,48,59,299.0,708,Yes,Wednesday,No,No,Returning,Takeaway,2116.5
552,2025-10-30,2025-10-30,06:53,Cheese Burger,Burger,4,199,796,Credit Card,Rainy,30,125,44,81,199.0,448,No,Thursday,No,No,Returning,Dine-In,1122.6
553,2025-06-24,2025-06-24,07:21,Cheese Burger,Burger,1,199,199,Credit Card,Sunny,24,97,47,50,199.0,357,No,Tuesday,No,No,New,Delivery,568.9
554,2025-01-08,2025-01-08,03:11,Farmhouse Pizza,Pizza,3,399,1197,Debit Card,Windy,21,82,47,35,399.0,746,No,Wednesday,No,No,New,Dine-In,1514.7
555,2025-12-08,2025-12-08,14:03,Spring Rolls,Starter,3,229,687,Cash,Cloudy,32,110,29,81,229.0,892,Yes,Monday,No,No,New,Delivery,1038.7
556,2025-01-15,2025-01-15,21:20,Farmhouse Pizza,Pizza,3,399,1197,Credit Card,Windy,28,134,54,80,399.0,486,Yes,Wednesday,No,No,New,Takeaway,1664.7
557,2025-11-01,2025-11-01,11:11,Cold Coffee,Beverage,1,149,149,Credit Card,Sunny,27,172,19,153,149.0,445,Yes,Saturday,Yes,No,Returning,Takeaway,316.9
558,2025-05-08,2025-05-08,13:57,Spring Rolls,Starter,4,229,916,Debit Card,Sunny,23,163,37,126,229.0,620,No,Thursday,No,No,New,Takeaway,1352.6
559,2025-04-25,2025-04-25,19:29,Veg Burger,Burger,4,149,596,Debit Card,Sunny,35,149,60,89,149.0,727,Yes,Friday,No,No,New,Takeaway,1010.6
560,2025-05-26,2025-05-26,04:14,Paneer Tikka,Starter,3,299,897,Cash,Cloudy,32,164,29,135,299.0,575,Yes,Monday,No,No,New,Takeaway,1229.7
561,2025-11-07,2025-11-07,11:22,Margherita Pizza,Pizza,5,299,1495,Credit Card,Rainy,22,174,35,139,299.0,707,Yes,Friday,No,No,New,Takeaway,1844.5
562,2025-04-02,2025-04-02,23:08,Margherita Pizza,Pizza,4,299,1196,Credit Card,Cloudy,33,127,20,107,299.0,507,Yes,Wednesday,No,No,Returning,Takeaway,1602.6
563,2025-07-23,2025-07-23,01:00,Cheese Burger,Burger,3,199,597,Credit Card,Sunny,28,120,58,62,199.0,675,Yes,Wednesday,No,Yes,Returning,Takeaway,821.7
564,2025-10-26,2025-10-26,09:40,Chole Bhature,Main Course,5,199,995,UPI,Sunny,33,118,49,69,199.0,843,Yes,Sunday,Yes,No,Returning,Dine-In,1397.5
565,2025-12-07,2025-12-07,05:52,Margherita Pizza,Pizza,3,299,897,Debit Card,Sunny,25,136,45,91,299.0,754,No,Sunday,Yes,Yes,New,Takeaway,1191.7
566,2025-12-17,2025-12-17,22:50,Veg Biryani,Main Course,1,249,249,Credit Card,Sunny,33,124,60,64,249.0,658,No,Wednesday,No,No,New,Delivery,646.9
567,2025-06-04,2025-06-04,11:17,Paneer Tikka,Starter,4,299,1196,Credit Card,Cloudy,23,172,48,124,299.0,521,Yes,Wednesday,No,No,New,Delivery,1730.6
568,2025-12-16,2025-12-16,13:45,Paneer Tikka,Starter,5,299,1495,UPI,Rainy,31,114,43,71,299.0,589,Yes,Tuesday,No,No,Returning,Takeaway,1867.5
569,2025-12-21,2025-12-21,21:22,Cheese Burger,Burger,2,199,398,Cash,Cloudy,26,161,20,141,199.0,783,No,Sunday,Yes,No,Returning,Takeaway,634.8
570,2025-07-07,2025-07-07,19:56,Chocolate Shake,Beverage,3,179,537,UPI,Cloudy,22,112,20,92,179.0,300,No,Monday,No,Yes,New,Delivery,800.7
571,2025-01-02,2025-01-02,21:54,Veg Biryani,Main Course,4,249,996,Credit Card,Rainy,30,165,60,105,249.0,799,No,Thursday,No,No,New,Dine-In,1482.6
572,2025-01-24,2025-01-24,08:35,Margherita Pizza,Pizza,2,299,598,UPI,Rainy,32,162,58,104,299.0,706,No,Friday,No,No,New,Dine-In,1068.8
573,2025-08-06,2025-08-06,05:46,Veg Burger,Burger,3,149,447,UPI,Cloudy,27,144,59,85,149.0,808,No,Wednesday,No,No,New,Dine-In,773.7
574,2025-02-02,2025-02-02,10:30,Chole Bhature,Main Course,3,199,597,Debit Card,Windy,22,117,39,78,199.0,850,Yes,Sunday,Yes,Yes,New,Takeaway,757.7
575,2025-04-03,2025-04-03,12:57,Chocolate Shake,Beverage,1,179,179,Cash,Cloudy,28,149,59,90,179.0,574,No,Thursday,No,Yes,New,Takeaway,564.9
576,2025-12-03,2025-12-03,17:01,Cheese Burger,Burger,1,199,199,UPI,Windy,22,147,28,119,199.0,576,Yes,Wednesday,No,No,Returning,Delivery,510.9
577,2025-12-20,2025-12-20,19:43,Veg Biryani,Main Course,3,249,747,Credit Card,Rainy,26,110,26,84,249.0,512,No,Saturday,Yes,No,Returning,Takeaway,1223.7
578,2025-08-23,2025-08-23,03:10,Veg Sandwich,Snacks,3,179,537,UPI,Windy,22,135,20,115,179.0,534,Yes,Saturday,Yes,No,Returning,Dine-In,763.7
579,2025-01-19,2025-01-19,06:20,Masala Dosa,South Indian,4,199,796,Debit Card,Rainy,22,95,35,60,199.0,377,Yes,Sunday,Yes,No,New,Delivery,1067.6
580,2025-05-22,2025-05-22,09:30,Chole Bhature,Main Course,3,199,597,Debit Card,Sunny,25,96,28,68,199.0,474,Yes,Thursday,No,No,Returning,Dine-In,796.7
581,2025-11-06,2025-11-06,01:37,White Sauce Pasta,Pasta,1,249,249,Debit Card,Windy,31,98,55,43,249.0,517,No,Thursday,No,No,Returning,Takeaway,458.9
582,2025-04-20,2025-04-20,21:26,Veg Sandwich,Snacks,4,179,716,Cash,Windy,30,93,26,67,179.0,832,No,Sunday,Yes,No,New,Delivery,1187.6
583,2025-08-01,2025-08-01,06:08,Paneer Tikka,Starter,3,299,897,Debit Card,Rainy,32,167,34,133,299.0,867,Yes,Friday,No,No,New,Dine-In,1258.7
584,2025-04-18,2025-04-18,04:55,Cold Coffee,Beverage,2,149,298,UPI,Windy,24,83,33,50,149.0,721,Yes,Friday,No,No,Returning,Delivery,485.8
585,2025-11-28,2025-11-28,07:19,Veg Burger,Burger,4,149,596,UPI,Cloudy,19,89,31,58,149.0,584,Yes,Friday,No,No,Returning,Dine-In,1007.6
586,2025-02-25,2025-02-25,19:58,White Sauce Pasta,Pasta,3,249,747,Cash,Rainy,23,146,18,128,249.0,683,Yes,Tuesday,No,No,Returning,Delivery,1145.7
587,2025-01-06,2025-01-06,10:08,Chocolate Shake,Beverage,5,179,895,UPI,Cloudy,25,178,46,132,179.0,857,No,Monday,No,No,Returning,Delivery,1452.5
588,2025-04-06,2025-04-06,17:40,Veg Biryani,Main Course,3,249,747,Debit Card,Cloudy,32,118,15,103,249.0,476,Yes,Sunday,Yes,No,New,Delivery,1135.7
589,2025-01-25,2025-01-25,02:47,Veg Sandwich,Snacks,3,179,537,Debit Card,Sunny,29,161,50,111,179.0,812,No,Saturday,Yes,No,New,Takeaway,786.7
590,2025-02-04,2025-02-04,18:42,Veg Biryani,Main Course,4,249,996,UPI,Sunny,19,82,28,54,249.0,532,Yes,Tuesday,No,No,New,Takeaway,1495.6
591,2025-08-29,2025-08-29,09:24,Veg Biryani,Main Course,2,249,498,Cash,Windy,29,130,38,92,249.0,452,Yes,Friday,No,No,New,Delivery,984.8
592,2025-10-16,2025-10-16,12:39,Margherita Pizza,Pizza,3,299,897,Credit Card,Windy,19,134,30,104,299.0,699,No,Thursday,No,No,New,Dine-In,1307.7
593,2025-04-17,2025-04-17,14:06,Veg Sandwich,Snacks,1,179,179,UPI,Windy,27,116,31,85,179.0,656,No,Thursday,No,No,New,Dine-In,679.9
594,2025-02-04,2025-02-04,21:12,Farmhouse Pizza,Pizza,3,399,1197,Credit Card,Sunny,23,90,43,47,399.0,505,No,Tuesday,No,No,Returning,Dine-In,1580.7
595,2025-06-02,2025-06-02,09:43,Veg Sandwich,Snacks,2,179,358,UPI,Cloudy,20,110,24,86,179.0,565,Yes,Monday,No,No,New,Delivery,621.8
596,2025-05-06,2025-05-06,01:36,Farmhouse Pizza,Pizza,1,399,399,UPI,Cloudy,35,99,55,44,399.0,887,No,Tuesday,No,No,New,Takeaway,685.9
597,2025-06-09,2025-06-09,03:37,Cold Coffee,Beverage,1,149,149,Credit Card,Rainy,23,114,48,66,149.0,327,No,Monday,No,No,Returning,Dine-In,295.9
598,2025-04-27,2025-04-27,06:21,Farmhouse Pizza,Pizza,2,399,798,Debit Card,Sunny,23,140,43,97,399.0,890,No,Sunday,Yes,No,Returning,Takeaway,997.8
599,2025-05-09,2025-05-09,00:28,French Fries,Snacks,2,129,258,Debit Card,Sunny,19,138,18,120,129.0,526,No,Friday,No,No,New,Takeaway,679.8
600,2025-07-04,2025-07-04,14:50,Chocolate Shake,Beverage,2,179,358,Cash,Windy,27,174,38,136,179.0,421,No,Friday,No,No,New,Takeaway,789.8
601,2025-07-25,2025-07-25,17:22,Chole Bhature,Main Course,5,199,995,Debit Card,Sunny,26,125,32,93,199.0,843,No,Friday,No,No,Returning,Takeaway,1404.5
602,2025-01-01,2025-01-01,21:42,Veg Burger,Burger,4,149,596,Credit Card,Sunny,19,102,19,83,149.0,322,Yes,Wednesday,No,No,Returning,Delivery,920.6
603,2025-09-19,2025-09-19,07:37,Veg Sandwich,Snacks,2,179,358,Credit Card,Rainy,31,102,22,80,179.0,732,No,Friday,No,No,Returning,Dine-In,645.8
604,2025-08-21,2025-08-21,07:58,Spring Rolls,Starter,5,229,1145,Debit Card,Rainy,24,168,60,108,229.0,486,Yes,Thursday,No,No,Returning,Delivery,1627.5
605,2025-01-20,2025-01-20,09:06,Paneer Tikka,Starter,2,299,598,Cash,Sunny,21,161,58,103,299.0,773,No,Monday,No,No,New,Takeaway,1113.8
606,2025-11-09,2025-11-09,05:47,Veg Biryani,Main Course,1,249,249,Cash,Rainy,25,178,60,118,249.0,439,No,Sunday,Yes,No,New,Delivery,623.9
607,2025-11-23,2025-11-23,22:41,Margherita Pizza,Pizza,5,299,1495,Debit Card,Windy,21,133,31,102,299.0,350,Yes,Sunday,Yes,No,New,Dine-In,1851.5
608,2025-09-25,2025-09-25,14:58,French Fries,Snacks,5,129,645,Cash,Windy,18,124,38,86,129.0,843,Yes,Thursday,No,No,Returning,Takeaway,1192.5
609,2025-10-07,2025-10-07,08:38,White Sauce Pasta,Pasta,5,249,1245,UPI,Windy,20,89,33,56,249.0,485,No,Tuesday,No,No,Returning,Takeaway,1624.5
610,2025-12-20,2025-12-20,12:44,Cold Coffee,Beverage,3,149,447,Debit Card,Sunny,25,133,37,96,149.0,780,No,Saturday,Yes,No,New,Delivery,950.7
611,2025-05-13,2025-05-13,17:20,Cold Coffee,Beverage,3,149,447,Cash,Rainy,34,148,51,97,149.0,393,No,Tuesday,No,No,New,Delivery,718.7
612,2025-09-30,2025-09-30,01:01,White Sauce Pasta,Pasta,3,249,747,UPI,Windy,31,85,26,59,249.0,622,No,Tuesday,No,No,Returning,Delivery,998.7
613,2025-08-18,2025-08-18,23:28,Veg Biryani,Main Course,5,249,1245,Debit Card,Sunny,31,93,47,46,249.0,422,No,Monday,No,No,Returning,Dine-In,1570.5
614,2025-06-13,2025-06-13,00:58,Farmhouse Pizza,Pizza,1,399,399,Credit Card,Sunny,20,88,47,41,399.0,447,No,Friday,No,No,New,Dine-In,622.9
615,2025-02-22,2025-02-22,08:24,Veg Burger,Burger,3,149,447,Cash,Windy,22,149,27,122,149.0,778,Yes,Saturday,Yes,No,Returning,Delivery,971.7
616,2025-06-30,2025-06-30,03:58,Cheese Burger,Burger,4,199,796,UPI,Sunny,28,141,13,128,199.0,368,No,Monday,No,No,Returning,Takeaway,1322.6
617,2025-02-23,2025-02-23,22:31,Cold Coffee,Beverage,3,149,447,Debit Card,Windy,33,120,23,97,149.0,579,No,Sunday,Yes,No,New,Dine-In,850.7
618,2025-08-24,2025-08-24,11:11,Veg Biryani,Main Course,1,249,249,Credit Card,Sunny,21,137,31,106,249.0,772,No,Sunday,Yes,No,New,Dine-In,425.9
619,2025-12-14,2025-12-14,02:26,Margherita Pizza,Pizza,4,299,1196,UPI,Windy,23,148,58,90,299.0,850,Yes,Sunday,Yes,No,New,Takeaway,1730.6
620,2025-03-21,2025-03-21,06:59,French Fries,Snacks,1,129,129,Credit Card,Rainy,19,101,13,88,129.0,513,No,Friday,No,No,New,Takeaway,301.9
621,2025-04-06,2025-04-06,21:07,French Fries,Snacks,4,129,516,Debit Card,Windy,26,137,53,84,129.0,454,No,Sunday,Yes,Yes,New,Dine-In,677.6
622,2025-08-10,2025-08-10,04:18,Margherita Pizza,Pizza,4,299,1196,Cash,Cloudy,27,147,24,123,299.0,828,No,Sunday,Yes,No,Returning,Dine-In,1496.6
623,2025-11-15,2025-11-15,15:42,Veg Burger,Burger,2,149,298,Credit Card,Sunny,35,104,11,93,149.0,846,Yes,Saturday,Yes,No,Returning,Dine-In,484.8
624,2025-10-28,2025-10-28,04:02,Veg Biryani,Main Course,5,249,1245,Debit Card,Sunny,28,118,27,91,249.0,816,No,Tuesday,No,No,New,Dine-In,1860.5
625,2025-01-17,2025-01-17,16:53,Paneer Tikka,Starter,3,299,897,UPI,Rainy,29,160,18,142,299.0,650,No,Friday,No,No,New,Takeaway,1140.7
626,2025-09-04,2025-09-04,10:37,Farmhouse Pizza,Pizza,2,399,798,UPI,Rainy,25,148,44,104,399.0,340,Yes,Thursday,No,No,Returning,Takeaway,1247.8
627,2025-07-12,2025-07-12,14:46,Veg Burger,Burger,2,149,298,UPI,Rainy,23,84,12,72,149.0,549,No,Saturday,Yes,No,New,Delivery,800.8
628,2025-09-19,2025-09-19,01:33,White Sauce Pasta,Pasta,5,249,1245,UPI,Rainy,26,174,57,117,249.0,492,No,Friday,No,No,Returning,Takeaway,1779.5
629,2025-11-08,2025-11-08,04:44,Chocolate Shake,Beverage,3,179,537,Debit Card,Rainy,22,83,51,32,179.0,509,No,Saturday,Yes,No,Returning,Takeaway,886.7
630,2025-04-07,2025-04-07,05:19,Chole Bhature,Main Course,3,199,597,UPI,Sunny,22,89,50,39,199.0,835,No,Monday,No,No,New,Takeaway,1011.7
631,2025-03-28,2025-03-28,23:20,Cold Coffee,Beverage,3,149,447,Cash,Windy,33,165,51,114,149.0,381,No,Friday,No,No,New,Dine-In,919.7
632,2025-04-29,2025-04-29,06:10,Chocolate Shake,Beverage,3,179,537,Credit Card,Windy,18,118,25,93,179.0,872,Yes,Tuesday,No,No,New,Takeaway,757.7
633,2025-09-16,2025-09-16,06:38,Veg Biryani,Main Course,5,249,1245,Debit Card,Rainy,31,168,16,152,249.0,398,Yes,Tuesday,No,No,Returning,Takeaway,1528.5
634,2025-02-21,2025-02-21,15:39,Paneer Tikka,Starter,2,299,598,Debit Card,Sunny,18,93,38,55,299.0,808,No,Friday,No,No,Returning,Delivery,1038.8
635,2025-01-10,2025-01-10,20:42,White Sauce Pasta,Pasta,5,249,1245,Debit Card,Cloudy,32,168,13,155,249.0,764,Yes,Friday,No,No,New,Takeaway,1679.5
636,2025-12-14,2025-12-14,09:56,Veg Burger,Burger,3,149,447,Debit Card,Sunny,25,149,48,101,149.0,461,Yes,Sunday,Yes,No,Returning,Dine-In,731.7
637,2025-07-17,2025-07-17,13:06,Chole Bhature,Main Course,4,199,796,Cash,Windy,33,158,58,100,199.0,696,Yes,Thursday,No,No,Returning,Dine-In,1196.6
638,2025-05-26,2025-05-26,06:07,Cold Coffee,Beverage,2,149,298,Debit Card,Windy,27,117,35,82,149.0,711,No,Monday,No,Yes,Returning,Dine-In,784.8
639,2025-06-16,2025-06-16,13:32,Veg Biryani,Main Course,1,249,249,Credit Card,Cloudy,31,113,42,71,249.0,317,Yes,Monday,No,No,New,Delivery,594.9
640,2025-12-05,2025-12-05,08:29,Spring Rolls,Starter,4,229,916,Debit Card,Sunny,19,128,33,95,229.0,478,Yes,Friday,No,No,New,Delivery,1384.6
641,2025-05-27,2025-05-27,05:53,Veg Burger,Burger,4,149,596,Debit Card,Sunny,23,147,28,119,149.0,674,Yes,Tuesday,No,Yes,Returning,Delivery,882.6
642,2025-04-21,2025-04-21,13:44,White Sauce Pasta,Pasta,2,249,498,Credit Card,Sunny,32,149,26,123,249.0,394,Yes,Monday,No,No,New,Takeaway,668.8
643,2025-11-27,2025-11-27,17:10,Veg Sandwich,Snacks,4,179,716,UPI,Windy,30,166,58,108,179.0,417,Yes,Thursday,No,No,Returning,Takeaway,892.6
644,2025-12-14,2025-12-14,03:36,Veg Biryani,Main Course,5,249,1245,UPI,Windy,28,147,32,115,249.0,447,Yes,Sunday,Yes,Yes,Returning,Dine-In,1764.5
645,2025-06-25,2025-06-25,13:29,Cheese Burger,Burger,3,199,597,UPI,Rainy,30,98,56,42,199.0,619,Yes,Wednesday,No,No,New,Takeaway,1078.7
646,2025-01-01,2025-01-01,11:48,Soft Drink,Beverage,2,79,158,UPI,Cloudy,34,145,56,89,79.0,597,Yes,Wednesday,No,No,New,Delivery,550.8
647,2025-07-29,2025-07-29,05:13,Cheese Burger,Burger,5,199,995,Debit Card,Rainy,27,147,39,108,199.0,414,Yes,Tuesday,No,Yes,Returning,Takeaway,1560.5
648,2025-12-13,2025-12-13,05:23,Veg Burger,Burger,1,149,149,Cash,Cloudy,20,174,49,125,149.0,751,Yes,Saturday,Yes,No,Returning,Takeaway,514.9
649,2025-10-03,2025-10-03,06:49,Masala Dosa,South Indian,5,199,995,UPI,Sunny,33,146,17,129,199.0,765,No,Friday,No,No,Returning,Delivery,1272.5
650,2025-09-07,2025-09-07,08:42,Farmhouse Pizza,Pizza,4,399,1596,Cash,Rainy,26,129,24,105,399.0,634,No,Sunday,Yes,No,Returning,Delivery,2101.6
651,2025-12-10,2025-12-10,01:09,Chole Bhature,Main Course,5,199,995,UPI,Cloudy,30,93,40,53,199.0,564,No,Wednesday,No,No,Returning,Takeaway,1420.5
652,2025-01-05,2025-01-05,07:13,Veg Sandwich,Snacks,4,179,716,Credit Card,Windy,24,176,45,131,179.0,302,No,Sunday,Yes,No,Returning,Takeaway,1031.6
653,2025-01-30,2025-01-30,16:01,Paneer Tikka,Starter,4,299,1196,UPI,Sunny,19,138,52,86,299.0,747,Yes,Thursday,No,No,Returning,Delivery,1813.6
654,2025-04-10,2025-04-10,07:06,Masala Dosa,South Indian,1,199,199,UPI,Rainy,35,101,12,89,199.0,589,Yes,Thursday,No,No,Returning,Delivery,346.9
655,2025-02-06,2025-02-06,06:35,Veg Sandwich,Snacks,3,179,537,Debit Card,Rainy,35,102,58,44,179.0,807,Yes,Thursday,No,No,New,Takeaway,1087.7
656,2025-08-10,2025-08-10,13:05,Chole Bhature,Main Course,3,199,597,Credit Card,Rainy,32,122,59,63,199.0,879,Yes,Sunday,Yes,No,New,Delivery,760.7
657,2025-08-14,2025-08-14,22:58,Veg Burger,Burger,4,149,596,Credit Card,Sunny,22,119,22,97,149.0,473,No,Thursday,No,Yes,New,Takeaway,1135.6
658,2025-05-05,2025-05-05,00:08,French Fries,Snacks,4,129,516,Credit Card,Rainy,19,126,45,81,129.0,742,No,Monday,No,No,Returning,Takeaway,794.6
659,2025-04-19,2025-04-19,21:22,Chole Bhature,Main Course,1,199,199,Credit Card,Windy,31,108,42,66,199.0,522,Yes,Saturday,Yes,No,Returning,Dine-In,603.9
660,2025-07-14,2025-07-14,13:49,Cheese Burger,Burger,1,199,199,UPI,Windy,32,153,30,123,199.0,606,No,Monday,No,No,New,Delivery,343.9
661,2025-09-14,2025-09-14,07:54,Cheese Burger,Burger,4,199,796,UPI,Sunny,30,89,51,38,199.0,368,No,Sunday,Yes,No,New,Delivery,1177.6
662,2025-03-16,2025-03-16,14:46,Chocolate Shake,Beverage,5,179,895,Credit Card,Sunny,25,97,50,47,179.0,823,No,Sunday,Yes,No,New,Delivery,1446.5
663,2025-12-10,2025-12-10,13:54,White Sauce Pasta,Pasta,3,249,747,UPI,Sunny,27,134,36,98,249.0,617,No,Wednesday,No,No,New,Dine-In,1222.7
664,2025-05-29,2025-05-29,00:02,French Fries,Snacks,5,129,645,UPI,Cloudy,34,142,48,94,129.0,824,No,Thursday,No,Yes,New,Dine-In,1178.5
665,2025-12-07,2025-12-07,23:06,Farmhouse Pizza,Pizza,3,399,1197,Debit Card,Sunny,22,164,19,145,399.0,445,Yes,Sunday,Yes,Yes,New,Takeaway,1525.7
666,2025-06-15,2025-06-15,18:10,Cold Coffee,Beverage,2,149,298,Debit Card,Sunny,33,87,50,37,149.0,707,Yes,Sunday,Yes,No,New,Dine-In,475.8
667,2025-09-30,2025-09-30,10:39,Masala Dosa,South Indian,2,199,398,Debit Card,Cloudy,33,155,53,102,199.0,642,No,Tuesday,No,No,Returning,Dine-In,899.8
668,2025-06-27,2025-06-27,23:46,Chole Bhature,Main Course,4,199,796,UPI,Rainy,18,172,30,142,199.0,308,Yes,Friday,No,Yes,New,Delivery,1146.6
669,2025-05-17,2025-05-17,05:49,White Sauce Pasta,Pasta,4,249,996,Debit Card,Sunny,31,132,27,105,249.0,711,Yes,Saturday,Yes,No,New,Takeaway,1295.6
670,2025-08-09,2025-08-09,20:34,Masala Dosa,South Indian,2,199,398,UPI,Cloudy,25,169,50,119,199.0,664,Yes,Saturday,Yes,No,New,Delivery,641.8
671,2025-10-27,2025-10-27,08:29,Chole Bhature,Main Course,2,199,398,Debit Card,Windy,33,112,56,56,199.0,732,No,Monday,No,No,New,Delivery,845.8
672,2025-06-06,2025-06-06,12:40,Chole Bhature,Main Course,4,199,796,UPI,Cloudy,29,166,40,126,199.0,620,Yes,Friday,No,No,Returning,Delivery,1303.6
673,2025-08-19,2025-08-19,06:10,Cheese Burger,Burger,2,199,398,UPI,Rainy,31,80,54,26,199.0,630,Yes,Tuesday,No,No,New,Delivery,924.8
674,2025-12-29,2025-12-29,19:20,French Fries,Snacks,2,129,258,Credit Card,Cloudy,25,154,25,129,129.0,605,Yes,Monday,No,No,New,Delivery,465.8
675,2025-07-03,2025-07-03,09:03,Veg Sandwich,Snacks,3,179,537,Cash,Sunny,28,113,48,65,179.0,865,Yes,Thursday,No,Yes,Returning,Takeaway,727.7
676,2025-06-29,2025-06-29,11:18,Soft Drink,Beverage,5,79,395,Debit Card,Sunny,30,179,52,127,79.0,609,No,Sunday,Yes,No,New,Dine-In,908.5
677,2025-05-10,2025-05-10,05:24,Farmhouse Pizza,Pizza,1,399,399,UPI,Cloudy,25,166,40,126,399.0,730,Yes,Saturday,Yes,No,Returning,Dine-In,729.9
678,2025-03-25,2025-03-25,21:03,Cheese Burger,Burger,2,199,398,Credit Card,Cloudy,28,114,20,94,199.0,898,Yes,Tuesday,No,No,Returning,Dine-In,917.8
679,2025-01-13,2025-01-13,16:41,French Fries,Snacks,4,129,516,Debit Card,Sunny,34,140,58,82,129.0,743,No,Monday,No,No,New,Delivery,717.6
680,2025-10-27,2025-10-27,00:41,Veg Sandwich,Snacks,4,179,716,Cash,Windy,21,106,40,66,179.0,615,Yes,Monday,No,Yes,New,Delivery,1190.6
681,2025-12-06,2025-12-06,07:16,Veg Sandwich,Snacks,3,179,537,Cash,Windy,24,102,41,61,179.0,485,No,Saturday,Yes,No,Returning,Takeaway,916.7
682,2025-11-04,2025-11-04,16:35,Soft Drink,Beverage,2,79,158,Credit Card,Sunny,24,170,34,136,79.0,579,Yes,Tuesday,No,No,New,Takeaway,559.8
683,2025-04-12,2025-04-12,19:45,Chole Bhature,Main Course,2,199,398,Credit Card,Sunny,34,116,39,77,199.0,306,No,Saturday,Yes,No,Returning,Takeaway,806.8
684,2025-11-07,2025-11-07,11:03,Farmhouse Pizza,Pizza,2,399,798,Credit Card,Windy,27,146,38,108,399.0,468,No,Friday,No,No,New,Takeaway,989.8
685,2025-10-31,2025-10-31,05:34,Cheese Burger,Burger,3,199,597,Credit Card,Rainy,34,108,54,54,199.0,560,Yes,Friday,No,No,New,Takeaway,1099.7
686,2025-08-19,2025-08-19,10:55,Veg Sandwich,Snacks,2,179,358,Debit Card,Rainy,33,105,53,52,179.0,339,Yes,Tuesday,No,No,New,Dine-In,760.8
687,2025-08-04,2025-08-04,10:02,Cheese Burger,Burger,2,199,398,Credit Card,Cloudy,21,127,21,106,199.0,740,Yes,Monday,No,No,Returning,Takeaway,618.8
688,2025-08-07,2025-08-07,13:19,Cheese Burger,Burger,3,199,597,UPI,Sunny,35,101,47,54,199.0,772,No,Thursday,No,No,Returning,Takeaway,961.7
689,2025-11-28,2025-11-28,22:39,Veg Sandwich,Snacks,1,179,179,UPI,Cloudy,18,174,24,150,179.0,824,No,Friday,No,No,Returning,Delivery,364.9
690,2025-07-24,2025-07-24,03:14,French Fries,Snacks,4,129,516,Debit Card,Windy,23,146,12,134,129.0,436,Yes,Thursday,No,No,New,Delivery,708.6
691,2025-07-03,2025-07-03,17:03,Veg Biryani,Main Course,1,249,249,Cash,Cloudy,30,156,59,97,249.0,820,Yes,Thursday,No,No,Returning,Delivery,566.9
692,2025-10-04,2025-10-04,15:03,Margherita Pizza,Pizza,5,299,1495,Debit Card,Windy,31,100,44,56,299.0,769,Yes,Saturday,Yes,Yes,New,Delivery,1787.5
693,2025-11-24,2025-11-24,05:57,Soft Drink,Beverage,2,79,158,Debit Card,Cloudy,27,114,57,57,79.0,418,No,Monday,No,No,New,Takeaway,579.8
694,2025-02-02,2025-02-02,03:45,Chocolate Shake,Beverage,3,179,537,Credit Card,Windy,24,94,41,53,179.0,582,Yes,Sunday,Yes,No,Returning,Delivery,903.7
695,2025-09-13,2025-09-13,01:07,White Sauce Pasta,Pasta,1,249,249,Credit Card,Windy,28,170,36,134,249.0,375,Yes,Saturday,Yes,No,New,Dine-In,699.9
696,2025-02-03,2025-02-03,21:30,Farmhouse Pizza,Pizza,5,399,1995,Cash,Windy,25,107,11,96,399.0,618,No,Monday,No,No,New,Dine-In,2476.5
697,2025-11-21,2025-11-21,02:14,White Sauce Pasta,Pasta,1,249,249,Debit Card,Rainy,29,166,25,141,249.0,303,Yes,Friday,No,No,New,Dine-In,588.9
698,2025-07-22,2025-07-22,23:21,Veg Sandwich,Snacks,4,179,716,Credit Card,Windy,20,97,29,68,179.0,328,Yes,Tuesday,No,No,New,Takeaway,1196.6
699,2025-07-22,2025-07-22,00:43,Chocolate Shake,Beverage,2,179,358,Credit Card,Sunny,30,142,17,125,179.0,421,No,Tuesday,No,No,New,Takeaway,717.8
700,2025-03-20,2025-03-20,12:01,Margherita Pizza,Pizza,5,299,1495,Debit Card,Cloudy,28,88,37,51,299.0,842,No,Thursday,No,No,Returning,Takeaway,1749.5
701,2025-11-05,2025-11-05,12:44,Soft Drink,Beverage,4,79,316,Credit Card,Sunny,19,85,56,29,79.0,658,Yes,Wednesday,No,No,Returning,Dine-In,513.6
702,2025-02-19,2025-02-19,01:44,Soft Drink,Beverage,5,79,395,Debit Card,Sunny,22,81,49,32,79.0,868,No,Wednesday,No,No,New,Takeaway,813.5
703,2025-07-01,2025-07-01,11:06,Soft Drink,Beverage,5,79,395,Debit Card,Windy,33,89,27,62,79.0,875,No,Tuesday,No,No,Returning,Takeaway,911.5
704,2025-10-17,2025-10-17,07:13,Chocolate Shake,Beverage,3,179,537,Debit Card,Windy,22,109,21,88,179.0,493,No,Friday,No,No,New,Takeaway,1010.7
705,2025-12-10,2025-12-10,14:20,Veg Sandwich,Snacks,1,179,179,Cash,Cloudy,18,178,14,164,179.0,473,Yes,Wednesday,No,No,Returning,Takeaway,312.9
706,2025-09-10,2025-09-10,12:03,Chole Bhature,Main Course,5,199,995,UPI,Sunny,21,170,14,156,199.0,611,Yes,Wednesday,No,No,New,Delivery,1490.5
707,2025-01-15,2025-01-15,13:46,Paneer Tikka,Starter,4,299,1196,Cash,Rainy,26,135,26,109,299.0,399,No,Wednesday,No,No,Returning,Delivery,1798.6
708,2025-08-04,2025-08-04,02:17,Veg Sandwich,Snacks,5,179,895,Debit Card,Windy,34,154,54,100,179.0,759,No,Monday,No,No,Returning,Takeaway,1367.5
709,2025-08-03,2025-08-03,05:13,French Fries,Snacks,5,129,645,UPI,Windy,20,141,10,131,129.0,388,No,Sunday,Yes,No,New,Delivery,895.5
710,2025-10-04,2025-10-04,12:53,Paneer Tikka,Starter,3,299,897,Cash,Rainy,30,87,21,66,299.0,568,Yes,Saturday,Yes,No,New,Dine-In,1260.7
711,2025-10-06,2025-10-06,15:33,Chocolate Shake,Beverage,5,179,895,Cash,Cloudy,19,90,26,64,179.0,610,Yes,Monday,No,No,New,Dine-In,1303.5
712,2025-03-09,2025-03-09,18:51,Masala Dosa,South Indian,4,199,796,Debit Card,Sunny,20,146,54,92,199.0,473,No,Sunday,Yes,No,New,Dine-In,1370.6
713,2025-02-23,2025-02-23,10:25,Farmhouse Pizza,Pizza,3,399,1197,Debit Card,Rainy,32,153,32,121,399.0,507,No,Sunday,Yes,No,Returning,Dine-In,1488.7
714,2025-07-01,2025-07-01,19:54,Spring Rolls,Starter,3,229,687,Cash,Cloudy,30,86,56,30,229.0,659,No,Tuesday,No,No,New,Dine-In,1081.7
715,2025-06-08,2025-06-08,10:47,Cheese Burger,Burger,1,199,199,Credit Card,Rainy,32,116,47,69,199.0,621,No,Sunday,Yes,No,New,Dine-In,486.9
716,2025-03-31,2025-03-31,11:26,Veg Burger,Burger,4,149,596,Credit Card,Windy,23,81,28,53,149.0,457,Yes,Monday,No,Yes,New,Delivery,962.6
717,2025-02-10,2025-02-10,22:15,Paneer Tikka,Starter,2,299,598,Cash,Rainy,30,111,27,84,299.0,813,Yes,Monday,No,No,New,Delivery,1050.8
718,2025-02-13,2025-02-13,16:17,Spring Rolls,Starter,1,229,229,Credit Card,Windy,25,107,16,91,229.0,822,Yes,Thursday,No,No,Returning,Delivery,563.9
719,2025-03-23,2025-03-23,20:03,Soft Drink,Beverage,4,79,316,Debit Card,Sunny,29,104,11,93,79.0,662,Yes,Sunday,Yes,No,Returning,Dine-In,648.6
720,2025-03-08,2025-03-08,02:21,Cold Coffee,Beverage,2,149,298,Cash,Sunny,25,101,53,48,149.0,792,Yes,Saturday,Yes,No,New,Dine-In,542.8
721,2025-10-17,2025-10-17,07:42,Spring Rolls,Starter,3,229,687,UPI,Sunny,23,168,40,128,229.0,356,No,Friday,No,Yes,New,Delivery,886.7
722,2025-12-08,2025-12-08,07:24,Veg Biryani,Main Course,1,249,249,UPI,Rainy,19,146,47,99,249.0,579,Yes,Monday,No,No,New,Dine-In,752.9
723,2025-01-20,2025-01-20,18:46,Chocolate Shake,Beverage,4,179,716,UPI,Cloudy,27,119,47,72,179.0,488,No,Monday,No,No,New,Delivery,1166.6
724,2025-05-07,2025-05-07,14:05,French Fries,Snacks,1,129,129,UPI,Rainy,24,95,22,73,129.0,538,Yes,Wednesday,No,Yes,New,Takeaway,478.9
725,2025-11-08,2025-11-08,20:12,Farmhouse Pizza,Pizza,5,399,1995,Debit Card,Cloudy,21,171,12,159,399.0,838,Yes,Saturday,Yes,No,New,Takeaway,2601.5
726,2025-07-13,2025-07-13,20:13,Masala Dosa,South Indian,1,199,199,Debit Card,Rainy,21,86,29,57,199.0,440,Yes,Sunday,Yes,No,New,Takeaway,335.9
727,2025-12-25,2025-12-25,02:15,Paneer Tikka,Starter,4,299,1196,Debit Card,Sunny,24,153,45,108,299.0,527,Yes,Thursday,No,Yes,New,Dine-In,1707.6
728,2025-06-08,2025-06-08,06:33,Masala Dosa,South Indian,2,199,398,Credit Card,Windy,26,98,50,48,199.0,837,Yes,Sunday,Yes,No,New,Takeaway,876.8
729,2025-12-03,2025-12-03,12:42,Cold Coffee,Beverage,1,149,149,Debit Card,Cloudy,29,119,31,88,149.0,598,Yes,Wednesday,No,No,Returning,Takeaway,356.9
730,2025-07-02,2025-07-02,02:48,Cheese Burger,Burger,2,199,398,Credit Card,Windy,19,93,20,73,199.0,405,No,Wednesday,No,No,New,Delivery,571.8
731,2025-05-07,2025-05-07,01:49,French Fries,Snacks,1,129,129,Cash,Windy,26,96,27,69,129.0,361,Yes,Wednesday,No,No,Returning,Takeaway,603.9
732,2025-11-14,2025-11-14,18:41,Chocolate Shake,Beverage,1,179,179,Cash,Sunny,29,118,57,61,179.0,397,Yes,Friday,No,Yes,Returning,Dine-In,324.9
733,2025-01-18,2025-01-18,03:19,Veg Burger,Burger,2,149,298,UPI,Cloudy,30,82,33,49,149.0,868,No,Saturday,Yes,No,Returning,Delivery,797.8
734,2025-09-18,2025-09-18,04:36,White Sauce Pasta,Pasta,1,249,249,Cash,Windy,28,92,25,67,249.0,608,No,Thursday,No,No,Returning,Takeaway,606.9
735,2025-07-15,2025-07-15,12:44,Soft Drink,Beverage,1,79,79,UPI,Rainy,22,144,49,95,79.0,672,Yes,Tuesday,No,No,New,Takeaway,209.9
736,2025-03-19,2025-03-19,06:43,Margherita Pizza,Pizza,3,299,897,Cash,Cloudy,19,142,32,110,299.0,892,No,Wednesday,No,Yes,New,Dine-In,1366.7
737,2025-09-15,2025-09-15,04:50,Spring Rolls,Starter,4,229,916,Debit Card,Windy,29,109,17,92,229.0,529,No,Monday,No,No,Returning,Delivery,1219.6
738,2025-02-21,2025-02-21,08:29,Margherita Pizza,Pizza,2,299,598,UPI,Cloudy,27,160,41,119,299.0,630,No,Friday,No,Yes,New,Takeaway,1034.8
739,2025-04-30,2025-04-30,13:38,French Fries,Snacks,2,129,258,UPI,Cloudy,25,142,56,86,129.0,645,Yes,Wednesday,No,No,Returning,Takeaway,725.8
740,2025-09-18,2025-09-18,17:59,French Fries,Snacks,2,129,258,Cash,Cloudy,23,173,24,149,129.0,647,Yes,Thursday,No,Yes,Returning,Takeaway,667.8
741,2025-04-30,2025-04-30,08:04,Paneer Tikka,Starter,4,299,1196,Cash,Cloudy,28,157,27,130,299.0,530,Yes,Wednesday,No,No,New,Delivery,1570.6
742,2025-06-18,2025-06-18,19:04,Soft Drink,Beverage,3,79,237,Cash,Cloudy,26,97,10,87,79.0,408,Yes,Wednesday,No,No,Returning,Dine-In,690.7
743,2025-10-05,2025-10-05,17:30,Paneer Tikka,Starter,4,299,1196,Credit Card,Sunny,31,116,24,92,299.0,419,No,Sunday,Yes,No,Returning,Dine-In,1606.6
744,2025-08-18,2025-08-18,08:04,French Fries,Snacks,3,129,387,Debit Card,Windy,30,127,24,103,129.0,689,No,Monday,No,No,Returning,Takeaway,825.7
745,2025-11-17,2025-11-17,05:13,Veg Sandwich,Snacks,3,179,537,Cash,Windy,34,88,49,39,179.0,432,Yes,Monday,No,Yes,Returning,Takeaway,1075.7
746,2025-03-29,2025-03-29,04:54,Veg Biryani,Main Course,4,249,996,Cash,Cloudy,18,177,48,129,249.0,516,No,Saturday,Yes,No,New,Dine-In,1251.6
747,2025-05-29,2025-05-29,11:06,Chole Bhature,Main Course,3,199,597,Debit Card,Rainy,33,92,57,35,199.0,607,No,Thursday,No,Yes,New,Takeaway,1010.7
748,2025-01-09,2025-01-09,21:51,Chole Bhature,Main Course,4,199,796,UPI,Windy,21,161,16,145,199.0,849,Yes,Thursday,No,No,Returning,Takeaway,1200.6
749,2025-07-22,2025-07-22,05:33,French Fries,Snacks,1,129,129,Debit Card,Sunny,22,134,31,103,129.0,771,No,Tuesday,No,No,Returning,Delivery,471.9
750,2025-06-10,2025-06-10,02:14,Chocolate Shake,Beverage,5,179,895,Cash,Windy,33,140,44,96,179.0,648,No,Tuesday,No,No,New,Takeaway,1090.5
751,2025-07-22,2025-07-22,16:03,Spring Rolls,Starter,4,229,916,Credit Card,Windy,25,128,60,68,229.0,809,No,Tuesday,No,Yes,Returning,Delivery,1377.6
752,2025-06-24,2025-06-24,15:31,Veg Burger,Burger,4,149,596,Cash,Windy,31,170,23,147,149.0,694,No,Tuesday,No,No,New,Delivery,997.6
753,2025-06-13,2025-06-13,07:16,Cheese Burger,Burger,1,199,199,UPI,Windy,30,164,40,124,199.0,463,Yes,Friday,No,No,Returning,Dine-In,457.9
754,2025-02-17,2025-02-17,22:04,Farmhouse Pizza,Pizza,3,399,1197,Credit Card,Cloudy,33,131,38,93,399.0,302,Yes,Monday,No,No,Returning,Takeaway,1579.7
755,2025-02-18,2025-02-18,09:35,Veg Burger,Burger,4,149,596,Credit Card,Sunny,25,121,24,97,149.0,898,No,Tuesday,No,No,Returning,Delivery,914.6
756,2025-02-12,2025-02-12,05:46,Chole Bhature,Main Course,2,199,398,Cash,Cloudy,29,149,42,107,199.0,749,Yes,Wednesday,No,No,New,Delivery,816.8
757,2025-09-12,2025-09-12,13:45,Paneer Tikka,Starter,5,299,1495,Cash,Rainy,21,133,45,88,299.0,570,No,Friday,No,Yes,Returning,Dine-In,2069.5
758,2025-10-20,2025-10-20,23:02,Masala Dosa,South Indian,1,199,199,Cash,Rainy,35,171,37,134,199.0,695,Yes,Monday,No,No,New,Dine-In,382.9
759,2025-03-05,2025-03-05,11:56,Veg Burger,Burger,1,149,149,Credit Card,Rainy,30,154,33,121,149.0,392,Yes,Wednesday,No,No,Returning,Takeaway,537.9
760,2025-08-24,2025-08-24,19:43,White Sauce Pasta,Pasta,4,249,996,Cash,Windy,30,93,53,40,249.0,300,Yes,Sunday,Yes,No,New,Delivery,1322.6
761,2025-07-08,2025-07-08,18:24,Veg Burger,Burger,3,149,447,Debit Card,Cloudy,27,80,26,54,149.0,473,Yes,Tuesday,No,No,New,Takeaway,960.7
762,2025-03-07,2025-03-07,12:25,French Fries,Snacks,3,129,387,Credit Card,Cloudy,19,150,24,126,129.0,752,No,Friday,No,No,New,Takeaway,604.7
763,2025-10-07,2025-10-07,20:07,Margherita Pizza,Pizza,4,299,1196,Cash,Rainy,21,105,49,56,299.0,844,Yes,Tuesday,No,No,New,Delivery,1583.6
764,2025-04-24,2025-04-24,00:17,Veg Sandwich,Snacks,5,179,895,Debit Card,Sunny,21,139,38,101,179.0,488,Yes,Thursday,No,No,Returning,Takeaway,1399.5
765,2025-07-01,2025-07-01,08:39,Veg Burger,Burger,4,149,596,UPI,Rainy,29,151,55,96,149.0,339,No,Tuesday,No,No,Returning,Dine-In,812.6
766,2025-12-16,2025-12-16,07:33,White Sauce Pasta,Pasta,3,249,747,Debit Card,Rainy,33,111,40,71,249.0,318,No,Tuesday,No,No,New,Dine-In,1134.7
767,2025-03-18,2025-03-18,22:20,Chole Bhature,Main Course,2,199,398,UPI,Rainy,29,161,14,147,199.0,461,No,Tuesday,No,No,New,Dine-In,744.8
768,2025-10-09,2025-10-09,01:20,Veg Biryani,Main Course,4,249,996,UPI,Windy,29,166,38,128,249.0,616,Yes,Thursday,No,No,Returning,Delivery,1406.6
769,2025-09-11,2025-09-11,18:19,Chocolate Shake,Beverage,1,179,179,Debit Card,Sunny,19,169,40,129,179.0,578,No,Thursday,No,No,New,Takeaway,556.9
770,2025-01-13,2025-01-13,07:33,Cheese Burger,Burger,4,199,796,UPI,Sunny,29,101,38,63,199.0,518,Yes,Monday,No,No,New,Takeaway,1045.6
771,2025-12-11,2025-12-11,15:10,Veg Biryani,Main Course,3,249,747,Cash,Windy,30,131,42,89,249.0,396,Yes,Thursday,No,No,Returning,Delivery,934.7
772,2025-10-20,2025-10-20,19:10,Margherita Pizza,Pizza,5,299,1495,Debit Card,Cloudy,25,104,46,58,299.0,499,No,Monday,No,No,Returning,Delivery,1745.5
773,2025-11-15,2025-11-15,16:29,Spring Rolls,Starter,5,229,1145,Cash,Rainy,29,147,32,115,229.0,624,Yes,Saturday,Yes,No,Returning,Delivery,1405.5
774,2025-11-19,2025-11-19,15:02,Cheese Burger,Burger,2,199,398,Debit Card,Cloudy,33,154,48,106,199.0,875,Yes,Wednesday,No,No,New,Delivery,758.8
775,2025-04-21,2025-04-21,21:32,Spring Rolls,Starter,2,229,458,Cash,Sunny,34,147,21,126,229.0,581,Yes,Monday,No,No,New,Takeaway,804.8
776,2025-10-24,2025-10-24,12:55,Veg Burger,Burger,2,149,298,Debit Card,Cloudy,18,171,56,115,149.0,877,Yes,Friday,No,No,New,Dine-In,480.8
777,2025-10-08,2025-10-08,11:44,Veg Burger,Burger,3,149,447,Credit Card,Rainy,20,151,11,140,149.0,356,No,Wednesday,No,No,Returning,Delivery,684.7
778,2025-08-19,2025-08-19,21:21,Chocolate Shake,Beverage,3,179,537,Credit Card,Rainy,27,154,30,124,179.0,481,Yes,Tuesday,No,No,Returning,Dine-In,1009.7
779,2025-10-24,2025-10-24,19:43,Chocolate Shake,Beverage,1,179,179,UPI,Sunny,33,131,40,91,179.0,766,Yes,Friday,No,No,New,Dine-In,689.9
780,2025-07-28,2025-07-28,03:38,Paneer Tikka,Starter,4,299,1196,Credit Card,Sunny,32,154,41,113,299.0,807,Yes,Monday,No,No,New,Takeaway,1598.6
781,2025-11-11,2025-11-11,05:36,Veg Burger,Burger,5,149,745,Cash,Sunny,18,89,12,77,149.0,507,Yes,Tuesday,No,No,New,Dine-In,1263.5
782,2025-04-30,2025-04-30,12:36,Masala Dosa,South Indian,5,199,995,Credit Card,Windy,21,153,31,122,199.0,540,No,Wednesday,No,No,New,Dine-In,1205.5
783,2025-12-20,2025-12-20,19:56,Veg Burger,Burger,1,149,149,Cash,Sunny,31,166,31,135,149.0,367,Yes,Saturday,Yes,No,New,Takeaway,302.9
784,2025-02-12,2025-02-12,23:32,Veg Sandwich,Snacks,4,179,716,Debit Card,Cloudy,35,145,10,135,179.0,481,Yes,Wednesday,No,No,Returning,Delivery,891.6
785,2025-12-08,2025-12-08,08:33,Cold Coffee,Beverage,4,149,596,Credit Card,Cloudy,33,125,19,106,149.0,377,No,Monday,No,No,Returning,Takeaway,1101.6
786,2025-10-27,2025-10-27,19:18,Veg Burger,Burger,4,149,596,UPI,Windy,35,94,48,46,149.0,854,Yes,Monday,No,Yes,New,Dine-In,1032.6
787,2025-09-08,2025-09-08,22:39,Chocolate Shake,Beverage,2,179,358,Credit Card,Sunny,33,106,12,94,179.0,441,Yes,Monday,No,No,New,Delivery,840.8
788,2025-07-14,2025-07-14,04:58,Paneer Tikka,Starter,5,299,1495,UPI,Sunny,24,121,18,103,299.0,780,No,Monday,No,No,New,Takeaway,1846.5
789,2025-09-02,2025-09-02,13:50,Chole Bhature,Main Course,2,199,398,Credit Card,Rainy,35,92,17,75,199.0,858,Yes,Tuesday,No,No,Returning,Takeaway,770.8
790,2025-06-18,2025-06-18,11:08,Soft Drink,Beverage,1,79,79,UPI,Windy,19,124,45,79,79.0,830,No,Wednesday,No,No,New,Dine-In,387.9
791,2025-09-03,2025-09-03,01:12,Masala Dosa,South Indian,4,199,796,UPI,Cloudy,34,89,30,59,199.0,532,Yes,Wednesday,No,No,New,Delivery,1144.6
792,2025-09-26,2025-09-26,15:37,Paneer Tikka,Starter,2,299,598,Cash,Sunny,23,144,47,97,299.0,802,Yes,Friday,No,No,Returning,Takeaway,1082.8
793,2025-12-31,2025-12-31,21:57,French Fries,Snacks,2,129,258,UPI,Cloudy,35,100,25,75,129.0,388,Yes,Wednesday,No,No,New,Takeaway,576.8
794,2025-12-22,2025-12-22,19:20,Cold Coffee,Beverage,1,149,149,Cash,Windy,18,101,27,74,149.0,485,Yes,Monday,No,No,Returning,Takeaway,508.9
795,2025-04-27,2025-04-27,01:11,Paneer Tikka,Starter,2,299,598,Cash,Sunny,27,151,16,135,299.0,635,Yes,Sunday,Yes,No,Returning,Dine-In,891.8
796,2025-02-12,2025-02-12,04:19,French Fries,Snacks,4,129,516,Debit Card,Sunny,29,82,53,29,129.0,455,No,Wednesday,No,No,New,Delivery,731.6
797,2025-11-21,2025-11-21,19:50,Paneer Tikka,Starter,2,299,598,UPI,Windy,22,137,56,81,299.0,615,Yes,Friday,No,No,New,Dine-In,1012.8
798,2025-05-18,2025-05-18,22:35,Soft Drink,Beverage,1,79,79,Debit Card,Sunny,34,175,45,130,79.0,625,No,Sunday,Yes,No,Returning,Delivery,439.9
799,2025-07-07,2025-07-07,21:21,Veg Sandwich,Snacks,5,179,895,Credit Card,Rainy,22,96,45,51,179.0,441,Yes,Monday,No,No,New,Delivery,1101.5
800,2025-07-08,2025-07-08,09:34,Masala Dosa,South Indian,5,199,995,Credit Card,Rainy,32,101,45,56,199.0,508,No,Tuesday,No,No,New,Takeaway,1358.5
801,2025-08-25,2025-08-25,01:52,Paneer Tikka,Starter,5,299,1495,UPI,Windy,21,125,47,78,299.0,499,Yes,Monday,No,No,New,Takeaway,1872.5
802,2025-03-11,2025-03-11,20:42,Margherita Pizza,Pizza,4,299,1196,Credit Card,Sunny,27,99,14,85,299.0,745,Yes,Tuesday,No,Yes,New,Takeaway,1600.6
803,2025-10-08,2025-10-08,13:39,French Fries,Snacks,5,129,645,Debit Card,Cloudy,28,147,38,109,129.0,399,Yes,Wednesday,No,No,New,Dine-In,977.5
804,2025-03-11,2025-03-11,17:08,Chocolate Shake,Beverage,5,179,895,Debit Card,Rainy,19,148,20,128,179.0,435,Yes,Tuesday,No,No,Returning,Takeaway,1114.5
805,2025-08-26,2025-08-26,06:25,Masala Dosa,South Indian,3,199,597,Cash,Rainy,21,112,45,67,199.0,866,No,Tuesday,No,No,New,Takeaway,784.7
806,2025-01-06,2025-01-06,02:58,Chole Bhature,Main Course,3,199,597,Cash,Rainy,19,110,42,68,199.0,587,No,Monday,No,Yes,New,Takeaway,779.7
807,2025-12-13,2025-12-13,09:09,Chocolate Shake,Beverage,3,179,537,Credit Card,Cloudy,35,138,12,126,179.0,379,Yes,Saturday,Yes,No,New,Dine-In,907.7
808,2025-08-28,2025-08-28,03:06,Paneer Tikka,Starter,1,299,299,UPI,Windy,28,118,19,99,299.0,888,Yes,Thursday,No,No,Returning,Delivery,608.9
809,2025-07-12,2025-07-12,18:57,Paneer Tikka,Starter,3,299,897,UPI,Rainy,27,139,22,117,299.0,514,Yes,Saturday,Yes,No,Returning,Delivery,1132.7
810,2025-12-15,2025-12-15,11:09,Cheese Burger,Burger,3,199,597,Credit Card,Cloudy,28,109,11,98,199.0,586,No,Monday,No,No,Returning,Delivery,765.7
811,2025-11-12,2025-11-12,04:15,Veg Burger,Burger,5,149,745,Cash,Cloudy,19,118,15,103,149.0,565,Yes,Wednesday,No,No,Returning,Dine-In,926.5
812,2025-03-28,2025-03-28,05:29,Veg Biryani,Main Course,3,249,747,UPI,Windy,33,96,52,44,249.0,840,No,Friday,No,No,New,Dine-In,1070.7
813,2025-02-15,2025-02-15,04:58,Chocolate Shake,Beverage,3,179,537,Credit Card,Sunny,33,124,53,71,179.0,533,No,Saturday,Yes,No,New,Dine-In,963.7
814,2025-01-19,2025-01-19,12:47,Masala Dosa,South Indian,2,199,398,Debit Card,Sunny,18,110,30,80,199.0,655,No,Sunday,Yes,No,New,Delivery,586.8
815,2025-12-04,2025-12-04,07:21,Cold Coffee,Beverage,1,149,149,Credit Card,Windy,28,114,24,90,149.0,760,Yes,Thursday,No,No,New,Takeaway,315.9
816,2025-07-14,2025-07-14,20:59,Veg Sandwich,Snacks,5,179,895,Debit Card,Sunny,25,88,52,36,179.0,821,Yes,Monday,No,No,New,Delivery,1154.5
817,2025-06-06,2025-06-06,07:40,Chocolate Shake,Beverage,1,179,179,UPI,Windy,33,167,34,133,179.0,847,Yes,Friday,No,No,Returning,Dine-In,367.9
818,2025-06-16,2025-06-16,18:38,Chocolate Shake,Beverage,2,179,358,Credit Card,Sunny,32,90,11,79,179.0,763,Yes,Monday,No,No,New,Takeaway,776.8
819,2025-04-21,2025-04-21,04:36,White Sauce Pasta,Pasta,5,249,1245,Debit Card,Sunny,32,154,48,106,249.0,317,No,Monday,No,No,New,Takeaway,1479.5
820,2025-12-11,2025-12-11,06:34,Masala Dosa,South Indian,1,199,199,Cash,Windy,18,160,39,121,199.0,600,Yes,Thursday,No,No,Returning,Dine-In,509.9
821,2025-10-28,2025-10-28,20:37,Soft Drink,Beverage,3,79,237,Debit Card,Sunny,22,130,53,77,79.0,885,No,Tuesday,No,No,Returning,Delivery,438.7
822,2025-03-06,2025-03-06,20:38,French Fries,Snacks,2,129,258,Debit Card,Windy,27,127,13,114,129.0,311,Yes,Thursday,No,Yes,New,Dine-In,475.8
823,2025-07-30,2025-07-30,07:55,French Fries,Snacks,2,129,258,Debit Card,Windy,23,97,28,69,129.0,406,No,Wednesday,No,No,New,Delivery,748.8
824,2025-02-15,2025-02-15,05:03,Cheese Burger,Burger,3,199,597,UPI,Sunny,21,149,16,133,199.0,603,No,Saturday,Yes,No,New,Dine-In,1061.7
825,2025-01-30,2025-01-30,20:42,Cheese Burger,Burger,5,199,995,Credit Card,Windy,27,145,44,101,199.0,856,No,Thursday,No,No,Returning,Dine-In,1322.5
826,2025-10-17,2025-10-17,04:51,Chole Bhature,Main Course,4,199,796,Cash,Rainy,30,151,49,102,199.0,406,Yes,Friday,No,No,New,Dine-In,1177.6
827,2025-02-26,2025-02-26,05:23,Margherita Pizza,Pizza,3,299,897,Credit Card,Sunny,20,96,21,75,299.0,572,Yes,Wednesday,No,No,Returning,Takeaway,1333.7
828,2025-03-23,2025-03-23,08:18,Farmhouse Pizza,Pizza,2,399,798,Debit Card,Sunny,23,137,10,127,399.0,430,No,Sunday,Yes,Yes,Returning,Takeaway,1297.8
829,2025-05-23,2025-05-23,21:14,Farmhouse Pizza,Pizza,4,399,1596,Cash,Cloudy,27,145,43,102,399.0,856,No,Friday,No,No,Returning,Dine-In,1920.6
830,2025-05-01,2025-05-01,17:47,Paneer Tikka,Starter,2,299,598,Debit Card,Windy,30,121,28,93,299.0,307,No,Thursday,No,No,New,Takeaway,880.8
831,2025-05-10,2025-05-10,19:58,Chocolate Shake,Beverage,2,179,358,Cash,Rainy,20,147,57,90,179.0,362,Yes,Saturday,Yes,No,New,Takeaway,748.8
832,2025-03-31,2025-03-31,16:45,Paneer Tikka,Starter,3,299,897,Credit Card,Cloudy,27,117,54,63,299.0,568,No,Monday,No,No,New,Delivery,1142.7
833,2025-10-20,2025-10-20,05:44,Chocolate Shake,Beverage,1,179,179,Cash,Sunny,21,143,50,93,179.0,549,No,Monday,No,No,Returning,Dine-In,585.9
834,2025-01-28,2025-01-28,06:15,Cheese Burger,Burger,4,199,796,Cash,Sunny,22,85,31,54,199.0,364,Yes,Tuesday,No,No,Returning,Takeaway,1274.6
835,2025-01-10,2025-01-10,01:23,Veg Sandwich,Snacks,1,179,179,Credit Card,Rainy,23,148,34,114,179.0,874,No,Friday,No,No,New,Takeaway,421.9
836,2025-03-25,2025-03-25,22:30,French Fries,Snacks,4,129,516,Credit Card,Windy,33,159,34,125,129.0,583,Yes,Tuesday,No,No,New,Takeaway,762.6
837,2025-01-30,2025-01-30,07:17,Masala Dosa,South Indian,4,199,796,Cash,Sunny,33,104,41,63,199.0,838,Yes,Thursday,No,No,Returning,Delivery,1044.6
838,2025-07-22,2025-07-22,08:43,Veg Sandwich,Snacks,2,179,358,Cash,Windy,24,125,40,85,179.0,693,Yes,Tuesday,No,No,New,Dine-In,779.8
839,2025-08-13,2025-08-13,00:53,Chole Bhature,Main Course,5,199,995,Cash,Rainy,27,124,56,68,199.0,659,No,Wednesday,No,No,Returning,Takeaway,1303.5
840,2025-05-11,2025-05-11,11:37,Margherita Pizza,Pizza,2,299,598,Credit Card,Sunny,23,126,13,113,299.0,700,No,Sunday,Yes,No,Returning,Delivery,1023.8
841,2025-10-20,2025-10-20,17:59,White Sauce Pasta,Pasta,2,249,498,UPI,Rainy,21,85,15,70,249.0,447,No,Monday,No,No,New,Delivery,948.8
842,2025-08-27,2025-08-27,20:28,Farmhouse Pizza,Pizza,3,399,1197,Cash,Windy,28,133,42,91,399.0,550,Yes,Wednesday,No,No,New,Dine-In,1496.7
843,2025-12-26,2025-12-26,14:33,Veg Burger,Burger,2,149,298,Debit Card,Sunny,35,126,23,103,149.0,499,Yes,Friday,No,Yes,Returning,Delivery,709.8
844,2025-03-04,2025-03-04,00:26,Soft Drink,Beverage,1,79,79,Cash,Sunny,29,148,20,128,79.0,351,Yes,Tuesday,No,No,New,Delivery,261.9
845,2025-07-11,2025-07-11,12:30,Veg Biryani,Main Course,2,249,498,Cash,Cloudy,18,158,56,102,249.0,697,Yes,Friday,No,No,Returning,Dine-In,957.8
846,2025-11-02,2025-11-02,15:01,White Sauce Pasta,Pasta,4,249,996,Credit Card,Windy,24,99,50,49,249.0,413,No,Sunday,Yes,No,Returning,Dine-In,1315.6
847,2025-09-10,2025-09-10,01:52,French Fries,Snacks,3,129,387,Cash,Sunny,35,154,34,120,129.0,621,No,Wednesday,No,No,Returning,Dine-In,788.7
848,2025-12-23,2025-12-23,02:37,Masala Dosa,South Indian,2,199,398,Cash,Cloudy,19,176,14,162,199.0,811,Yes,Tuesday,No,No,Returning,Takeaway,659.8
849,2025-11-23,2025-11-23,19:43,French Fries,Snacks,2,129,258,UPI,Sunny,28,101,27,74,129.0,650,No,Sunday,Yes,No,Returning,Dine-In,574.8
850,2025-12-03,2025-12-03,21:41,Chole Bhature,Main Course,3,199,597,Credit Card,Windy,28,131,36,95,199.0,424,No,Wednesday,No,Yes,New,Dine-In,879.7
851,2025-05-08,2025-05-08,06:03,Veg Sandwich,Snacks,4,179,716,UPI,Rainy,27,124,43,81,179.0,815,Yes,Thursday,No,No,Returning,Takeaway,1152.6
852,2025-04-16,2025-04-16,16:45,Cold Coffee,Beverage,5,149,745,Debit Card,Rainy,35,170,14,156,149.0,712,Yes,Wednesday,No,No,New,Delivery,1173.5
853,2025-02-28,2025-02-28,15:21,Margherita Pizza,Pizza,2,299,598,Debit Card,Sunny,32,161,25,136,299.0,476,No,Friday,No,No,Returning,Takeaway,1007.8
854,2025-10-24,2025-10-24,11:49,Veg Biryani,Main Course,2,249,498,Credit Card,Cloudy,27,134,28,106,249.0,892,Yes,Friday,No,No,New,Delivery,1000.8
855,2025-07-13,2025-07-13,06:10,White Sauce Pasta,Pasta,2,249,498,Cash,Cloudy,32,157,38,119,249.0,409,No,Sunday,Yes,No,Returning,Delivery,761.8
856,2025-01-27,2025-01-27,19:51,Cheese Burger,Burger,2,199,398,UPI,Cloudy,34,140,54,86,199.0,442,Yes,Monday,No,No,New,Takeaway,810.8
857,2025-08-13,2025-08-13,04:18,French Fries,Snacks,2,129,258,Credit Card,Windy,24,142,14,128,129.0,826,No,Wednesday,No,No,New,Takeaway,663.8
858,2025-04-28,2025-04-28,09:22,Masala Dosa,South Indian,5,199,995,Cash,Rainy,28,116,48,68,199.0,861,Yes,Monday,No,No,New,Takeaway,1526.5
859,2025-01-28,2025-01-28,07:49,Spring Rolls,Starter,2,229,458,UPI,Cloudy,25,98,31,67,229.0,615,Yes,Tuesday,No,No,New,Takeaway,749.8
860,2025-03-28,2025-03-28,09:47,French Fries,Snacks,1,129,129,UPI,Windy,35,170,52,118,129.0,495,Yes,Friday,No,No,New,Dine-In,603.9
861,2025-10-13,2025-10-13,21:56,French Fries,Snacks,4,129,516,Credit Card,Rainy,21,115,19,96,129.0,884,No,Monday,No,No,New,Dine-In,684.6
862,2025-10-08,2025-10-08,14:36,Chocolate Shake,Beverage,2,179,358,Cash,Cloudy,29,96,40,56,179.0,624,Yes,Wednesday,No,No,Returning,Takeaway,814.8
863,2025-02-20,2025-02-20,08:00,Veg Burger,Burger,2,149,298,UPI,Cloudy,29,125,10,115,149.0,364,Yes,Thursday,No,No,Returning,Dine-In,427.8
864,2025-04-15,2025-04-15,16:25,Cold Coffee,Beverage,4,149,596,Credit Card,Windy,23,118,26,92,149.0,737,No,Tuesday,No,No,Returning,Delivery,810.6
865,2025-12-01,2025-12-01,13:44,Cold Coffee,Beverage,2,149,298,Cash,Cloudy,20,102,60,42,149.0,839,No,Monday,No,Yes,Returning,Dine-In,520.8
866,2025-01-28,2025-01-28,10:04,Veg Sandwich,Snacks,2,179,358,UPI,Cloudy,28,85,31,54,179.0,429,No,Tuesday,No,Yes,Returning,Takeaway,697.8
867,2025-05-30,2025-05-30,02:47,Cold Coffee,Beverage,4,149,596,Credit Card,Rainy,31,160,15,145,149.0,570,No,Friday,No,No,Returning,Dine-In,1040.6
868,2025-11-15,2025-11-15,23:28,Veg Biryani,Main Course,2,249,498,Debit Card,Rainy,32,142,19,123,249.0,387,Yes,Saturday,Yes,No,New,Dine-In,797.8
869,2025-01-20,2025-01-20,00:35,French Fries,Snacks,3,129,387,Debit Card,Rainy,35,92,15,77,129.0,804,Yes,Monday,No,No,Returning,Dine-In,788.7
870,2025-03-09,2025-03-09,05:19,Chole Bhature,Main Course,2,199,398,Cash,Sunny,27,103,11,92,199.0,819,No,Sunday,Yes,No,New,Delivery,911.8
871,2025-12-01,2025-12-01,05:40,Farmhouse Pizza,Pizza,5,399,1995,Cash,Cloudy,32,128,58,70,399.0,458,Yes,Monday,No,No,Returning,Takeaway,2444.5
872,2025-10-17,2025-10-17,05:34,Spring Rolls,Starter,1,229,229,Credit Card,Rainy,32,110,35,75,229.0,548,No,Friday,No,Yes,Returning,Takeaway,397.9
873,2025-01-09,2025-01-09,02:52,Veg Biryani,Main Course,1,249,249,UPI,Rainy,34,131,45,86,249.0,462,Yes,Thursday,No,No,Returning,Delivery,394.9
874,2025-01-29,2025-01-29,16:35,Paneer Tikka,Starter,2,299,598,Debit Card,Cloudy,25,98,29,69,299.0,425,No,Wednesday,No,No,New,Delivery,898.8
875,2025-08-22,2025-08-22,03:51,Cold Coffee,Beverage,1,149,149,UPI,Rainy,30,100,36,64,149.0,753,Yes,Friday,No,No,Returning,Delivery,661.9
876,2025-03-24,2025-03-24,18:55,Veg Biryani,Main Course,5,249,1245,Credit Card,Cloudy,28,131,42,89,249.0,716,Yes,Monday,No,No,Returning,Takeaway,1486.5
877,2025-06-06,2025-06-06,03:46,Veg Biryani,Main Course,5,249,1245,Cash,Windy,23,118,58,60,249.0,472,No,Friday,No,No,Returning,Takeaway,1529.5
878,2025-07-04,2025-07-04,22:34,Veg Burger,Burger,1,149,149,Cash,Rainy,33,140,60,80,149.0,300,Yes,Friday,No,No,Returning,Delivery,445.9
879,2025-08-09,2025-08-09,14:56,Margherita Pizza,Pizza,4,299,1196,Cash,Windy,31,80,57,23,299.0,626,Yes,Saturday,Yes,No,New,Delivery,1720.6
880,2025-06-23,2025-06-23,17:20,Veg Sandwich,Snacks,3,179,537,Debit Card,Windy,18,88,24,64,179.0,528,Yes,Monday,No,No,New,Takeaway,898.7
881,2025-05-10,2025-05-10,20:17,Margherita Pizza,Pizza,1,299,299,Debit Card,Rainy,30,159,48,111,299.0,666,Yes,Saturday,Yes,No,Returning,Takeaway,755.9
882,2025-09-13,2025-09-13,05:41,Paneer Tikka,Starter,1,299,299,UPI,Cloudy,19,110,18,92,299.0,561,Yes,Saturday,Yes,No,New,Delivery,785.9
883,2025-09-18,2025-09-18,21:43,Cheese Burger,Burger,1,199,199,Debit Card,Sunny,25,92,26,66,199.0,893,Yes,Thursday,No,No,Returning,Takeaway,510.9
884,2025-08-14,2025-08-14,11:09,Margherita Pizza,Pizza,1,299,299,Credit Card,Windy,35,171,47,124,299.0,697,Yes,Thursday,No,Yes,New,Dine-In,458.9
885,2025-09-11,2025-09-11,15:05,Soft Drink,Beverage,2,79,158,UPI,Windy,20,132,39,93,79.0,449,Yes,Thursday,No,No,Returning,Takeaway,502.8
886,2025-10-16,2025-10-16,19:58,Veg Burger,Burger,5,149,745,UPI,Rainy,28,80,38,42,149.0,426,No,Thursday,No,No,New,Dine-In,1037.5
887,2025-01-19,2025-01-19,09:47,Veg Sandwich,Snacks,1,179,179,Cash,Rainy,33,159,14,145,179.0,890,Yes,Sunday,Yes,No,Returning,Dine-In,543.9
888,2025-09-08,2025-09-08,23:05,French Fries,Snacks,2,129,258,Credit Card,Sunny,20,141,23,118,129.0,690,No,Monday,No,No,New,Delivery,775.8
889,2025-01-20,2025-01-20,04:35,Margherita Pizza,Pizza,5,299,1495,Debit Card,Sunny,27,110,56,54,299.0,766,Yes,Monday,No,No,New,Delivery,2122.5
890,2025-11-15,2025-11-15,19:25,Paneer Tikka,Starter,3,299,897,Cash,Rainy,33,114,35,79,299.0,593,Yes,Saturday,Yes,No,Returning,Takeaway,1363.7
891,2025-07-08,2025-07-08,15:04,White Sauce Pasta,Pasta,1,249,249,Credit Card,Windy,30,165,36,129,249.0,512,Yes,Tuesday,No,No,New,Dine-In,681.9
892,2025-10-06,2025-10-06,01:14,Chole Bhature,Main Course,3,199,597,Debit Card,Windy,27,129,23,106,199.0,495,No,Monday,No,Yes,Returning,Delivery,785.7
893,2025-06-05,2025-06-05,14:41,White Sauce Pasta,Pasta,1,249,249,Debit Card,Sunny,20,178,31,147,249.0,837,No,Thursday,No,No,New,Takeaway,580.9
894,2025-07-18,2025-07-18,18:47,Chole Bhature,Main Course,3,199,597,Credit Card,Rainy,22,128,34,94,199.0,303,No,Friday,No,No,Returning,Takeaway,1017.7
895,2025-10-15,2025-10-15,17:45,Cold Coffee,Beverage,3,149,447,Credit Card,Windy,23,102,42,60,149.0,898,Yes,Wednesday,No,No,New,Dine-In,925.7
896,2025-02-10,2025-02-10,05:58,Chole Bhature,Main Course,2,199,398,Cash,Rainy,25,92,47,45,199.0,883,Yes,Monday,No,No,New,Delivery,633.8
897,2025-12-16,2025-12-16,06:58,Paneer Tikka,Starter,1,299,299,Credit Card,Windy,23,141,19,122,299.0,719,Yes,Tuesday,No,No,New,Takeaway,580.9
898,2025-05-13,2025-05-13,20:51,Chocolate Shake,Beverage,2,179,358,Credit Card,Rainy,30,159,32,127,179.0,740,Yes,Tuesday,No,No,New,Dine-In,766.8
899,2025-02-14,2025-02-14,02:16,Chocolate Shake,Beverage,5,179,895,Credit Card,Sunny,25,176,31,145,179.0,300,No,Friday,No,No,New,Dine-In,1244.5
900,2025-07-20,2025-07-20,02:16,French Fries,Snacks,4,129,516,UPI,Sunny,32,149,36,113,129.0,749,No,Sunday,Yes,No,Returning,Takeaway,714.6
901,2025-05-28,2025-05-28,11:01,French Fries,Snacks,5,129,645,Debit Card,Rainy,26,176,21,155,129.0,376,No,Wednesday,No,No,New,Delivery,889.5
902,2025-12-10,2025-12-10,14:11,Cold Coffee,Beverage,2,149,298,Debit Card,Windy,20,111,20,91,149.0,725,Yes,Wednesday,No,Yes,Returning,Dine-In,701.8
903,2025-07-17,2025-07-17,08:19,Paneer Tikka,Starter,5,299,1495,UPI,Windy,19,82,19,63,299.0,537,Yes,Thursday,No,No,New,Takeaway,2080.5
904,2025-10-10,2025-10-10,14:11,Spring Rolls,Starter,4,229,916,Cash,Sunny,31,151,33,118,229.0,805,No,Friday,No,No,New,Takeaway,1490.6
905,2025-09-12,2025-09-12,20:26,Farmhouse Pizza,Pizza,3,399,1197,Debit Card,Rainy,24,123,17,106,399.0,383,No,Friday,No,No,New,Delivery,1628.7
906,2025-01-08,2025-01-08,09:07,French Fries,Snacks,4,129,516,UPI,Rainy,26,121,60,61,129.0,710,Yes,Wednesday,No,No,Returning,Dine-In,720.6
907,2025-05-01,2025-05-01,04:31,Margherita Pizza,Pizza,1,299,299,Debit Card,Sunny,30,152,16,136,299.0,312,Yes,Thursday,No,No,New,Delivery,774.9
908,2025-10-24,2025-10-24,11:39,Veg Sandwich,Snacks,5,179,895,UPI,Cloudy,32,151,59,92,179.0,455,No,Friday,No,Yes,New,Takeaway,1092.5
909,2025-10-05,2025-10-05,10:29,Chocolate Shake,Beverage,5,179,895,Credit Card,Cloudy,26,176,18,158,179.0,305,No,Sunday,Yes,No,Returning,Delivery,1415.5
910,2025-05-15,2025-05-15,04:39,Farmhouse Pizza,Pizza,2,399,798,Credit Card,Windy,29,166,46,120,399.0,418,No,Thursday,No,No,Returning,Dine-In,1075.8
911,2025-03-07,2025-03-07,10:05,Chole Bhature,Main Course,1,199,199,UPI,Rainy,25,85,44,41,199.0,507,No,Friday,No,No,Returning,Dine-In,636.9
912,2025-11-09,2025-11-09,17:14,Veg Sandwich,Snacks,3,179,537,Credit Card,Cloudy,18,142,33,109,179.0,900,Yes,Sunday,Yes,No,New,Takeaway,1063.7
913,2025-03-03,2025-03-03,02:28,Paneer Tikka,Starter,1,299,299,Credit Card,Rainy,23,135,35,100,299.0,302,Yes,Monday,No,No,Returning,Delivery,789.9
914,2025-01-06,2025-01-06,19:14,Masala Dosa,South Indian,2,199,398,Debit Card,Cloudy,29,134,22,112,199.0,773,Yes,Monday,No,No,Returning,Delivery,868.8
915,2025-12-12,2025-12-12,18:49,White Sauce Pasta,Pasta,5,249,1245,UPI,Windy,26,128,52,76,249.0,400,No,Friday,No,No,New,Takeaway,1661.5
916,2025-01-31,2025-01-31,05:25,Paneer Tikka,Starter,1,299,299,Cash,Rainy,28,166,34,132,299.0,347,No,Friday,No,No,New,Dine-In,671.9
917,2025-12-27,2025-12-27,06:24,Masala Dosa,South Indian,4,199,796,Cash,Rainy,19,152,23,129,199.0,865,Yes,Saturday,Yes,No,Returning,Dine-In,1245.6
918,2025-05-04,2025-05-04,09:27,Spring Rolls,Starter,5,229,1145,UPI,Rainy,29,146,59,87,229.0,625,No,Sunday,Yes,No,New,Delivery,1688.5
919,2025-05-14,2025-05-14,09:40,Cold Coffee,Beverage,2,149,298,Debit Card,Rainy,20,178,58,120,149.0,548,No,Wednesday,No,No,Returning,Dine-In,827.8
920,2025-02-24,2025-02-24,01:16,Cold Coffee,Beverage,1,149,149,Debit Card,Windy,27,166,31,135,149.0,836,No,Monday,No,No,New,Dine-In,415.9
921,2025-04-06,2025-04-06,19:17,Veg Sandwich,Snacks,4,179,716,UPI,Cloudy,27,174,32,142,179.0,519,Yes,Sunday,Yes,No,New,Takeaway,911.6
922,2025-08-17,2025-08-17,08:11,Masala Dosa,South Indian,1,199,199,Cash,Rainy,22,140,44,96,199.0,599,No,Sunday,Yes,No,New,Dine-In,577.9
923,2025-07-11,2025-07-11,09:06,Veg Sandwich,Snacks,1,179,179,Credit Card,Windy,26,99,53,46,179.0,778,No,Friday,No,No,Returning,Delivery,667.9
924,2025-11-12,2025-11-12,15:42,French Fries,Snacks,1,129,129,UPI,Rainy,28,177,14,163,129.0,881,Yes,Wednesday,No,No,New,Dine-In,510.9
925,2025-03-28,2025-03-28,07:48,Veg Biryani,Main Course,4,249,996,UPI,Sunny,28,141,50,91,249.0,570,Yes,Friday,No,No,Returning,Dine-In,1220.6
926,2025-05-26,2025-05-26,21:05,Veg Burger,Burger,5,149,745,Cash,Windy,28,179,21,158,149.0,438,No,Monday,No,No,Returning,Takeaway,1308.5
927,2025-12-20,2025-12-20,08:15,Paneer Tikka,Starter,2,299,598,Cash,Cloudy,32,90,13,77,299.0,358,Yes,Saturday,Yes,No,Returning,Dine-In,990.8
928,2025-09-03,2025-09-03,02:52,Veg Biryani,Main Course,5,249,1245,Credit Card,Cloudy,26,136,52,84,249.0,359,Yes,Wednesday,No,No,Returning,Dine-In,1851.5
929,2025-07-22,2025-07-22,14:56,Chocolate Shake,Beverage,3,179,537,UPI,Cloudy,34,120,34,86,179.0,845,No,Tuesday,No,No,New,Takeaway,922.7
930,2025-11-10,2025-11-10,02:11,Veg Sandwich,Snacks,1,179,179,Credit Card,Rainy,25,150,53,97,179.0,582,No,Monday,No,No,New,Delivery,369.9
931,2025-10-01,2025-10-01,07:37,French Fries,Snacks,5,129,645,Debit Card,Sunny,35,81,39,42,129.0,723,No,Wednesday,No,No,Returning,Takeaway,1012.5
932,2025-05-04,2025-05-04,16:40,Veg Burger,Burger,4,149,596,Cash,Windy,31,89,59,30,149.0,647,Yes,Sunday,Yes,Yes,Returning,Delivery,920.6
933,2025-09-04,2025-09-04,20:09,Cold Coffee,Beverage,4,149,596,Credit Card,Sunny,18,128,45,83,149.0,566,No,Thursday,No,No,Returning,Takeaway,1151.6
934,2025-11-09,2025-11-09,06:38,Chole Bhature,Main Course,5,199,995,Credit Card,Windy,32,163,18,145,199.0,461,Yes,Sunday,Yes,Yes,New,Delivery,1525.5
935,2025-10-28,2025-10-28,15:58,Veg Burger,Burger,2,149,298,UPI,Sunny,25,92,26,66,149.0,608,No,Tuesday,No,No,New,Takeaway,608.8
936,2025-03-31,2025-03-31,12:58,White Sauce Pasta,Pasta,1,249,249,UPI,Windy,23,174,24,150,249.0,548,Yes,Monday,No,No,New,Delivery,461.9
937,2025-08-16,2025-08-16,13:31,French Fries,Snacks,1,129,129,Cash,Cloudy,19,107,42,65,129.0,552,Yes,Saturday,Yes,No,New,Takeaway,283.9
938,2025-06-17,2025-06-17,06:04,Cold Coffee,Beverage,4,149,596,UPI,Sunny,34,127,32,95,149.0,755,Yes,Tuesday,No,No,Returning,Takeaway,778.6
939,2025-05-01,2025-05-01,05:09,Cheese Burger,Burger,4,199,796,UPI,Windy,35,144,25,119,199.0,387,No,Thursday,No,No,Returning,Delivery,1142.6
940,2025-08-07,2025-08-07,07:44,Soft Drink,Beverage,5,79,395,UPI,Windy,28,82,34,48,79.0,583,No,Thursday,No,No,New,Delivery,887.5
941,2025-04-21,2025-04-21,22:06,Spring Rolls,Starter,1,229,229,UPI,Windy,29,173,59,114,229.0,331,No,Monday,No,No,Returning,Takeaway,505.9
942,2025-05-16,2025-05-16,09:19,Masala Dosa,South Indian,1,199,199,Credit Card,Sunny,32,141,36,105,199.0,407,Yes,Friday,No,No,Returning,Dine-In,616.9
943,2025-02-19,2025-02-19,04:06,Cold Coffee,Beverage,5,149,745,Cash,Sunny,21,127,46,81,149.0,788,No,Wednesday,No,Yes,New,Takeaway,992.5
944,2025-11-26,2025-11-26,04:17,French Fries,Snacks,1,129,129,UPI,Sunny,28,168,50,118,129.0,410,Yes,Wednesday,No,No,New,Takeaway,459.9
945,2025-09-14,2025-09-14,01:24,Veg Biryani,Main Course,2,249,498,Credit Card,Sunny,34,130,17,113,249.0,610,Yes,Sunday,Yes,No,New,Delivery,667.8
946,2025-01-05,2025-01-05,12:17,Farmhouse Pizza,Pizza,4,399,1596,Debit Card,Rainy,35,98,25,73,399.0,311,Yes,Sunday,Yes,No,New,Dine-In,2220.6
947,2025-11-20,2025-11-20,04:31,Paneer Tikka,Starter,1,299,299,UPI,Sunny,35,154,44,110,299.0,481,Yes,Thursday,No,No,New,Dine-In,531.9
948,2025-01-10,2025-01-10,18:32,Farmhouse Pizza,Pizza,3,399,1197,Credit Card,Windy,24,129,40,89,399.0,312,No,Friday,No,Yes,New,Dine-In,1530.7
949,2025-10-03,2025-10-03,09:48,Soft Drink,Beverage,2,79,158,Cash,Sunny,32,153,13,140,79.0,791,No,Friday,No,Yes,Returning,Takeaway,650.8
950,2025-12-15,2025-12-15,18:59,Veg Biryani,Main Course,2,249,498,Debit Card,Windy,33,84,33,51,249.0,747,Yes,Monday,No,No,Returning,Takeaway,868.8
951,2025-10-11,2025-10-11,17:15,French Fries,Snacks,2,129,258,UPI,Sunny,26,175,14,161,129.0,797,No,Saturday,Yes,No,New,Takeaway,699.8
952,2025-12-22,2025-12-22,14:26,Soft Drink,Beverage,3,79,237,Credit Card,Cloudy,32,174,49,125,79.0,725,Yes,Monday,No,No,New,Dine-In,703.7
953,2025-08-14,2025-08-14,23:45,French Fries,Snacks,1,129,129,Debit Card,Sunny,28,102,40,62,129.0,558,Yes,Thursday,No,Yes,Returning,Takeaway,566.9
954,2025-12-17,2025-12-17,20:10,Veg Sandwich,Snacks,1,179,179,Debit Card,Sunny,27,120,54,66,179.0,739,Yes,Wednesday,No,No,Returning,Takeaway,615.9
955,2025-11-30,2025-11-30,13:50,Farmhouse Pizza,Pizza,3,399,1197,UPI,Windy,27,136,29,107,399.0,582,Yes,Sunday,Yes,No,New,Dine-In,1719.7
956,2025-01-01,2025-01-01,06:36,Soft Drink,Beverage,2,79,158,UPI,Rainy,23,150,41,109,79.0,511,Yes,Wednesday,No,No,Returning,Delivery,568.8
957,2025-03-15,2025-03-15,01:12,White Sauce Pasta,Pasta,3,249,747,Cash,Rainy,22,127,20,107,249.0,545,Yes,Saturday,Yes,No,Returning,Takeaway,1059.7
958,2025-11-11,2025-11-11,14:53,Margherita Pizza,Pizza,2,299,598,Debit Card,Rainy,27,134,21,113,299.0,335,No,Tuesday,No,No,Returning,Dine-In,1058.8
959,2025-01-22,2025-01-22,19:01,Chocolate Shake,Beverage,2,179,358,UPI,Sunny,34,117,40,77,179.0,415,No,Wednesday,No,No,New,Takeaway,645.8
960,2025-01-06,2025-01-06,15:29,Veg Biryani,Main Course,5,249,1245,UPI,Sunny,30,172,45,127,249.0,654,Yes,Monday,No,No,Returning,Dine-In,1520.5
961,2025-10-09,2025-10-09,16:25,Farmhouse Pizza,Pizza,3,399,1197,UPI,Sunny,28,104,24,80,399.0,552,No,Thursday,No,No,New,Takeaway,1458.7
962,2025-10-27,2025-10-27,04:20,Cold Coffee,Beverage,3,149,447,Credit Card,Sunny,21,109,39,70,149.0,602,No,Monday,No,No,Returning,Takeaway,704.7
963,2025-11-22,2025-11-22,03:51,Veg Biryani,Main Course,1,249,249,Credit Card,Windy,25,164,38,126,249.0,339,No,Saturday,Yes,No,New,Delivery,467.9
964,2025-05-03,2025-05-03,09:48,Spring Rolls,Starter,3,229,687,Credit Card,Windy,33,82,55,27,229.0,367,No,Saturday,Yes,No,New,Takeaway,977.7
965,2025-12-16,2025-12-16,06:26,Veg Biryani,Main Course,4,249,996,Credit Card,Rainy,26,111,12,99,249.0,319,No,Tuesday,No,No,New,Delivery,1320.6
966,2025-01-02,2025-01-02,15:11,Paneer Tikka,Starter,2,299,598,Debit Card,Windy,31,121,46,75,299.0,683,No,Thursday,No,No,Returning,Takeaway,942.8
967,2025-05-03,2025-05-03,15:41,Masala Dosa,South Indian,1,199,199,UPI,Rainy,30,106,57,49,199.0,802,No,Saturday,Yes,No,Returning,Takeaway,445.9
968,2025-10-13,2025-10-13,07:54,Veg Burger,Burger,1,149,149,Credit Card,Cloudy,31,174,60,114,149.0,363,No,Monday,No,No,New,Takeaway,290.9
969,2025-12-18,2025-12-18,06:12,Chole Bhature,Main Course,1,199,199,Debit Card,Cloudy,33,109,31,78,199.0,643,Yes,Thursday,No,No,Returning,Delivery,515.9
970,2025-12-22,2025-12-22,03:55,Masala Dosa,South Indian,2,199,398,Credit Card,Cloudy,28,169,58,111,199.0,840,Yes,Monday,No,No,New,Delivery,735.8
971,2025-11-22,2025-11-22,13:00,Margherita Pizza,Pizza,3,299,897,Cash,Rainy,29,143,48,95,299.0,351,Yes,Saturday,Yes,Yes,Returning,Dine-In,1299.7
972,2025-06-29,2025-06-29,05:49,Spring Rolls,Starter,1,229,229,UPI,Sunny,25,172,14,158,229.0,541,No,Sunday,Yes,Yes,Returning,Delivery,564.9
973,2025-09-15,2025-09-15,10:23,Farmhouse Pizza,Pizza,5,399,1995,Credit Card,Rainy,24,150,58,92,399.0,613,Yes,Monday,No,No,Returning,Dine-In,2435.5
974,2025-10-31,2025-10-31,19:12,White Sauce Pasta,Pasta,1,249,249,Cash,Rainy,26,98,35,63,249.0,852,Yes,Friday,No,No,New,Takeaway,551.9
975,2025-05-03,2025-05-03,21:17,Cold Coffee,Beverage,5,149,745,Cash,Cloudy,21,161,17,144,149.0,336,Yes,Saturday,Yes,No,New,Delivery,1188.5
976,2025-10-29,2025-10-29,04:40,Chole Bhature,Main Course,5,199,995,Debit Card,Cloudy,34,127,52,75,199.0,327,No,Wednesday,No,No,New,Delivery,1275.5
977,2025-09-28,2025-09-28,13:18,Veg Biryani,Main Course,1,249,249,Credit Card,Windy,20,174,36,138,249.0,861,Yes,Sunday,Yes,No,New,Dine-In,696.9
978,2025-05-12,2025-05-12,13:17,Veg Sandwich,Snacks,3,179,537,Credit Card,Sunny,21,89,47,42,179.0,374,No,Monday,No,No,Returning,Takeaway,954.7
979,2025-07-28,2025-07-28,03:25,French Fries,Snacks,4,129,516,Credit Card,Sunny,23,116,45,71,129.0,640,Yes,Monday,No,No,New,Delivery,728.6
980,2025-01-24,2025-01-24,14:53,French Fries,Snacks,3,129,387,Debit Card,Windy,24,100,26,74,129.0,473,Yes,Friday,No,No,New,Delivery,861.7
981,2025-03-21,2025-03-21,06:58,Farmhouse Pizza,Pizza,3,399,1197,Credit Card,Windy,27,123,24,99,399.0,358,No,Friday,No,No,Returning,Delivery,1703.7
982,2025-03-20,2025-03-20,17:00,Cold Coffee,Beverage,5,149,745,Debit Card,Rainy,33,150,21,129,149.0,581,No,Thursday,No,Yes,New,Delivery,1199.5
983,2025-04-20,2025-04-20,07:08,Cold Coffee,Beverage,2,149,298,UPI,Sunny,19,157,34,123,149.0,683,Yes,Sunday,Yes,No,Returning,Takeaway,637.8
984,2025-12-22,2025-12-22,04:06,Spring Rolls,Starter,2,229,458,UPI,Cloudy,20,111,38,73,229.0,613,Yes,Monday,No,No,New,Dine-In,738.8
985,2025-12-10,2025-12-10,23:16,Chole Bhature,Main Course,4,199,796,Debit Card,Sunny,30,176,16,160,199.0,833,Yes,Wednesday,No,No,New,Delivery,1217.6
986,2025-04-25,2025-04-25,04:18,Cold Coffee,Beverage,5,149,745,Credit Card,Cloudy,22,177,19,158,149.0,741,Yes,Friday,No,No,New,Delivery,1184.5
987,2025-12-25,2025-12-25,04:17,Veg Sandwich,Snacks,4,179,716,UPI,Sunny,32,163,42,121,179.0,304,No,Thursday,No,No,Returning,Delivery,1116.6
988,2025-06-17,2025-06-17,16:55,Veg Burger,Burger,2,149,298,UPI,Rainy,25,166,48,118,149.0,851,Yes,Tuesday,No,No,New,Dine-In,594.8
989,2025-04-02,2025-04-02,10:24,Cold Coffee,Beverage,1,149,149,Cash,Sunny,27,118,11,107,149.0,735,No,Wednesday,No,No,New,Dine-In,486.9
990,2025-03-26,2025-03-26,13:23,Soft Drink,Beverage,1,79,79,Credit Card,Windy,23,107,59,48,79.0,847,No,Wednesday,No,No,New,Dine-In,445.9
991,2025-02-28,2025-02-28,06:43,Spring Rolls,Starter,3,229,687,Cash,Cloudy,28,132,54,78,229.0,514,No,Friday,No,No,New,Delivery,930.7
992,2025-11-12,2025-11-12,05:24,Masala Dosa,South Indian,4,199,796,Cash,Cloudy,34,175,30,145,199.0,387,Yes,Wednesday,No,No,Returning,Delivery,1344.6
993,2025-02-21,2025-02-21,00:18,Cheese Burger,Burger,5,199,995,Cash,Cloudy,25,110,17,93,199.0,370,No,Friday,No,No,Returning,Takeaway,1559.5
994,2025-04-18,2025-04-18,15:06,Chocolate Shake,Beverage,3,179,537,Debit Card,Cloudy,31,153,14,139,179.0,370,No,Friday,No,No,Returning,Delivery,1000.7
995,2025-11-28,2025-11-28,22:05,Farmhouse Pizza,Pizza,1,399,399,Cash,Sunny,20,100,22,78,399.0,447,Yes,Friday,No,No,Returning,Takeaway,694.9
996,2025-01-04,2025-01-04,07:53,French Fries,Snacks,1,129,129,Debit Card,Sunny,24,121,32,89,129.0,774,No,Saturday,Yes,No,New,Dine-In,596.9
997,2025-07-01,2025-07-01,18:37,Chole Bhature,Main Course,1,199,199,Credit Card,Sunny,34,85,25,60,199.0,549,No,Tuesday,No,No,New,Dine-In,375.9
998,2025-09-08,2025-09-08,17:47,Farmhouse Pizza,Pizza,5,399,1995,Credit Card,Rainy,18,178,46,132,399.0,757,Yes,Monday,No,No,New,Takeaway,2358.5
999,2025-02-11,2025-02-11,19:15,Veg Burger,Burger,2,149,298,UPI,Cloudy,22,109,11,98,149.0,409,Yes,Tuesday,No,No,New,Dine-In,739.8
1000,2025-10-09,2025-10-09,00:39,Spring Rolls,Starter,1,229,229,Credit Card,Windy,29,81,11,70,229.0,809,Yes,Thursday,No,No,Returning,Delivery,365.9
1001,2025-06-09,2025-06-09,22:07,French Fries,Snacks,2,129,258,Credit Card,Rainy,27,174,35,139,129.0,894,Yes,Monday,No,No,Returning,Dine-In,640.8
1002,2025-03-15,2025-03-15,03:25,French Fries,Snacks,1,129,129,Debit Card,Cloudy,21,136,30,106,129.0,407,No,Saturday,Yes,No,Returning,Dine-In,640.9
1003,2025-06-25,2025-06-25,00:14,Margherita Pizza,Pizza,3,299,897,UPI,Rainy,32,122,25,97,299.0,356,Yes,Wednesday,No,No,Returning,Delivery,1111.7
1004,2025-10-11,2025-10-11,16:01,Margherita Pizza,Pizza,2,299,598,Credit Card,Windy,27,120,20,100,299.0,306,No,Saturday,Yes,No,New,Delivery,858.8
1005,2025-10-03,2025-10-03,06:23,Spring Rolls,Starter,3,229,687,Cash,Windy,25,119,52,67,229.0,672,No,Friday,No,No,Returning,Dine-In,1211.7
1006,2025-12-30,2025-12-30,21:45,Veg Biryani,Main Course,2,249,498,Cash,Sunny,31,121,42,79,249.0,730,No,Tuesday,No,No,Returning,Takeaway,1045.8
1007,2025-09-24,2025-09-24,05:08,Margherita Pizza,Pizza,1,299,299,Cash,Rainy,30,150,29,121,299.0,854,Yes,Wednesday,No,No,Returning,Delivery,585.9
1008,2025-07-16,2025-07-16,23:13,Veg Sandwich,Snacks,3,179,537,Credit Card,Rainy,21,80,21,59,179.0,386,Yes,Wednesday,No,No,Returning,Dine-In,813.7
1009,2025-11-24,2025-11-24,02:51,Veg Biryani,Main Course,4,249,996,Cash,Windy,26,171,56,115,249.0,524,No,Monday,No,No,Returning,Takeaway,1372.6
1010,2025-07-29,2025-07-29,06:45,Masala Dosa,South Indian,4,199,796,Cash,Cloudy,25,172,45,127,199.0,585,Yes,Tuesday,No,No,Returning,Takeaway,1281.6
1011,2025-08-03,2025-08-03,19:34,French Fries,Snacks,2,129,258,Credit Card,Windy,34,177,26,151,129.0,551,Yes,Sunday,Yes,No,New,Dine-In,523.8
1012,2025-06-28,2025-06-28,15:27,Chocolate Shake,Beverage,5,179,895,Cash,Windy,30,177,54,123,179.0,690,No,Saturday,Yes,No,Returning,Dine-In,1195.5
1013,2025-11-09,2025-11-09,03:02,Veg Sandwich,Snacks,5,179,895,Cash,Windy,19,81,54,27,179.0,868,No,Sunday,Yes,No,New,Takeaway,1482.5
1014,2025-12-03,2025-12-03,15:42,Soft Drink,Beverage,3,79,237,Cash,Cloudy,34,173,51,122,79.0,305,Yes,Wednesday,No,No,New,Dine-In,380.7
1015,2025-07-30,2025-07-30,03:47,Chole Bhature,Main Course,2,199,398,UPI,Windy,20,162,28,134,199.0,512,Yes,Wednesday,No,No,New,Takeaway,767.8
1016,2025-07-29,2025-07-29,11:41,Masala Dosa,South Indian,3,199,597,UPI,Rainy,22,82,24,58,199.0,442,Yes,Tuesday,No,No,Returning,Takeaway,837.7
1017,2025-06-28,2025-06-28,03:22,Veg Sandwich,Snacks,5,179,895,UPI,Sunny,31,177,34,143,179.0,821,Yes,Saturday,Yes,No,Returning,Delivery,1275.5
1018,2025-11-21,2025-11-21,02:52,Veg Biryani,Main Course,2,249,498,Credit Card,Windy,28,135,11,124,249.0,489,No,Friday,No,No,New,Dine-In,887.8
1019,2025-08-24,2025-08-24,01:46,Soft Drink,Beverage,3,79,237,UPI,Windy,21,124,47,77,79.0,666,No,Sunday,Yes,No,New,Takeaway,600.7
1020,2025-06-29,2025-06-29,09:33,Cheese Burger,Burger,5,199,995,Credit Card,Cloudy,25,123,18,105,199.0,744,Yes,Sunday,Yes,No,New,Dine-In,1567.5
1021,2025-01-25,2025-01-25,19:40,French Fries,Snacks,1,129,129,Cash,Rainy,28,89,37,52,129.0,352,No,Saturday,Yes,No,New,Takeaway,555.9
1022,2025-03-02,2025-03-02,18:15,Farmhouse Pizza,Pizza,1,399,399,Cash,Sunny,35,86,51,35,399.0,894,No,Sunday,Yes,No,Returning,Dine-In,738.9
1023,2025-04-01,2025-04-01,07:16,Chocolate Shake,Beverage,3,179,537,Cash,Cloudy,26,127,23,104,179.0,895,Yes,Tuesday,No,No,Returning,Dine-In,1024.7
1024,2025-12-27,2025-12-27,12:57,Veg Biryani,Main Course,5,249,1245,UPI,Rainy,25,143,36,107,249.0,769,No,Saturday,Yes,No,Returning,Dine-In,1779.5
1025,2025-11-29,2025-11-29,23:31,Cold Coffee,Beverage,2,149,298,Debit Card,Windy,28,180,46,134,149.0,364,No,Saturday,Yes,No,New,Delivery,642.8
1026,2025-09-30,2025-09-30,07:49,Chocolate Shake,Beverage,2,179,358,UPI,Windy,33,99,11,88,179.0,628,Yes,Tuesday,No,No,New,Delivery,756.8
1027,2025-04-19,2025-04-19,06:15,Veg Sandwich,Snacks,1,179,179,UPI,Windy,24,87,51,36,179.0,517,Yes,Saturday,Yes,No,New,Takeaway,486.9
1028,2025-07-16,2025-07-16,10:05,Cheese Burger,Burger,2,199,398,Cash,Sunny,27,119,12,107,199.0,796,Yes,Wednesday,No,No,Returning,Takeaway,540.8
1029,2025-05-02,2025-05-02,23:53,Veg Sandwich,Snacks,5,179,895,Debit Card,Cloudy,29,142,60,82,179.0,558,Yes,Friday,No,No,Returning,Takeaway,1104.5
1030,2025-05-19,2025-05-19,08:24,Veg Sandwich,Snacks,4,179,716,UPI,Windy,22,121,47,74,179.0,787,No,Monday,No,No,Returning,Delivery,1193.6
1031,2025-04-19,2025-04-19,05:16,Farmhouse Pizza,Pizza,5,399,1995,Cash,Windy,22,168,47,121,399.0,458,Yes,Saturday,Yes,No,Returning,Takeaway,2677.5
1032,2025-06-15,2025-06-15,03:36,Margherita Pizza,Pizza,4,299,1196,UPI,Sunny,28,153,33,120,299.0,362,No,Sunday,Yes,No,Returning,Dine-In,1570.6
1033,2025-05-31,2025-05-31,05:29,Farmhouse Pizza,Pizza,2,399,798,Debit Card,Cloudy,18,116,23,93,399.0,482,No,Saturday,Yes,Yes,Returning,Delivery,985.8
1034,2025-12-24,2025-12-24,09:22,Chole Bhature,Main Course,1,199,199,Debit Card,Sunny,31,159,46,113,199.0,406,No,Wednesday,No,No,Returning,Takeaway,338.9
1035,2025-11-05,2025-11-05,00:07,Masala Dosa,South Indian,4,199,796,UPI,Windy,20,88,10,78,199.0,806,No,Wednesday,No,No,New,Dine-In,1092.6
1036,2025-12-14,2025-12-14,03:36,Veg Biryani,Main Course,3,249,747,UPI,Windy,28,153,45,108,249.0,470,No,Sunday,Yes,No,New,Takeaway,1145.7
1037,2025-02-04,2025-02-04,07:42,Veg Biryani,Main Course,5,249,1245,UPI,Windy,21,96,42,54,249.0,457,Yes,Tuesday,No,No,Returning,Dine-In,1509.5
1038,2025-09-30,2025-09-30,02:42,Cheese Burger,Burger,2,199,398,Cash,Windy,32,101,57,44,199.0,650,Yes,Tuesday,No,No,New,Takeaway,597.8
1039,2025-06-12,2025-06-12,21:10,White Sauce Pasta,Pasta,2,249,498,Debit Card,Sunny,34,124,35,89,249.0,496,Yes,Thursday,No,No,New,Takeaway,888.8
1040,2025-09-07,2025-09-07,10:28,Farmhouse Pizza,Pizza,4,399,1596,Cash,Rainy,31,132,24,108,399.0,462,No,Sunday,Yes,No,New,Takeaway,2077.6
1041,2025-03-30,2025-03-30,02:46,Masala Dosa,South Indian,2,199,398,Cash,Windy,23,134,25,109,199.0,710,No,Sunday,Yes,No,Returning,Dine-In,609.8
1042,2025-04-30,2025-04-30,03:31,Margherita Pizza,Pizza,5,299,1495,UPI,Rainy,19,86,22,64,299.0,411,Yes,Wednesday,No,No,New,Takeaway,2133.5
1043,2025-09-27,2025-09-27,16:17,Chocolate Shake,Beverage,1,179,179,UPI,Cloudy,25,149,40,109,179.0,893,No,Saturday,Yes,No,Returning,Delivery,534.9
1044,2025-09-15,2025-09-15,05:08,Cold Coffee,Beverage,4,149,596,UPI,Windy,24,168,35,133,149.0,626,Yes,Monday,No,No,Returning,Dine-In,1027.6
1045,2025-12-30,2025-12-30,13:45,Veg Sandwich,Snacks,4,179,716,Credit Card,Rainy,26,81,34,47,179.0,310,Yes,Tuesday,No,No,Returning,Dine-In,911.6
1046,2025-09-11,2025-09-11,02:57,Soft Drink,Beverage,4,79,316,UPI,Sunny,35,91,55,36,79.0,480,Yes,Thursday,No,No,Returning,Delivery,801.6
1047,2025-07-08,2025-07-08,03:28,French Fries,Snacks,5,129,645,Debit Card,Cloudy,25,166,33,133,129.0,482,Yes,Tuesday,No,No,Returning,Delivery,1016.5
1048,2025-08-01,2025-08-01,23:21,White Sauce Pasta,Pasta,4,249,996,UPI,Rainy,29,147,45,102,249.0,792,No,Friday,No,No,New,Delivery,1526.6
1049,2025-10-09,2025-10-09,19:42,Veg Sandwich,Snacks,2,179,358,Cash,Sunny,26,164,35,129,179.0,713,Yes,Thursday,No,No,Returning,Dine-In,738.8
1050,2025-01-30,2025-01-30,08:26,Farmhouse Pizza,Pizza,4,399,1596,Cash,Cloudy,29,81,43,38,399.0,461,Yes,Thursday,No,No,New,Delivery,2157.6
1051,2025-03-08,2025-03-08,08:33,Spring Rolls,Starter,1,229,229,Credit Card,Cloudy,35,166,51,115,229.0,436,Yes,Saturday,Yes,No,New,Delivery,682.9
1052,2025-05-06,2025-05-06,15:21,Soft Drink,Beverage,4,79,316,Cash,Rainy,18,92,39,53,79.0,875,Yes,Tuesday,No,Yes,Returning,Delivery,651.6
1053,2025-08-09,2025-08-09,17:21,Paneer Tikka,Starter,3,299,897,Cash,Sunny,34,126,60,66,299.0,625,Yes,Saturday,Yes,No,Returning,Delivery,1363.7
1054,2025-09-28,2025-09-28,04:17,Chocolate Shake,Beverage,1,179,179,UPI,Windy,19,82,19,63,179.0,771,Yes,Sunday,Yes,No,New,Delivery,407.9
1055,2025-05-18,2025-05-18,19:44,Margherita Pizza,Pizza,3,299,897,Debit Card,Sunny,26,113,34,79,299.0,458,Yes,Sunday,Yes,No,Returning,Takeaway,1364.7
1056,2025-09-02,2025-09-02,19:37,Veg Biryani,Main Course,5,249,1245,UPI,Cloudy,25,100,41,59,249.0,896,No,Tuesday,No,No,New,Delivery,1547.5
1057,2025-12-14,2025-12-14,11:09,Cheese Burger,Burger,2,199,398,Debit Card,Rainy,23,119,10,109,199.0,859,Yes,Sunday,Yes,No,New,Delivery,626.8
1058,2025-11-10,2025-11-10,00:28,Veg Burger,Burger,4,149,596,Credit Card,Cloudy,33,135,20,115,149.0,737,No,Monday,No,No,Returning,Takeaway,757.6
1059,2025-07-11,2025-07-11,23:03,Veg Biryani,Main Course,1,249,249,Cash,Cloudy,24,180,40,140,249.0,520,No,Friday,No,Yes,New,Dine-In,385.9
1060,2025-10-21,2025-10-21,10:45,Cold Coffee,Beverage,4,149,596,Debit Card,Cloudy,29,147,48,99,149.0,804,No,Tuesday,No,No,New,Delivery,939.6
1061,2025-03-28,2025-03-28,19:53,Paneer Tikka,Starter,3,299,897,Debit Card,Windy,31,124,28,96,299.0,801,Yes,Friday,No,No,Returning,Delivery,1237.7
1062,2025-07-20,2025-07-20,12:44,Veg Burger,Burger,5,149,745,Cash,Sunny,27,140,58,82,149.0,792,Yes,Sunday,Yes,No,New,Dine-In,1023.5
1063,2025-11-03,2025-11-03,10:24,Veg Sandwich,Snacks,3,179,537,Debit Card,Cloudy,24,146,39,107,179.0,349,Yes,Monday,No,No,Returning,Delivery,721.7
1064,2025-03-23,2025-03-23,10:46,Veg Sandwich,Snacks,1,179,179,UPI,Rainy,28,113,50,63,179.0,578,No,Sunday,Yes,No,New,Takeaway,352.9
1065,2025-11-28,2025-11-28,20:55,Cheese Burger,Burger,5,199,995,Credit Card,Rainy,33,179,31,148,199.0,748,Yes,Friday,No,No,New,Delivery,1521.5
1066,2025-10-09,2025-10-09,08:02,Chocolate Shake,Beverage,4,179,716,Debit Card,Cloudy,34,140,15,125,179.0,725,No,Thursday,No,No,Returning,Delivery,1286.6
1067,2025-02-09,2025-02-09,10:37,Veg Burger,Burger,2,149,298,Cash,Cloudy,24,168,45,123,149.0,686,Yes,Sunday,Yes,No,Returning,Delivery,493.8
1068,2025-04-15,2025-04-15,20:29,French Fries,Snacks,4,129,516,Credit Card,Rainy,34,165,26,139,129.0,413,Yes,Tuesday,No,No,Returning,Delivery,831.6
1069,2025-07-20,2025-07-20,17:55,Chole Bhature,Main Course,3,199,597,Debit Card,Cloudy,22,84,23,61,199.0,714,No,Sunday,Yes,No,New,Dine-In,1011.7
1070,2025-08-25,2025-08-25,08:05,Cold Coffee,Beverage,5,149,745,UPI,Sunny,23,100,19,81,149.0,701,No,Monday,No,No,New,Takeaway,1310.5
1071,2025-12-08,2025-12-08,09:11,Veg Burger,Burger,4,149,596,Debit Card,Cloudy,23,132,40,92,149.0,756,Yes,Monday,No,No,New,Delivery,954.6
1072,2025-03-27,2025-03-27,13:51,Margherita Pizza,Pizza,5,299,1495,Debit Card,Rainy,20,153,14,139,299.0,851,Yes,Thursday,No,No,Returning,Delivery,1857.5
1073,2025-10-25,2025-10-25,16:40,Soft Drink,Beverage,5,79,395,Debit Card,Sunny,29,140,25,115,79.0,587,Yes,Saturday,Yes,No,Returning,Delivery,558.5
1074,2025-12-19,2025-12-19,04:22,Chocolate Shake,Beverage,3,179,537,Credit Card,Windy,27,163,60,103,179.0,348,No,Friday,No,No,New,Dine-In,990.7
1075,2025-09-06,2025-09-06,11:27,Soft Drink,Beverage,4,79,316,UPI,Sunny,24,121,47,74,79.0,597,Yes,Saturday,Yes,No,New,Delivery,697.6
1076,2025-01-24,2025-01-24,06:17,Cold Coffee,Beverage,2,149,298,UPI,Sunny,34,148,15,133,149.0,653,Yes,Friday,No,No,Returning,Takeaway,486.8
1077,2025-08-08,2025-08-08,09:45,Masala Dosa,South Indian,4,199,796,Debit Card,Sunny,30,88,16,72,199.0,308,No,Friday,No,No,Returning,Dine-In,1190.6
1078,2025-12-18,2025-12-18,20:25,Cheese Burger,Burger,5,199,995,Debit Card,Cloudy,31,115,15,100,199.0,421,Yes,Thursday,No,No,New,Takeaway,1257.5
1079,2025-02-04,2025-02-04,17:04,French Fries,Snacks,2,129,258,Credit Card,Windy,32,117,14,103,129.0,890,No,Tuesday,No,No,New,Dine-In,673.8
1080,2025-07-17,2025-07-17,02:53,Cold Coffee,Beverage,5,149,745,Cash,Sunny,32,88,59,29,149.0,794,No,Thursday,No,No,New,Takeaway,1206.5
1081,2025-10-07,2025-10-07,09:23,Veg Sandwich,Snacks,1,179,179,Credit Card,Sunny,18,105,14,91,179.0,460,No,Tuesday,No,No,New,Delivery,390.9
1082,2025-08-01,2025-08-01,19:06,Cheese Burger,Burger,5,199,995,Debit Card,Cloudy,18,84,16,68,199.0,521,Yes,Friday,No,Yes,Returning,Takeaway,1427.5
1083,2025-03-18,2025-03-18,10:18,Chole Bhature,Main Course,4,199,796,Credit Card,Windy,20,86,46,40,199.0,530,Yes,Tuesday,No,No,New,Delivery,1068.6
1084,2025-07-30,2025-07-30,03:45,Cheese Burger,Burger,4,199,796,UPI,Rainy,29,150,51,99,199.0,493,No,Wednesday,No,No,Returning,Delivery,1127.6
1085,2025-12-06,2025-12-06,14:27,French Fries,Snacks,1,129,129,Cash,Sunny,27,123,35,88,129.0,653,Yes,Saturday,Yes,No,New,Takeaway,314.9
1086,2025-08-26,2025-08-26,10:23,Farmhouse Pizza,Pizza,3,399,1197,Debit Card,Windy,26,166,22,144,399.0,693,No,Tuesday,No,No,New,Dine-In,1561.7
1087,2025-01-22,2025-01-22,22:28,White Sauce Pasta,Pasta,5,249,1245,Debit Card,Sunny,29,101,28,73,249.0,679,No,Wednesday,No,No,Returning,Dine-In,1776.5
1088,2025-02-15,2025-02-15,13:32,Chole Bhature,Main Course,2,199,398,UPI,Sunny,18,82,57,25,199.0,600,No,Saturday,Yes,No,Returning,Takeaway,750.8
1089,2025-03-08,2025-03-08,03:08,Masala Dosa,South Indian,4,199,796,Cash,Cloudy,31,171,58,113,199.0,401,No,Saturday,Yes,No,New,Takeaway,1351.6
1090,2025-01-27,2025-01-27,21:47,Cold Coffee,Beverage,5,149,745,Credit Card,Sunny,19,95,18,77,149.0,496,No,Monday,No,No,New,Delivery,1244.5
1091,2025-03-08,2025-03-08,09:30,French Fries,Snacks,1,129,129,UPI,Sunny,20,171,22,149,129.0,494,No,Saturday,Yes,No,Returning,Dine-In,339.9
1092,2025-11-29,2025-11-29,02:14,Veg Biryani,Main Course,1,249,249,UPI,Cloudy,26,117,47,70,249.0,751,No,Saturday,Yes,No,Returning,Delivery,497.9
1093,2025-01-07,2025-01-07,22:52,Spring Rolls,Starter,3,229,687,Credit Card,Rainy,24,129,18,111,229.0,407,No,Tuesday,No,No,New,Takeaway,976.7
1094,2025-10-06,2025-10-06,01:17,Margherita Pizza,Pizza,2,299,598,UPI,Sunny,25,164,41,123,299.0,380,No,Monday,No,No,Returning,Delivery,965.8
1095,2025-10-07,2025-10-07,08:24,Chocolate Shake,Beverage,5,179,895,Credit Card,Rainy,25,175,26,149,179.0,717,No,Tuesday,No,No,New,Delivery,1313.5
1096,2025-11-28,2025-11-28,19:49,Chocolate Shake,Beverage,4,179,716,Credit Card,Cloudy,19,104,11,93,179.0,826,No,Friday,No,No,Returning,Dine-In,998.6
1097,2025-10-04,2025-10-04,04:53,Cold Coffee,Beverage,3,149,447,UPI,Rainy,28,148,23,125,149.0,859,Yes,Saturday,Yes,No,Returning,Dine-In,606.7
1098,2025-09-15,2025-09-15,20:51,Cold Coffee,Beverage,1,149,149,Credit Card,Windy,31,125,26,99,149.0,412,Yes,Monday,No,No,Returning,Takeaway,594.9
1099,2025-07-03,2025-07-03,16:15,French Fries,Snacks,3,129,387,Debit Card,Cloudy,27,167,10,157,129.0,312,Yes,Thursday,No,No,New,Delivery,551.7
1100,2025-10-03,2025-10-03,04:13,Margherita Pizza,Pizza,1,299,299,Cash,Rainy,25,134,55,79,299.0,447,Yes,Friday,No,No,Returning,Dine-In,616.9
1101,2025-03-26,2025-03-26,14:14,Masala Dosa,South Indian,3,199,597,Credit Card,Cloudy,24,163,50,113,199.0,589,Yes,Wednesday,No,No,Returning,Dine-In,1067.7
1102,2025-10-31,2025-10-31,21:18,French Fries,Snacks,4,129,516,Cash,Sunny,22,141,29,112,129.0,757,Yes,Friday,No,Yes,Returning,Takeaway,1066.6
1103,2025-04-05,2025-04-05,16:19,Cheese Burger,Burger,4,199,796,Debit Card,Sunny,25,110,13,97,199.0,429,No,Saturday,Yes,No,New,Dine-In,1305.6
1104,2025-01-08,2025-01-08,06:28,Soft Drink,Beverage,1,79,79,UPI,Cloudy,33,84,58,26,79.0,692,No,Wednesday,No,No,New,Delivery,233.9
1105,2025-05-02,2025-05-02,18:11,Chole Bhature,Main Course,4,199,796,Debit Card,Windy,24,160,32,128,199.0,411,No,Friday,No,No,New,Takeaway,1198.6
1106,2025-06-04,2025-06-04,18:04,Chole Bhature,Main Course,5,199,995,UPI,Rainy,27,177,40,137,199.0,416,No,Wednesday,No,Yes,Returning,Delivery,1352.5
1107,2025-12-03,2025-12-03,04:40,Cheese Burger,Burger,4,199,796,UPI,Cloudy,20,132,13,119,199.0,587,Yes,Wednesday,No,No,Returning,Dine-In,1080.6
1108,2025-06-02,2025-06-02,23:43,Veg Biryani,Main Course,1,249,249,UPI,Sunny,20,144,34,110,249.0,843,Yes,Monday,No,No,New,Dine-In,516.9
1109,2025-04-04,2025-04-04,07:13,Chole Bhature,Main Course,3,199,597,Debit Card,Windy,23,88,45,43,199.0,536,Yes,Friday,No,Yes,New,Takeaway,799.7
1110,2025-10-30,2025-10-30,06:21,Paneer Tikka,Starter,4,299,1196,UPI,Rainy,24,153,59,94,299.0,665,Yes,Thursday,No,No,New,Takeaway,1626.6
1111,2025-07-24,2025-07-24,06:22,Veg Sandwich,Snacks,4,179,716,UPI,Rainy,19,148,47,101,179.0,691,No,Thursday,No,No,New,Takeaway,1084.6
1112,2025-02-07,2025-02-07,19:33,Paneer Tikka,Starter,3,299,897,Cash,Windy,24,114,13,101,299.0,737,Yes,Friday,No,No,New,Takeaway,1376.7
1113,2025-08-31,2025-08-31,11:27,Chocolate Shake,Beverage,3,179,537,Cash,Cloudy,28,105,12,93,179.0,844,No,Sunday,Yes,No,New,Dine-In,768.7
1114,2025-02-08,2025-02-08,15:19,French Fries,Snacks,4,129,516,Credit Card,Windy,26,99,18,81,129.0,399,Yes,Saturday,Yes,No,New,Takeaway,832.6
1115,2025-08-10,2025-08-10,07:09,Paneer Tikka,Starter,3,299,897,Cash,Sunny,32,83,45,38,299.0,819,No,Sunday,Yes,No,New,Delivery,1093.7
1116,2025-08-18,2025-08-18,17:44,Farmhouse Pizza,Pizza,2,399,798,UPI,Windy,21,177,30,147,399.0,498,Yes,Monday,No,No,New,Takeaway,1086.8
1117,2025-01-13,2025-01-13,23:31,Spring Rolls,Starter,4,229,916,UPI,Rainy,28,145,51,94,229.0,755,Yes,Monday,No,No,Returning,Takeaway,1263.6
1118,2025-09-25,2025-09-25,17:51,Margherita Pizza,Pizza,4,299,1196,Credit Card,Cloudy,23,155,11,144,299.0,793,No,Thursday,No,No,Returning,Dine-In,1676.6
1119,2025-04-17,2025-04-17,08:42,Veg Sandwich,Snacks,1,179,179,Credit Card,Sunny,33,84,12,72,179.0,788,No,Thursday,No,No,New,Takeaway,602.9
1120,2025-02-02,2025-02-02,23:56,Soft Drink,Beverage,3,79,237,UPI,Sunny,24,127,49,78,79.0,496,Yes,Sunday,Yes,No,New,Takeaway,530.7
1121,2025-11-17,2025-11-17,05:00,Soft Drink,Beverage,4,79,316,UPI,Cloudy,35,162,45,117,79.0,598,No,Monday,No,No,New,Dine-In,721.6
1122,2025-09-28,2025-09-28,15:28,Spring Rolls,Starter,3,229,687,Debit Card,Windy,18,133,38,95,229.0,396,Yes,Sunday,Yes,No,Returning,Delivery,1204.7
1123,2025-10-14,2025-10-14,11:44,Margherita Pizza,Pizza,2,299,598,Debit Card,Sunny,23,177,14,163,299.0,794,Yes,Tuesday,No,No,New,Delivery,1074.8
1124,2025-03-30,2025-03-30,05:04,Veg Burger,Burger,1,149,149,Credit Card,Cloudy,22,156,22,134,149.0,550,No,Sunday,Yes,Yes,Returning,Delivery,367.9
1125,2025-08-02,2025-08-02,17:30,Chocolate Shake,Beverage,5,179,895,Debit Card,Sunny,26,146,22,124,179.0,542,No,Saturday,Yes,No,New,Dine-In,1374.5
1126,2025-07-16,2025-07-16,05:55,Veg Burger,Burger,5,149,745,Credit Card,Windy,31,106,48,58,149.0,594,Yes,Wednesday,No,No,New,Delivery,1091.5
1127,2025-07-06,2025-07-06,22:08,Masala Dosa,South Indian,5,199,995,Debit Card,Windy,19,93,54,39,199.0,436,Yes,Sunday,Yes,Yes,Returning,Dine-In,1402.5
1128,2025-08-23,2025-08-23,06:45,Veg Biryani,Main Course,5,249,1245,UPI,Rainy,28,112,40,72,249.0,503,Yes,Saturday,Yes,No,Returning,Delivery,1473.5
1129,2025-12-06,2025-12-06,18:23,Spring Rolls,Starter,1,229,229,UPI,Sunny,34,176,23,153,229.0,300,Yes,Saturday,Yes,No,Returning,Delivery,699.9
1130,2025-11-06,2025-11-06,09:07,Chocolate Shake,Beverage,2,179,358,UPI,Cloudy,26,171,57,114,179.0,420,No,Thursday,No,No,Returning,Takeaway,614.8
1131,2025-09-15,2025-09-15,01:22,Veg Biryani,Main Course,1,249,249,Debit Card,Windy,19,145,39,106,249.0,613,Yes,Monday,No,No,Returning,Delivery,734.9
1132,2025-01-31,2025-01-31,05:53,Veg Burger,Burger,2,149,298,Cash,Cloudy,22,170,55,115,149.0,652,No,Friday,No,No,New,Dine-In,530.8
1133,2025-12-06,2025-12-06,05:02,Farmhouse Pizza,Pizza,2,399,798,Credit Card,Cloudy,34,171,43,128,399.0,373,Yes,Saturday,Yes,No,Returning,Takeaway,1352.8
1134,2025-10-01,2025-10-01,01:49,Margherita Pizza,Pizza,2,299,598,Cash,Windy,22,177,26,151,299.0,852,Yes,Wednesday,No,No,Returning,Dine-In,1112.8
1135,2025-03-01,2025-03-01,04:38,Chocolate Shake,Beverage,3,179,537,Cash,Cloudy,25,107,47,60,179.0,476,Yes,Saturday,Yes,No,Returning,Takeaway,727.7
1136,2025-04-05,2025-04-05,14:31,Soft Drink,Beverage,4,79,316,Cash,Rainy,27,125,43,82,79.0,883,Yes,Saturday,Yes,No,New,Dine-In,669.6
1137,2025-09-30,2025-09-30,11:39,Farmhouse Pizza,Pizza,2,399,798,Credit Card,Windy,21,93,16,77,399.0,501,Yes,Tuesday,No,No,New,Delivery,1048.8
1138,2025-06-26,2025-06-26,08:30,Soft Drink,Beverage,4,79,316,UPI,Windy,27,174,52,122,79.0,423,Yes,Thursday,No,No,Returning,Delivery,732.6
1139,2025-07-31,2025-07-31,07:20,Soft Drink,Beverage,5,79,395,UPI,Cloudy,18,80,21,59,79.0,875,No,Thursday,No,No,Returning,Takeaway,795.5
1140,2025-02-13,2025-02-13,00:19,Veg Sandwich,Snacks,3,179,537,Cash,Sunny,18,159,19,140,179.0,392,Yes,Thursday,No,No,Returning,Dine-In,1053.7
1141,2025-07-08,2025-07-08,21:27,Masala Dosa,South Indian,4,199,796,UPI,Sunny,31,96,52,44,199.0,600,No,Tuesday,No,No,Returning,Dine-In,1080.6
1142,2025-04-25,2025-04-25,16:34,Cold Coffee,Beverage,3,149,447,Debit Card,Sunny,20,128,11,117,149.0,371,No,Friday,No,No,Returning,Dine-In,822.7
1143,2025-01-18,2025-01-18,21:01,Margherita Pizza,Pizza,5,299,1495,UPI,Cloudy,22,144,22,122,299.0,542,No,Saturday,Yes,No,New,Delivery,1768.5
1144,2025-07-22,2025-07-22,05:47,Chocolate Shake,Beverage,5,179,895,Cash,Cloudy,33,141,38,103,179.0,866,Yes,Tuesday,No,No,New,Takeaway,1431.5
1145,2025-02-28,2025-02-28,06:30,Chole Bhature,Main Course,1,199,199,Debit Card,Sunny,27,97,20,77,199.0,657,No,Friday,No,No,New,Dine-In,370.9
1146,2025-11-24,2025-11-24,18:36,Veg Biryani,Main Course,3,249,747,Cash,Rainy,20,157,56,101,249.0,894,No,Monday,No,No,New,Dine-In,950.7
1147,2025-05-09,2025-05-09,08:18,Paneer Tikka,Starter,5,299,1495,UPI,Windy,29,136,28,108,299.0,837,No,Friday,No,No,Returning,Dine-In,1944.5
1148,2025-02-16,2025-02-16,18:21,Spring Rolls,Starter,3,229,687,Credit Card,Cloudy,31,172,49,123,229.0,398,No,Sunday,Yes,No,Returning,Delivery,858.7
1149,2025-06-03,2025-06-03,15:20,Veg Sandwich,Snacks,4,179,716,Credit Card,Sunny,29,169,51,118,179.0,808,No,Tuesday,No,No,Returning,Delivery,1277.6
1150,2025-01-08,2025-01-08,06:05,Veg Biryani,Main Course,2,249,498,UPI,Sunny,24,178,11,167,249.0,529,Yes,Wednesday,No,Yes,Returning,Dine-In,997.8
1151,2025-11-25,2025-11-25,10:52,Veg Burger,Burger,3,149,447,UPI,Cloudy,35,92,48,44,149.0,787,No,Tuesday,No,No,Returning,Dine-In,599.7
1152,2025-03-18,2025-03-18,18:15,Veg Burger,Burger,4,149,596,Cash,Rainy,35,126,45,81,149.0,424,No,Tuesday,No,No,Returning,Dine-In,780.6
1153,2025-09-09,2025-09-09,12:05,Soft Drink,Beverage,3,79,237,Cash,Sunny,35,100,13,87,79.0,886,Yes,Tuesday,No,No,New,Dine-In,755.7
1154,2025-02-13,2025-02-13,05:25,Veg Biryani,Main Course,2,249,498,Debit Card,Sunny,29,156,19,137,249.0,314,Yes,Thursday,No,No,Returning,Delivery,950.8
1155,2025-01-04,2025-01-04,09:11,Paneer Tikka,Starter,4,299,1196,Cash,Windy,18,127,12,115,299.0,869,No,Saturday,Yes,Yes,New,Delivery,1487.6
1156,2025-10-01,2025-10-01,04:15,Veg Sandwich,Snacks,2,179,358,Debit Card,Windy,32,161,40,121,179.0,701,No,Wednesday,No,No,New,Takeaway,788.8
1157,2025-08-09,2025-08-09,09:38,White Sauce Pasta,Pasta,3,249,747,Debit Card,Sunny,21,109,44,65,249.0,709,No,Saturday,Yes,No,Returning,Dine-In,1306.7
1158,2025-11-08,2025-11-08,16:57,Veg Biryani,Main Course,4,249,996,Cash,Sunny,26,93,48,45,249.0,502,Yes,Saturday,Yes,No,New,Dine-In,1370.6
1159,2025-09-04,2025-09-04,07:25,Masala Dosa,South Indian,3,199,597,Cash,Cloudy,29,100,60,40,199.0,483,No,Thursday,No,No,New,Dine-In,944.7
1160,2025-12-06,2025-12-06,11:47,Cheese Burger,Burger,5,199,995,Credit Card,Sunny,31,99,18,81,199.0,488,No,Saturday,Yes,No,New,Dine-In,1472.5
1161,2025-08-14,2025-08-14,08:26,Cheese Burger,Burger,3,199,597,UPI,Rainy,29,120,24,96,199.0,513,No,Thursday,No,No,New,Takeaway,1004.7
1162,2025-10-29,2025-10-29,11:22,Cold Coffee,Beverage,1,149,149,Credit Card,Sunny,25,127,54,73,149.0,756,No,Wednesday,No,No,New,Dine-In,516.9
1163,2025-03-29,2025-03-29,05:18,Chole Bhature,Main Course,3,199,597,Debit Card,Cloudy,23,174,40,134,199.0,329,No,Saturday,Yes,No,Returning,Delivery,1135.7
1164,2025-09-27,2025-09-27,06:25,Margherita Pizza,Pizza,4,299,1196,Cash,Sunny,26,138,41,97,299.0,322,No,Saturday,Yes,No,Returning,Dine-In,1745.6
1165,2025-07-18,2025-07-18,22:37,White Sauce Pasta,Pasta,5,249,1245,Cash,Windy,23,150,33,117,249.0,351,No,Friday,No,No,New,Dine-In,1486.5
1166,2025-02-24,2025-02-24,05:30,French Fries,Snacks,1,129,129,UPI,Rainy,21,116,10,106,129.0,647,No,Monday,No,No,Returning,Dine-In,334.9
1167,2025-10-08,2025-10-08,22:26,White Sauce Pasta,Pasta,3,249,747,Cash,Rainy,18,106,51,55,249.0,612,No,Wednesday,No,No,Returning,Takeaway,1292.7
1168,2025-02-12,2025-02-12,09:42,Cold Coffee,Beverage,3,149,447,Credit Card,Windy,19,156,14,142,149.0,693,Yes,Wednesday,No,No,Returning,Takeaway,841.7
1169,2025-09-17,2025-09-17,23:43,Veg Sandwich,Snacks,1,179,179,Debit Card,Cloudy,24,152,26,126,179.0,856,Yes,Wednesday,No,Yes,Returning,Dine-In,361.9
1170,2025-04-13,2025-04-13,09:17,Veg Burger,Burger,4,149,596,Cash,Windy,25,167,13,154,149.0,808,No,Sunday,Yes,No,New,Takeaway,863.6
1171,2025-02-16,2025-02-16,05:48,White Sauce Pasta,Pasta,1,249,249,Cash,Rainy,24,102,35,67,249.0,587,Yes,Sunday,Yes,No,New,Delivery,742.9
1172,2025-01-30,2025-01-30,13:25,White Sauce Pasta,Pasta,4,249,996,Debit Card,Rainy,23,122,13,109,249.0,671,Yes,Thursday,No,No,Returning,Dine-In,1403.6
1173,2025-05-25,2025-05-25,08:46,Farmhouse Pizza,Pizza,5,399,1995,UPI,Cloudy,33,125,13,112,399.0,712,Yes,Sunday,Yes,No,Returning,Takeaway,2498.5
1174,2025-01-25,2025-01-25,02:35,Cold Coffee,Beverage,2,149,298,Credit Card,Sunny,18,164,53,111,149.0,568,No,Saturday,Yes,No,New,Takeaway,435.8
1175,2025-01-09,2025-01-09,22:51,French Fries,Snacks,3,129,387,UPI,Cloudy,30,92,17,75,129.0,592,Yes,Thursday,No,No,Returning,Takeaway,880.7
1176,2025-05-06,2025-05-06,08:47,Cold Coffee,Beverage,3,149,447,Credit Card,Sunny,22,103,17,86,149.0,659,Yes,Tuesday,No,No,New,Dine-In,598.7
1177,2025-04-18,2025-04-18,14:12,Veg Biryani,Main Course,3,249,747,Cash,Cloudy,20,177,38,139,249.0,682,Yes,Friday,No,No,Returning,Dine-In,1138.7
1178,2025-09-19,2025-09-19,11:18,French Fries,Snacks,2,129,258,Credit Card,Rainy,31,173,48,125,129.0,345,No,Friday,No,No,Returning,Delivery,404.8
1179,2025-04-29,2025-04-29,15:40,Spring Rolls,Starter,1,229,229,Credit Card,Windy,24,103,25,78,229.0,720,No,Tuesday,No,No,Returning,Dine-In,699.9
1180,2025-11-09,2025-11-09,12:39,White Sauce Pasta,Pasta,4,249,996,Cash,Sunny,29,107,57,50,249.0,799,No,Sunday,Yes,No,Returning,Dine-In,1427.6
1181,2025-10-21,2025-10-21,12:11,Masala Dosa,South Indian,5,199,995,Cash,Cloudy,22,124,52,72,199.0,594,Yes,Tuesday,No,No,New,Takeaway,1436.5
1182,2025-02-01,2025-02-01,09:49,Soft Drink,Beverage,2,79,158,Debit Card,Rainy,26,117,36,81,79.0,475,Yes,Saturday,Yes,No,Returning,Dine-In,469.8
1183,2025-08-07,2025-08-07,18:24,Chocolate Shake,Beverage,3,179,537,Credit Card,Rainy,32,136,24,112,179.0,745,Yes,Thursday,No,Yes,New,Takeaway,865.7
1184,2025-05-07,2025-05-07,05:55,Veg Biryani,Main Course,1,249,249,Credit Card,Sunny,25,90,33,57,249.0,311,No,Wednesday,No,No,Returning,Dine-In,665.9
1185,2025-12-02,2025-12-02,04:46,Masala Dosa,South Indian,2,199,398,Cash,Cloudy,26,115,35,80,199.0,752,No,Tuesday,No,No,Returning,Dine-In,713.8
1186,2025-07-11,2025-07-11,08:58,Spring Rolls,Starter,5,229,1145,Credit Card,Sunny,20,150,36,114,229.0,437,No,Friday,No,No,New,Delivery,1441.5
1187,2025-10-25,2025-10-25,10:05,Masala Dosa,South Indian,1,199,199,Debit Card,Cloudy,34,110,11,99,199.0,350,Yes,Saturday,Yes,No,New,Dine-In,509.9
1188,2025-02-23,2025-02-23,18:49,Veg Biryani,Main Course,2,249,498,Debit Card,Sunny,31,158,26,132,249.0,776,Yes,Sunday,Yes,No,New,Dine-In,731.8
1189,2025-10-23,2025-10-23,10:51,Paneer Tikka,Starter,3,299,897,Credit Card,Windy,27,100,36,64,299.0,355,Yes,Thursday,No,Yes,Returning,Dine-In,1355.7
1190,2025-04-10,2025-04-10,08:53,French Fries,Snacks,1,129,129,Credit Card,Windy,28,128,18,110,129.0,405,No,Thursday,No,No,New,Dine-In,587.9
1191,2025-11-11,2025-11-11,18:51,Veg Sandwich,Snacks,4,179,716,UPI,Rainy,31,92,23,69,179.0,371,Yes,Tuesday,No,No,Returning,Dine-In,1070.6
1192,2025-04-26,2025-04-26,21:37,Masala Dosa,South Indian,1,199,199,Debit Card,Sunny,29,125,60,65,199.0,668,Yes,Saturday,Yes,No,New,Delivery,697.9
1193,2025-07-09,2025-07-09,23:58,Cold Coffee,Beverage,4,149,596,Debit Card,Windy,30,180,53,127,149.0,722,No,Wednesday,No,No,Returning,Delivery,817.6
1194,2025-07-13,2025-07-13,01:48,Soft Drink,Beverage,4,79,316,UPI,Windy,30,101,13,88,79.0,306,Yes,Sunday,Yes,No,New,Takeaway,460.6
1195,2025-08-07,2025-08-07,19:22,French Fries,Snacks,2,129,258,Cash,Rainy,30,144,51,93,129.0,410,No,Thursday,No,No,Returning,Delivery,778.8
1196,2025-01-29,2025-01-29,01:30,Veg Sandwich,Snacks,3,179,537,UPI,Windy,25,152,21,131,179.0,849,No,Wednesday,No,Yes,Returning,Dine-In,978.7
1197,2025-03-13,2025-03-13,02:43,Soft Drink,Beverage,5,79,395,Credit Card,Sunny,19,121,10,111,79.0,733,No,Thursday,No,No,Returning,Takeaway,882.5
1198,2025-11-23,2025-11-23,20:14,Masala Dosa,South Indian,5,199,995,Credit Card,Cloudy,35,80,33,47,199.0,885,Yes,Sunday,Yes,No,Returning,Takeaway,1321.5
1199,2025-01-10,2025-01-10,04:06,French Fries,Snacks,2,129,258,UPI,Cloudy,32,125,24,101,129.0,310,No,Friday,No,No,Returning,Delivery,533.8
1200,2025-11-09,2025-11-09,06:23,Farmhouse Pizza,Pizza,2,399,798,Cash,Windy,26,107,50,57,399.0,715,No,Sunday,Yes,No,New,Dine-In,994.8
1201,2025-12-06,2025-12-06,02:11,White Sauce Pasta,Pasta,2,249,498,UPI,Windy,29,108,28,80,249.0,499,No,Saturday,Yes,No,Returning,Delivery,965.8
1202,2025-08-12,2025-08-12,12:47,Cold Coffee,Beverage,4,149,596,UPI,Cloudy,18,150,49,101,149.0,636,No,Tuesday,No,No,New,Takeaway,800.6
1203,2025-05-05,2025-05-05,11:00,White Sauce Pasta,Pasta,2,249,498,UPI,Rainy,19,118,52,66,249.0,791,Yes,Monday,No,Yes,New,Dine-In,920.8
1204,2025-08-30,2025-08-30,12:46,Veg Sandwich,Snacks,1,179,179,Credit Card,Cloudy,31,161,46,115,179.0,825,Yes,Saturday,Yes,No,New,Delivery,518.9
1205,2025-06-19,2025-06-19,09:58,Veg Biryani,Main Course,5,249,1245,Credit Card,Sunny,22,104,23,81,249.0,878,Yes,Thursday,No,No,New,Dine-In,1843.5
1206,2025-01-31,2025-01-31,01:32,Masala Dosa,South Indian,5,199,995,Credit Card,Cloudy,28,127,19,108,199.0,538,No,Friday,No,No,Returning,Delivery,1538.5
1207,2025-10-30,2025-10-30,19:35,Veg Sandwich,Snacks,4,179,716,Credit Card,Sunny,24,162,16,146,179.0,544,Yes,Thursday,No,No,New,Takeaway,1150.6
1208,2025-07-14,2025-07-14,23:38,Margherita Pizza,Pizza,5,299,1495,Cash,Rainy,32,121,49,72,299.0,443,Yes,Monday,No,No,Returning,Delivery,1893.5
1209,2025-01-04,2025-01-04,04:09,Paneer Tikka,Starter,5,299,1495,Cash,Cloudy,21,96,28,68,299.0,638,Yes,Saturday,Yes,No,New,Delivery,2100.5
1210,2025-12-23,2025-12-23,21:42,Cold Coffee,Beverage,4,149,596,Credit Card,Cloudy,19,95,54,41,149.0,500,Yes,Tuesday,No,No,Returning,Delivery,904.6
1211,2025-11-07,2025-11-07,22:08,Masala Dosa,South Indian,1,199,199,UPI,Sunny,28,178,58,120,199.0,383,No,Friday,No,No,New,Takeaway,637.9
1212,2025-05-22,2025-05-22,16:13,Veg Sandwich,Snacks,1,179,179,UPI,Cloudy,35,169,54,115,179.0,420,No,Thursday,No,No,New,Delivery,500.9
1213,2025-02-01,2025-02-01,10:00,Cold Coffee,Beverage,2,149,298,UPI,Cloudy,21,137,38,99,149.0,664,Yes,Saturday,Yes,No,Returning,Takeaway,727.8
1214,2025-01-13,2025-01-13,02:08,French Fries,Snacks,4,129,516,UPI,Rainy,21,174,19,155,129.0,793,Yes,Monday,No,No,Returning,Delivery,761.6
1215,2025-02-12,2025-02-12,20:51,Spring Rolls,Starter,2,229,458,Credit Card,Rainy,34,143,21,122,229.0,322,Yes,Wednesday,No,No,Returning,Delivery,616.8
1216,2025-02-11,2025-02-11,14:45,Cold Coffee,Beverage,1,149,149,Debit Card,Cloudy,23,91,10,81,149.0,827,Yes,Tuesday,No,No,New,Dine-In,651.9
1217,2025-10-31,2025-10-31,08:36,Paneer Tikka,Starter,5,299,1495,UPI,Sunny,32,144,32,112,299.0,730,No,Friday,No,No,New,Takeaway,1811.5
1218,2025-10-06,2025-10-06,08:58,Masala Dosa,South Indian,4,199,796,UPI,Rainy,34,124,44,80,199.0,442,Yes,Monday,No,No,Returning,Delivery,1002.6
1219,2025-12-23,2025-12-23,06:33,Paneer Tikka,Starter,5,299,1495,UPI,Cloudy,32,114,38,76,299.0,354,Yes,Tuesday,No,No,Returning,Delivery,2048.5
1220,2025-01-30,2025-01-30,02:49,Spring Rolls,Starter,3,229,687,Debit Card,Cloudy,25,146,33,113,229.0,390,No,Thursday,No,No,New,Dine-In,937.7
1221,2025-09-11,2025-09-11,13:06,Cold Coffee,Beverage,1,149,149,Credit Card,Rainy,26,115,47,68,149.0,392,Yes,Thursday,No,No,Returning,Takeaway,561.9
1222,2025-02-16,2025-02-16,19:48,Soft Drink,Beverage,1,79,79,Credit Card,Cloudy,30,132,49,83,79.0,855,No,Sunday,Yes,No,Returning,Takeaway,314.9
1223,2025-09-18,2025-09-18,11:18,Paneer Tikka,Starter,2,299,598,Debit Card,Windy,21,164,26,138,299.0,570,No,Thursday,No,Yes,Returning,Dine-In,1051.8
1224,2025-10-22,2025-10-22,10:50,Chocolate Shake,Beverage,5,179,895,Cash,Sunny,19,104,24,80,179.0,556,No,Wednesday,No,Yes,Returning,Takeaway,1461.5
1225,2025-01-27,2025-01-27,02:19,Veg Biryani,Main Course,3,249,747,Cash,Sunny,28,140,30,110,249.0,393,No,Monday,No,No,Returning,Dine-In,1181.7
1226,2025-04-08,2025-04-08,17:49,White Sauce Pasta,Pasta,4,249,996,UPI,Rainy,28,173,53,120,249.0,802,Yes,Tuesday,No,No,New,Takeaway,1397.6
1227,2025-06-27,2025-06-27,11:38,Chole Bhature,Main Course,3,199,597,Credit Card,Sunny,35,87,60,27,199.0,515,No,Friday,No,No,Returning,Dine-In,820.7
1228,2025-04-29,2025-04-29,18:11,Veg Biryani,Main Course,3,249,747,Debit Card,Sunny,26,148,33,115,249.0,862,No,Tuesday,No,No,Returning,Takeaway,1297.7
1229,2025-06-20,2025-06-20,10:25,Margherita Pizza,Pizza,4,299,1196,Debit Card,Rainy,32,148,48,100,299.0,679,Yes,Friday,No,No,New,Dine-In,1609.6
1230,2025-01-18,2025-01-18,05:10,Cold Coffee,Beverage,1,149,149,UPI,Rainy,25,80,47,33,149.0,355,No,Saturday,Yes,No,New,Takeaway,327.9
1231,2025-05-23,2025-05-23,07:37,Cheese Burger,Burger,3,199,597,Credit Card,Cloudy,22,91,10,81,199.0,526,No,Friday,No,No,New,Dine-In,960.7
1232,2025-04-06,2025-04-06,10:27,Veg Burger,Burger,1,149,149,Debit Card,Cloudy,27,163,43,120,149.0,859,Yes,Sunday,Yes,Yes,New,Dine-In,486.9
1233,2025-02-04,2025-02-04,19:43,Veg Sandwich,Snacks,2,179,358,Credit Card,Sunny,35,165,25,140,179.0,552,No,Tuesday,No,Yes,Returning,Delivery,869.8
1234,2025-02-12,2025-02-12,08:25,Veg Sandwich,Snacks,3,179,537,Credit Card,Sunny,18,154,39,115,179.0,327,Yes,Wednesday,No,No,Returning,Takeaway,944.7
1235,2025-08-15,2025-08-15,05:03,White Sauce Pasta,Pasta,3,249,747,Credit Card,Cloudy,20,108,44,64,249.0,773,Yes,Friday,No,No,New,Delivery,1028.7
1236,2025-03-01,2025-03-01,08:18,Farmhouse Pizza,Pizza,1,399,399,Debit Card,Windy,35,154,50,104,399.0,365,No,Saturday,Yes,No,Returning,Dine-In,649.9
1237,2025-06-02,2025-06-02,15:50,Farmhouse Pizza,Pizza,3,399,1197,Debit Card,Cloudy,19,128,56,72,399.0,777,No,Monday,No,No,Returning,Delivery,1736.7
1238,2025-12-08,2025-12-08,01:52,White Sauce Pasta,Pasta,4,249,996,Debit Card,Windy,22,167,38,129,249.0,366,No,Monday,No,No,New,Delivery,1535.6
1239,2025-04-19,2025-04-19,19:25,Margherita Pizza,Pizza,4,299,1196,UPI,Sunny,32,113,38,75,299.0,799,No,Saturday,Yes,No,New,Takeaway,1756.6
1240,2025-06-06,2025-06-06,14:10,Veg Biryani,Main Course,4,249,996,Cash,Sunny,21,129,33,96,249.0,664,No,Friday,No,No,Returning,Takeaway,1264.6
1241,2025-01-30,2025-01-30,02:36,Margherita Pizza,Pizza,5,299,1495,Debit Card,Rainy,24,172,11,161,299.0,571,No,Thursday,No,No,Returning,Delivery,1796.5
1242,2025-10-14,2025-10-14,17:19,French Fries,Snacks,3,129,387,Credit Card,Windy,24,180,60,120,129.0,351,Yes,Tuesday,No,No,New,Delivery,776.7
1243,2025-01-29,2025-01-29,15:53,Masala Dosa,South Indian,2,199,398,Credit Card,Rainy,21,176,56,120,199.0,524,Yes,Wednesday,No,No,Returning,Dine-In,767.8
1244,2025-12-23,2025-12-23,09:47,Veg Biryani,Main Course,4,249,996,Debit Card,Sunny,25,134,52,82,249.0,473,Yes,Tuesday,No,No,Returning,Dine-In,1440.6
1245,2025-01-15,2025-01-15,07:26,Spring Rolls,Starter,5,229,1145,Cash,Cloudy,18,121,17,104,229.0,583,Yes,Wednesday,No,No,Returning,Takeaway,1507.5
1246,2025-07-16,2025-07-16,15:09,Cheese Burger,Burger,4,199,796,Debit Card,Windy,18,93,43,50,199.0,622,No,Wednesday,No,No,Returning,Delivery,1058.6
1247,2025-01-30,2025-01-30,03:13,Chocolate Shake,Beverage,2,179,358,Credit Card,Windy,34,150,57,93,179.0,672,Yes,Thursday,No,No,Returning,Takeaway,682.8
1248,2025-08-31,2025-08-31,03:36,Farmhouse Pizza,Pizza,2,399,798,UPI,Sunny,30,117,14,103,399.0,828,Yes,Sunday,Yes,No,Returning,Takeaway,1239.8
1249,2025-03-05,2025-03-05,13:20,Spring Rolls,Starter,2,229,458,Credit Card,Sunny,26,125,10,115,229.0,892,No,Wednesday,No,No,New,Delivery,632.8
1250,2025-06-19,2025-06-19,07:42,Veg Burger,Burger,1,149,149,UPI,Sunny,32,153,24,129,149.0,531,Yes,Thursday,No,No,New,Dine-In,311.9
1251,2025-09-26,2025-09-26,22:06,Margherita Pizza,Pizza,1,299,299,UPI,Rainy,30,84,49,35,299.0,393,No,Friday,No,No,New,Delivery,538.9
1252,2025-06-09,2025-06-09,11:25,Margherita Pizza,Pizza,4,299,1196,UPI,Rainy,32,150,44,106,299.0,685,No,Monday,No,No,New,Takeaway,1778.6
1253,2025-12-03,2025-12-03,17:20,Cold Coffee,Beverage,3,149,447,UPI,Rainy,31,152,54,98,149.0,729,No,Wednesday,No,No,Returning,Delivery,958.7
1254,2025-09-24,2025-09-24,09:22,Chole Bhature,Main Course,4,199,796,Credit Card,Cloudy,27,143,41,102,199.0,460,Yes,Wednesday,No,No,Returning,Takeaway,1021.6
1255,2025-11-15,2025-11-15,05:01,Spring Rolls,Starter,1,229,229,Credit Card,Sunny,32,177,27,150,229.0,538,No,Saturday,Yes,No,Returning,Delivery,632.9
1256,2025-09-07,2025-09-07,07:37,Veg Biryani,Main Course,2,249,498,Credit Card,Cloudy,21,86,49,37,249.0,719,Yes,Sunday,Yes,No,New,Delivery,835.8
1257,2025-02-12,2025-02-12,04:55,Masala Dosa,South Indian,3,199,597,UPI,Windy,27,137,14,123,199.0,551,Yes,Wednesday,No,No,New,Takeaway,943.7
1258,2025-03-14,2025-03-14,11:11,Chocolate Shake,Beverage,4,179,716,Credit Card,Sunny,22,82,16,66,179.0,888,Yes,Friday,No,No,New,Delivery,1105.6
1259,2025-01-31,2025-01-31,17:52,Veg Biryani,Main Course,3,249,747,Cash,Rainy,24,127,55,72,249.0,498,Yes,Friday,No,No,New,Dine-In,1163.7
1260,2025-03-06,2025-03-06,04:19,Paneer Tikka,Starter,3,299,897,Debit Card,Rainy,19,154,47,107,299.0,641,No,Thursday,No,No,New,Takeaway,1266.7
1261,2025-07-31,2025-07-31,16:38,Cheese Burger,Burger,1,199,199,Credit Card,Rainy,23,152,18,134,199.0,585,No,Thursday,No,No,New,Delivery,463.9
1262,2025-09-19,2025-09-19,09:40,Cheese Burger,Burger,1,199,199,Cash,Sunny,23,112,46,66,199.0,404,Yes,Friday,No,No,New,Takeaway,341.9
1263,2025-12-23,2025-12-23,18:53,Cold Coffee,Beverage,3,149,447,UPI,Sunny,32,152,58,94,149.0,697,Yes,Tuesday,No,No,Returning,Dine-In,887.7
1264,2025-10-11,2025-10-11,03:56,Soft Drink,Beverage,1,79,79,Cash,Windy,31,180,24,156,79.0,579,Yes,Saturday,Yes,No,New,Dine-In,286.9
1265,2025-09-29,2025-09-29,19:39,Paneer Tikka,Starter,2,299,598,Debit Card,Sunny,30,180,51,129,299.0,782,Yes,Monday,No,No,New,Takeaway,802.8
1266,2025-06-07,2025-06-07,14:43,French Fries,Snacks,3,129,387,Credit Card,Sunny,27,90,58,32,129.0,450,Yes,Saturday,Yes,No,New,Delivery,711.7
1267,2025-03-07,2025-03-07,02:40,White Sauce Pasta,Pasta,1,249,249,Debit Card,Windy,35,164,31,133,249.0,439,No,Friday,No,No,New,Takeaway,578.9
1268,2025-03-26,2025-03-26,16:28,Margherita Pizza,Pizza,4,299,1196,Debit Card,Rainy,32,82,27,55,299.0,403,Yes,Wednesday,No,No,Returning,Takeaway,1614.6
1269,2025-02-21,2025-02-21,00:14,Veg Biryani,Main Course,5,249,1245,Cash,Sunny,30,92,18,74,249.0,514,No,Friday,No,No,New,Takeaway,1700.5
1270,2025-12-24,2025-12-24,22:08,Masala Dosa,South Indian,5,199,995,Debit Card,Windy,22,163,26,137,199.0,612,Yes,Wednesday,No,No,Returning,Takeaway,1312.5
1271,2025-02-03,2025-02-03,02:25,Chole Bhature,Main Course,5,199,995,Debit Card,Cloudy,25,139,40,99,199.0,808,Yes,Monday,No,Yes,Returning,Takeaway,1212.5
1272,2025-05-11,2025-05-11,03:19,Veg Sandwich,Snacks,3,179,537,Debit Card,Sunny,18,153,29,124,179.0,762,Yes,Sunday,Yes,Yes,Returning,Takeaway,912.7
1273,2025-09-05,2025-09-05,00:15,Chole Bhature,Main Course,5,199,995,UPI,Sunny,18,180,31,149,199.0,841,Yes,Friday,No,No,Returning,Delivery,1289.5
1274,2025-12-06,2025-12-06,15:37,Soft Drink,Beverage,4,79,316,Cash,Sunny,32,110,27,83,79.0,315,No,Saturday,Yes,No,Returning,Delivery,550.6
1275,2025-10-29,2025-10-29,09:00,Soft Drink,Beverage,1,79,79,Credit Card,Cloudy,25,178,23,155,79.0,545,Yes,Wednesday,No,No,New,Takeaway,353.9
1276,2025-09-08,2025-09-08,09:57,Chole Bhature,Main Course,1,199,199,Cash,Windy,18,167,33,134,199.0,856,No,Monday,No,No,New,Delivery,382.9
1277,2025-02-13,2025-02-13,18:24,French Fries,Snacks,1,129,129,Cash,Windy,35,81,25,56,129.0,520,No,Thursday,No,No,New,Delivery,522.9
1278,2025-07-07,2025-07-07,05:00,Farmhouse Pizza,Pizza,5,399,1995,Credit Card,Cloudy,35,83,31,52,399.0,649,Yes,Monday,No,Yes,Returning,Delivery,2495.5
1279,2025-06-04,2025-06-04,02:52,Margherita Pizza,Pizza,1,299,299,Debit Card,Windy,34,121,34,87,299.0,305,No,Wednesday,No,No,New,Delivery,484.9
1280,2025-09-19,2025-09-19,02:18,Veg Biryani,Main Course,3,249,747,Debit Card,Windy,20,129,25,104,249.0,846,No,Friday,No,No,Returning,Dine-In,947.7
1281,2025-05-26,2025-05-26,20:27,Veg Burger,Burger,2,149,298,Cash,Sunny,19,113,47,66,149.0,710,Yes,Monday,No,No,Returning,Delivery,555.8
1282,2025-10-02,2025-10-02,04:44,White Sauce Pasta,Pasta,5,249,1245,UPI,Cloudy,24,118,60,58,249.0,497,No,Thursday,No,No,New,Takeaway,1760.5
1283,2025-04-24,2025-04-24,17:18,White Sauce Pasta,Pasta,2,249,498,UPI,Rainy,27,126,36,90,249.0,870,No,Thursday,No,Yes,Returning,Delivery,959.8
1284,2025-09-24,2025-09-24,03:54,Spring Rolls,Starter,3,229,687,Cash,Cloudy,35,152,18,134,229.0,701,No,Wednesday,No,No,New,Delivery,1186.7
1285,2025-09-10,2025-09-10,17:08,Veg Burger,Burger,3,149,447,Credit Card,Cloudy,27,89,17,72,149.0,689,Yes,Wednesday,No,No,Returning,Takeaway,737.7
1286,2025-06-10,2025-06-10,00:08,Cheese Burger,Burger,1,199,199,Debit Card,Rainy,25,117,21,96,199.0,821,No,Tuesday,No,No,New,Delivery,556.9
1287,2025-11-12,2025-11-12,19:39,Farmhouse Pizza,Pizza,4,399,1596,Cash,Sunny,18,138,52,86,399.0,468,Yes,Wednesday,No,No,New,Dine-In,1964.6
1288,2025-06-19,2025-06-19,19:15,Soft Drink,Beverage,2,79,158,UPI,Rainy,20,102,45,57,79.0,623,Yes,Thursday,No,No,New,Dine-In,608.8
1289,2025-07-18,2025-07-18,15:56,French Fries,Snacks,1,129,129,Cash,Rainy,23,154,45,109,129.0,667,Yes,Friday,No,No,Returning,Delivery,374.9
1290,2025-07-16,2025-07-16,04:57,Chocolate Shake,Beverage,1,179,179,Debit Card,Cloudy,28,131,41,90,179.0,545,Yes,Wednesday,No,No,Returning,Delivery,629.9
1291,2025-08-11,2025-08-11,06:55,Veg Biryani,Main Course,3,249,747,Credit Card,Cloudy,30,128,10,118,249.0,761,Yes,Monday,No,No,New,Delivery,1209.7
1292,2025-12-12,2025-12-12,09:30,Cheese Burger,Burger,4,199,796,UPI,Windy,28,139,40,99,199.0,678,Yes,Friday,No,Yes,New,Delivery,1356.6
1293,2025-04-10,2025-04-10,18:44,Masala Dosa,South Indian,4,199,796,Cash,Cloudy,32,100,16,84,199.0,355,Yes,Thursday,No,No,New,Delivery,1278.6
1294,2025-12-05,2025-12-05,16:36,Chole Bhature,Main Course,4,199,796,Cash,Windy,31,121,37,84,199.0,874,No,Friday,No,No,Returning,Delivery,1319.6
1295,2025-05-24,2025-05-24,01:49,Veg Sandwich,Snacks,2,179,358,Cash,Rainy,20,99,46,53,179.0,535,No,Saturday,Yes,No,Returning,Takeaway,634.8
1296,2025-06-28,2025-06-28,17:11,Paneer Tikka,Starter,3,299,897,Cash,Windy,27,87,13,74,299.0,651,Yes,Saturday,Yes,No,New,Takeaway,1212.7
1297,2025-08-27,2025-08-27,02:05,French Fries,Snacks,4,129,516,Debit Card,Rainy,26,127,25,102,129.0,827,Yes,Wednesday,No,No,New,Delivery,963.6
1298,2025-01-23,2025-01-23,23:00,Cheese Burger,Burger,3,199,597,Cash,Rainy,23,107,44,63,199.0,605,Yes,Thursday,No,No,Returning,Takeaway,1118.7
1299,2025-07-03,2025-07-03,14:09,Chocolate Shake,Beverage,2,179,358,Cash,Rainy,35,110,17,93,179.0,711,No,Thursday,No,No,New,Dine-In,847.8
1300,2025-08-07,2025-08-07,09:31,Paneer Tikka,Starter,5,299,1495,UPI,Sunny,20,101,52,49,299.0,701,No,Thursday,No,No,Returning,Delivery,2005.5
1301,2025-12-27,2025-12-27,07:58,Cold Coffee,Beverage,4,149,596,UPI,Windy,35,144,59,85,149.0,439,No,Saturday,Yes,No,Returning,Delivery,952.6
1302,2025-10-30,2025-10-30,18:56,French Fries,Snacks,4,129,516,UPI,Rainy,20,147,46,101,129.0,301,No,Thursday,No,No,Returning,Dine-In,914.6
1303,2025-08-10,2025-08-10,16:23,Chocolate Shake,Beverage,4,179,716,Debit Card,Sunny,18,136,39,97,179.0,316,Yes,Sunday,Yes,No,Returning,Delivery,997.6
1304,2025-08-21,2025-08-21,13:03,Veg Biryani,Main Course,4,249,996,Cash,Cloudy,24,106,58,48,249.0,686,Yes,Thursday,No,No,New,Takeaway,1421.6
1305,2025-03-20,2025-03-20,15:10,Chole Bhature,Main Course,2,199,398,Credit Card,Cloudy,26,113,26,87,199.0,599,Yes,Thursday,No,Yes,Returning,Takeaway,635.8
1306,2025-02-07,2025-02-07,22:21,Margherita Pizza,Pizza,4,299,1196,UPI,Sunny,18,161,13,148,299.0,498,No,Friday,No,No,New,Takeaway,1494.6
1307,2025-09-21,2025-09-21,14:10,Veg Sandwich,Snacks,3,179,537,UPI,Windy,24,133,50,83,179.0,465,Yes,Sunday,Yes,No,New,Dine-In,765.7
1308,2025-03-23,2025-03-23,14:15,Farmhouse Pizza,Pizza,2,399,798,Debit Card,Rainy,30,93,24,69,399.0,439,Yes,Sunday,Yes,No,New,Delivery,1359.8
1309,2025-04-24,2025-04-24,16:55,French Fries,Snacks,3,129,387,Debit Card,Cloudy,33,117,42,75,129.0,627,No,Thursday,No,No,New,Takeaway,653.7
1310,2025-04-07,2025-04-07,17:56,Chocolate Shake,Beverage,5,179,895,Credit Card,Rainy,24,154,28,126,179.0,818,Yes,Monday,No,No,New,Delivery,1211.5
1311,2025-08-15,2025-08-15,19:21,Chole Bhature,Main Course,2,199,398,Debit Card,Sunny,18,103,12,91,199.0,853,Yes,Friday,No,Yes,Returning,Dine-In,626.8
1312,2025-09-28,2025-09-28,20:33,Masala Dosa,South Indian,4,199,796,Debit Card,Windy,21,154,58,96,199.0,747,Yes,Sunday,Yes,Yes,New,Delivery,1210.6
1313,2025-02-23,2025-02-23,17:09,Spring Rolls,Starter,4,229,916,UPI,Cloudy,31,91,14,77,229.0,797,Yes,Sunday,Yes,No,Returning,Dine-In,1461.6
1314,2025-04-21,2025-04-21,04:14,Veg Biryani,Main Course,4,249,996,Credit Card,Rainy,22,154,47,107,249.0,715,Yes,Monday,No,No,Returning,Takeaway,1453.6
1315,2025-02-19,2025-02-19,21:37,Chole Bhature,Main Course,3,199,597,Credit Card,Cloudy,21,125,26,99,199.0,532,No,Wednesday,No,No,Returning,Dine-In,774.7
1316,2025-11-26,2025-11-26,00:08,Paneer Tikka,Starter,3,299,897,Credit Card,Rainy,19,171,59,112,299.0,822,No,Wednesday,No,No,Returning,Takeaway,1401.7
1317,2025-01-30,2025-01-30,17:02,Veg Biryani,Main Course,3,249,747,Credit Card,Sunny,24,172,43,129,249.0,462,No,Thursday,No,No,New,Dine-In,940.7
1318,2025-08-12,2025-08-12,10:29,Veg Sandwich,Snacks,5,179,895,Cash,Rainy,19,131,29,102,179.0,566,Yes,Tuesday,No,No,New,Delivery,1338.5
1319,2025-10-11,2025-10-11,06:07,Spring Rolls,Starter,5,229,1145,Cash,Rainy,34,91,55,36,229.0,631,Yes,Saturday,Yes,No,Returning,Dine-In,1662.5
1320,2025-12-20,2025-12-20,13:44,Margherita Pizza,Pizza,4,299,1196,UPI,Rainy,25,175,40,135,299.0,578,No,Saturday,Yes,No,Returning,Dine-In,1675.6
1321,2025-06-20,2025-06-20,11:10,Soft Drink,Beverage,5,79,395,Credit Card,Sunny,30,141,45,96,79.0,767,Yes,Friday,No,Yes,New,Dine-In,644.5
1322,2025-11-01,2025-11-01,22:42,Spring Rolls,Starter,5,229,1145,Debit Card,Rainy,34,165,32,133,229.0,513,Yes,Saturday,Yes,No,Returning,Delivery,1714.5
1323,2025-05-26,2025-05-26,22:19,Cold Coffee,Beverage,2,149,298,Credit Card,Rainy,29,109,40,69,149.0,668,Yes,Monday,No,No,New,Delivery,595.8
1324,2025-10-25,2025-10-25,15:09,Veg Burger,Burger,3,149,447,Cash,Cloudy,21,112,22,90,149.0,681,Yes,Saturday,Yes,No,New,Delivery,674.7
1325,2025-09-29,2025-09-29,17:26,Paneer Tikka,Starter,4,299,1196,Debit Card,Rainy,20,101,26,75,299.0,605,No,Monday,No,No,Returning,Takeaway,1812.6
1326,2025-04-25,2025-04-25,13:10,Veg Sandwich,Snacks,5,179,895,Cash,Rainy,26,145,42,103,179.0,883,Yes,Friday,No,No,New,Dine-In,1401.5
1327,2025-01-09,2025-01-09,02:45,Soft Drink,Beverage,1,79,79,UPI,Rainy,26,168,39,129,79.0,487,Yes,Thursday,No,No,Returning,Takeaway,311.9
1328,2025-12-06,2025-12-06,02:21,French Fries,Snacks,5,129,645,Debit Card,Sunny,20,165,53,112,129.0,411,Yes,Saturday,Yes,No,New,Delivery,1051.5
1329,2025-12-29,2025-12-29,20:55,French Fries,Snacks,4,129,516,UPI,Windy,35,86,47,39,129.0,309,No,Monday,No,No,Returning,Delivery,864.6
1330,2025-01-12,2025-01-12,07:34,Veg Sandwich,Snacks,1,179,179,Debit Card,Windy,25,96,38,58,179.0,704,No,Sunday,Yes,No,Returning,Takeaway,580.9
1331,2025-02-07,2025-02-07,01:45,Masala Dosa,South Indian,2,199,398,Debit Card,Sunny,24,109,58,51,199.0,877,Yes,Friday,No,No,Returning,Dine-In,935.8
1332,2025-05-22,2025-05-22,05:15,Soft Drink,Beverage,5,79,395,Credit Card,Windy,35,159,59,100,79.0,884,No,Thursday,No,No,Returning,Dine-In,909.5
1333,2025-09-14,2025-09-14,17:04,Spring Rolls,Starter,4,229,916,Cash,Windy,19,141,20,121,229.0,808,No,Sunday,Yes,No,Returning,Delivery,1215.6
1334,2025-01-31,2025-01-31,00:36,White Sauce Pasta,Pasta,1,249,249,Debit Card,Cloudy,27,90,17,73,249.0,552,No,Friday,No,No,Returning,Dine-In,671.9
1335,2025-03-24,2025-03-24,06:58,Cheese Burger,Burger,1,199,199,UPI,Cloudy,32,108,29,79,199.0,411,Yes,Monday,No,No,Returning,Dine-In,417.9
1336,2025-06-10,2025-06-10,11:11,Chocolate Shake,Beverage,2,179,358,Cash,Rainy,22,176,15,161,179.0,531,Yes,Tuesday,No,No,New,Takeaway,705.8
1337,2025-06-01,2025-06-01,14:31,Cold Coffee,Beverage,4,149,596,Cash,Sunny,26,175,34,141,149.0,309,No,Sunday,Yes,No,New,Delivery,820.6
1338,2025-10-20,2025-10-20,20:30,White Sauce Pasta,Pasta,5,249,1245,UPI,Rainy,30,169,33,136,249.0,404,Yes,Monday,No,No,Returning,Takeaway,1795.5
1339,2025-12-15,2025-12-15,18:16,Veg Sandwich,Snacks,2,179,358,Debit Card,Sunny,18,93,28,65,179.0,710,Yes,Monday,No,No,Returning,Takeaway,623.8
1340,2025-09-11,2025-09-11,19:45,French Fries,Snacks,5,129,645,UPI,Windy,27,88,18,70,129.0,854,No,Thursday,No,No,New,Dine-In,976.5
1341,2025-05-17,2025-05-17,17:21,Masala Dosa,South Indian,1,199,199,Cash,Cloudy,33,171,21,150,199.0,707,No,Saturday,Yes,No,New,Dine-In,388.9
1342,2025-12-04,2025-12-04,05:03,Cold Coffee,Beverage,2,149,298,Cash,Rainy,25,175,58,117,149.0,760,No,Thursday,No,Yes,New,Delivery,429.8
1343,2025-04-14,2025-04-14,19:24,Paneer Tikka,Starter,3,299,897,Debit Card,Rainy,19,96,38,58,299.0,304,No,Monday,No,No,New,Takeaway,1433.7
1344,2025-07-16,2025-07-16,13:33,Veg Burger,Burger,1,149,149,Credit Card,Sunny,21,116,57,59,149.0,747,Yes,Wednesday,No,No,Returning,Delivery,397.9
1345,2025-01-21,2025-01-21,13:24,Margherita Pizza,Pizza,4,299,1196,Cash,Sunny,22,87,42,45,299.0,536,No,Tuesday,No,No,New,Dine-In,1460.6
1346,2025-05-20,2025-05-20,15:34,Paneer Tikka,Starter,5,299,1495,Credit Card,Rainy,27,119,52,67,299.0,810,No,Tuesday,No,No,Returning,Dine-In,1922.5
1347,2025-06-19,2025-06-19,13:57,Farmhouse Pizza,Pizza,4,399,1596,Credit Card,Windy,23,156,33,123,399.0,818,No,Thursday,No,No,New,Delivery,2082.6
1348,2025-06-29,2025-06-29,17:39,Soft Drink,Beverage,2,79,158,UPI,Sunny,25,151,52,99,79.0,551,Yes,Sunday,Yes,No,New,Dine-In,418.8
1349,2025-12-02,2025-12-02,15:46,Chole Bhature,Main Course,2,199,398,Credit Card,Cloudy,22,134,34,100,199.0,437,Yes,Tuesday,No,No,New,Dine-In,863.8
1350,2025-08-08,2025-08-08,03:07,Veg Burger,Burger,1,149,149,Credit Card,Rainy,25,166,60,106,149.0,803,Yes,Friday,No,No,New,Takeaway,465.9
1351,2025-05-29,2025-05-29,23:52,Cheese Burger,Burger,3,199,597,Cash,Windy,22,80,20,60,199.0,673,No,Thursday,No,No,Returning,Delivery,1023.7
1352,2025-09-04,2025-09-04,16:17,Masala Dosa,South Indian,1,199,199,UPI,Sunny,20,140,46,94,199.0,523,Yes,Thursday,No,No,New,Dine-In,671.9
1353,2025-11-02,2025-11-02,06:50,White Sauce Pasta,Pasta,5,249,1245,Debit Card,Cloudy,20,127,11,116,249.0,563,Yes,Sunday,Yes,No,New,Takeaway,1608.5
1354,2025-05-16,2025-05-16,13:20,Cheese Burger,Burger,5,199,995,Credit Card,Cloudy,18,126,35,91,199.0,884,No,Friday,No,No,Returning,Dine-In,1306.5
1355,2025-08-13,2025-08-13,14:51,Veg Sandwich,Snacks,2,179,358,UPI,Sunny,21,93,59,34,179.0,559,No,Wednesday,No,No,New,Dine-In,758.8
1356,2025-11-07,2025-11-07,16:47,Veg Sandwich,Snacks,5,179,895,Credit Card,Cloudy,29,138,45,93,179.0,429,No,Friday,No,No,Returning,Dine-In,1370.5
1357,2025-08-22,2025-08-22,02:05,Masala Dosa,South Indian,5,199,995,UPI,Sunny,32,143,23,120,199.0,504,No,Friday,No,No,New,Takeaway,1391.5
1358,2025-06-06,2025-06-06,13:32,Chocolate Shake,Beverage,3,179,537,Credit Card,Cloudy,34,140,24,116,179.0,601,Yes,Friday,No,No,New,Delivery,1000.7
1359,2025-09-07,2025-09-07,17:14,Farmhouse Pizza,Pizza,4,399,1596,Debit Card,Rainy,24,174,34,140,399.0,650,Yes,Sunday,Yes,Yes,Returning,Takeaway,1965.6
1360,2025-03-28,2025-03-28,20:16,Margherita Pizza,Pizza,1,299,299,Debit Card,Cloudy,23,126,16,110,299.0,748,No,Friday,No,No,Returning,Takeaway,435.9
1361,2025-06-13,2025-06-13,16:30,Chole Bhature,Main Course,4,199,796,Debit Card,Rainy,18,148,20,128,199.0,523,Yes,Friday,No,No,Returning,Delivery,1309.6
1362,2025-06-03,2025-06-03,16:28,Cheese Burger,Burger,3,199,597,UPI,Cloudy,20,180,50,130,199.0,694,Yes,Tuesday,No,No,Returning,Takeaway,1085.7
1363,2025-08-15,2025-08-15,06:37,Chole Bhature,Main Course,2,199,398,Debit Card,Sunny,24,144,59,85,199.0,386,Yes,Friday,No,No,Returning,Takeaway,862.8
1364,2025-11-30,2025-11-30,17:21,French Fries,Snacks,3,129,387,Cash,Windy,23,151,10,141,129.0,697,No,Sunday,Yes,No,Returning,Takeaway,568.7
1365,2025-08-03,2025-08-03,18:21,Veg Burger,Burger,1,149,149,UPI,Sunny,34,105,58,47,149.0,781,No,Sunday,Yes,No,Returning,Delivery,487.9
1366,2025-04-23,2025-04-23,05:54,Soft Drink,Beverage,4,79,316,UPI,Sunny,21,117,21,96,79.0,837,Yes,Wednesday,No,No,Returning,Dine-In,462.6
1367,2025-05-17,2025-05-17,02:19,Veg Sandwich,Snacks,4,179,716,Debit Card,Cloudy,24,155,21,134,179.0,465,No,Saturday,Yes,No,Returning,Delivery,1057.6
1368,2025-09-18,2025-09-18,16:18,Soft Drink,Beverage,1,79,79,Cash,Windy,18,120,26,94,79.0,473,No,Thursday,No,No,New,Dine-In,249.9
1369,2025-09-19,2025-09-19,05:48,Chocolate Shake,Beverage,3,179,537,Cash,Cloudy,31,147,19,128,179.0,436,Yes,Friday,No,No,Returning,Delivery,957.7
1370,2025-07-17,2025-07-17,11:22,Chole Bhature,Main Course,4,199,796,Cash,Rainy,31,97,43,54,199.0,879,No,Thursday,No,No,New,Dine-In,1112.6
1371,2025-01-19,2025-01-19,07:56,Farmhouse Pizza,Pizza,5,399,1995,UPI,Rainy,25,129,15,114,399.0,459,No,Sunday,Yes,No,New,Takeaway,2590.5
1372,2025-04-04,2025-04-04,18:55,Masala Dosa,South Indian,5,199,995,Cash,Rainy,24,162,26,136,199.0,774,Yes,Friday,No,No,Returning,Takeaway,1300.5
1373,2025-02-15,2025-02-15,17:46,Farmhouse Pizza,Pizza,4,399,1596,Debit Card,Windy,30,144,37,107,399.0,686,Yes,Saturday,Yes,No,New,Takeaway,2174.6
1374,2025-12-20,2025-12-20,01:02,Masala Dosa,South Indian,2,199,398,Credit Card,Cloudy,30,123,31,92,199.0,631,No,Saturday,Yes,No,Returning,Takeaway,622.8
1375,2025-12-11,2025-12-11,08:57,Masala Dosa,South Indian,3,199,597,Credit Card,Windy,27,159,33,126,199.0,367,Yes,Thursday,No,No,Returning,Takeaway,979.7
1376,2025-09-02,2025-09-02,23:17,French Fries,Snacks,2,129,258,UPI,Windy,27,113,35,78,129.0,801,Yes,Tuesday,No,No,Returning,Delivery,413.8
1377,2025-08-24,2025-08-24,04:06,Veg Burger,Burger,3,149,447,Cash,Sunny,32,109,27,82,149.0,569,No,Sunday,Yes,No,Returning,Takeaway,675.7
1378,2025-02-07,2025-02-07,14:15,Veg Sandwich,Snacks,5,179,895,Debit Card,Sunny,31,133,24,109,179.0,543,Yes,Friday,No,No,Returning,Dine-In,1245.5
1379,2025-04-07,2025-04-07,10:12,French Fries,Snacks,2,129,258,Credit Card,Sunny,22,160,46,114,129.0,464,Yes,Monday,No,No,New,Takeaway,392.8
1380,2025-04-13,2025-04-13,22:47,Cold Coffee,Beverage,3,149,447,UPI,Cloudy,32,161,56,105,149.0,675,Yes,Sunday,Yes,No,Returning,Delivery,799.7
1381,2025-05-03,2025-05-03,18:42,Veg Biryani,Main Course,5,249,1245,Debit Card,Rainy,28,100,46,54,249.0,860,No,Saturday,Yes,No,New,Takeaway,1729.5
1382,2025-08-08,2025-08-08,23:41,White Sauce Pasta,Pasta,3,249,747,Debit Card,Sunny,23,104,43,61,249.0,626,No,Friday,No,Yes,New,Delivery,1300.7
1383,2025-10-07,2025-10-07,13:53,Paneer Tikka,Starter,2,299,598,Debit Card,Windy,22,128,53,75,299.0,344,No,Tuesday,No,No,New,Dine-In,1155.8
1384,2025-12-30,2025-12-30,00:04,Soft Drink,Beverage,1,79,79,Debit Card,Windy,20,149,27,122,79.0,503,Yes,Tuesday,No,Yes,Returning,Delivery,224.9
1385,2025-08-27,2025-08-27,23:37,Soft Drink,Beverage,2,79,158,UPI,Sunny,29,139,14,125,79.0,307,Yes,Wednesday,No,No,Returning,Delivery,279.8
1386,2025-07-08,2025-07-08,19:15,Cheese Burger,Burger,4,199,796,Debit Card,Rainy,21,136,45,91,199.0,822,Yes,Tuesday,No,No,Returning,Dine-In,1195.6
1387,2025-06-27,2025-06-27,22:12,Cheese Burger,Burger,2,199,398,Credit Card,Rainy,18,115,18,97,199.0,386,No,Friday,No,Yes,New,Dine-In,684.8
1388,2025-08-31,2025-08-31,12:22,Spring Rolls,Starter,2,229,458,Credit Card,Sunny,22,101,26,75,229.0,339,Yes,Sunday,Yes,No,Returning,Delivery,744.8
1389,2025-04-14,2025-04-14,11:31,Masala Dosa,South Indian,2,199,398,UPI,Rainy,33,172,51,121,199.0,646,No,Monday,No,No,Returning,Dine-In,807.8
1390,2025-09-10,2025-09-10,19:05,Cold Coffee,Beverage,1,149,149,Credit Card,Rainy,23,86,18,68,149.0,339,Yes,Wednesday,No,No,New,Takeaway,648.9
1391,2025-08-10,2025-08-10,01:40,Cold Coffee,Beverage,1,149,149,Credit Card,Windy,22,86,32,54,149.0,541,Yes,Sunday,Yes,No,New,Takeaway,334.9
1392,2025-02-06,2025-02-06,15:51,Farmhouse Pizza,Pizza,4,399,1596,Debit Card,Windy,32,166,34,132,399.0,372,Yes,Thursday,No,Yes,New,Dine-In,1993.6
1393,2025-10-11,2025-10-11,12:46,Soft Drink,Beverage,1,79,79,Cash,Rainy,24,127,19,108,79.0,604,Yes,Saturday,Yes,No,Returning,Dine-In,284.9
1394,2025-06-30,2025-06-30,21:48,White Sauce Pasta,Pasta,2,249,498,Cash,Windy,25,139,10,129,249.0,882,No,Monday,No,Yes,New,Dine-In,938.8
1395,2025-09-19,2025-09-19,18:52,French Fries,Snacks,2,129,258,Credit Card,Windy,23,144,29,115,129.0,403,Yes,Friday,No,Yes,New,Delivery,387.8
1396,2025-07-24,2025-07-24,20:40,Chole Bhature,Main Course,1,199,199,UPI,Windy,33,130,32,98,199.0,647,Yes,Thursday,No,No,New,Takeaway,388.9
1397,2025-06-03,2025-06-03,02:07,Chocolate Shake,Beverage,1,179,179,UPI,Rainy,32,146,16,130,179.0,601,No,Tuesday,No,No,New,Takeaway,302.9
1398,2025-05-24,2025-05-24,03:40,French Fries,Snacks,5,129,645,Credit Card,Windy,20,108,48,60,129.0,516,Yes,Saturday,Yes,No,New,Dine-In,1160.5
1399,2025-07-09,2025-07-09,22:38,Chole Bhature,Main Course,5,199,995,Debit Card,Windy,19,177,23,154,199.0,885,No,Wednesday,No,Yes,New,Dine-In,1403.5
1400,2025-02-11,2025-02-11,04:42,Margherita Pizza,Pizza,5,299,1495,Cash,Sunny,25,119,47,72,299.0,307,No,Tuesday,No,No,Returning,Dine-In,1779.5
1401,2025-10-01,2025-10-01,15:04,Soft Drink,Beverage,4,79,316,UPI,Rainy,28,158,28,130,79.0,722,Yes,Wednesday,No,No,New,Takeaway,486.6
1402,2025-10-11,2025-10-11,04:52,Paneer Tikka,Starter,1,299,299,Cash,Rainy,31,164,20,144,299.0,412,Yes,Saturday,Yes,No,Returning,Dine-In,642.9
1403,2025-03-15,2025-03-15,22:34,Veg Biryani,Main Course,2,249,498,Credit Card,Rainy,35,100,25,75,249.0,355,Yes,Saturday,Yes,No,New,Delivery,651.8
1404,2025-05-05,2025-05-05,21:08,Veg Burger,Burger,4,149,596,Cash,Rainy,20,110,31,79,149.0,545,Yes,Monday,No,Yes,Returning,Delivery,919.6
1405,2025-07-18,2025-07-18,14:30,White Sauce Pasta,Pasta,4,249,996,Debit Card,Rainy,18,129,13,116,249.0,355,Yes,Friday,No,No,Returning,Delivery,1247.6
1406,2025-03-16,2025-03-16,12:31,Chole Bhature,Main Course,5,199,995,Cash,Windy,24,125,22,103,199.0,510,Yes,Sunday,Yes,No,Returning,Delivery,1368.5
1407,2025-11-12,2025-11-12,23:28,Margherita Pizza,Pizza,5,299,1495,Cash,Sunny,24,104,49,55,299.0,826,Yes,Wednesday,No,No,New,Takeaway,2035.5
1408,2025-12-22,2025-12-22,04:15,French Fries,Snacks,2,129,258,Cash,Windy,30,167,51,116,129.0,758,No,Monday,No,Yes,Returning,Delivery,510.8
1409,2025-04-03,2025-04-03,14:33,White Sauce Pasta,Pasta,4,249,996,Cash,Cloudy,32,102,31,71,249.0,636,No,Thursday,No,No,Returning,Delivery,1455.6
1410,2025-08-14,2025-08-14,21:54,Veg Burger,Burger,1,149,149,Cash,Windy,26,116,21,95,149.0,661,No,Thursday,No,Yes,New,Dine-In,605.9
1411,2025-06-17,2025-06-17,18:41,White Sauce Pasta,Pasta,4,249,996,UPI,Windy,24,107,31,76,249.0,614,Yes,Tuesday,No,No,Returning,Dine-In,1346.6
1412,2025-04-12,2025-04-12,23:31,Farmhouse Pizza,Pizza,1,399,399,Credit Card,Rainy,33,98,49,49,399.0,740,Yes,Saturday,Yes,No,New,Takeaway,539.9
1413,2025-01-02,2025-01-02,12:28,Soft Drink,Beverage,1,79,79,Debit Card,Cloudy,25,103,18,85,79.0,651,Yes,Thursday,No,No,Returning,Delivery,571.9
1414,2025-05-15,2025-05-15,03:08,Paneer Tikka,Starter,1,299,299,Credit Card,Cloudy,22,174,60,114,299.0,329,No,Thursday,No,No,New,Delivery,486.9
1415,2025-08-08,2025-08-08,22:53,Masala Dosa,South Indian,2,199,398,Debit Card,Windy,30,123,38,85,199.0,554,No,Friday,No,No,New,Dine-In,679.8
1416,2025-04-06,2025-04-06,17:27,French Fries,Snacks,5,129,645,UPI,Sunny,21,144,24,120,129.0,597,No,Sunday,Yes,No,Returning,Takeaway,1086.5
1417,2025-06-07,2025-06-07,03:13,Farmhouse Pizza,Pizza,1,399,399,UPI,Rainy,29,148,32,116,399.0,795,Yes,Saturday,Yes,No,New,Delivery,792.9
1418,2025-01-24,2025-01-24,07:24,Cold Coffee,Beverage,4,149,596,UPI,Sunny,25,104,30,74,149.0,466,Yes,Friday,No,Yes,Returning,Takeaway,997.6
1419,2025-08-20,2025-08-20,17:24,White Sauce Pasta,Pasta,1,249,249,UPI,Rainy,30,130,24,106,249.0,879,Yes,Wednesday,No,No,Returning,Takeaway,684.9
1420,2025-09-11,2025-09-11,14:28,Chocolate Shake,Beverage,3,179,537,Debit Card,Windy,31,167,41,126,179.0,532,No,Thursday,No,No,Returning,Delivery,1037.7
1421,2025-04-12,2025-04-12,07:12,Spring Rolls,Starter,4,229,916,Debit Card,Sunny,23,90,30,60,229.0,775,No,Saturday,Yes,No,Returning,Takeaway,1161.6
1422,2025-01-22,2025-01-22,01:01,Paneer Tikka,Starter,3,299,897,Cash,Sunny,32,169,59,110,299.0,857,Yes,Wednesday,No,No,Returning,Dine-In,1288.7
1423,2025-08-04,2025-08-04,17:36,Spring Rolls,Starter,4,229,916,Credit Card,Cloudy,30,101,35,66,229.0,650,Yes,Monday,No,No,Returning,Takeaway,1376.6
1424,2025-09-18,2025-09-18,16:26,Margherita Pizza,Pizza,5,299,1495,UPI,Cloudy,32,121,53,68,299.0,357,Yes,Thursday,No,No,New,Takeaway,1993.5
1425,2025-11-05,2025-11-05,11:26,Farmhouse Pizza,Pizza,2,399,798,Cash,Sunny,28,94,41,53,399.0,534,No,Wednesday,No,No,Returning,Dine-In,1060.8
1426,2025-08-26,2025-08-26,22:26,French Fries,Snacks,2,129,258,Debit Card,Windy,28,143,42,101,129.0,608,No,Tuesday,No,Yes,New,Delivery,732.8
1427,2025-03-24,2025-03-24,07:27,Spring Rolls,Starter,5,229,1145,Cash,Rainy,25,118,49,69,229.0,328,Yes,Monday,No,No,New,Dine-In,1451.5
1428,2025-02-19,2025-02-19,12:11,Farmhouse Pizza,Pizza,4,399,1596,Cash,Cloudy,30,99,28,71,399.0,472,Yes,Wednesday,No,No,Returning,Delivery,2158.6
1429,2025-06-11,2025-06-11,08:51,Cold Coffee,Beverage,2,149,298,Credit Card,Cloudy,27,151,17,134,149.0,625,No,Wednesday,No,No,New,Dine-In,725.8
1430,2025-11-08,2025-11-08,18:28,Paneer Tikka,Starter,2,299,598,Cash,Cloudy,21,88,16,72,299.0,767,Yes,Saturday,Yes,No,New,Delivery,974.8
1431,2025-10-31,2025-10-31,23:10,Chocolate Shake,Beverage,5,179,895,Debit Card,Cloudy,25,143,34,109,179.0,782,Yes,Friday,No,Yes,Returning,Takeaway,1259.5
1432,2025-11-23,2025-11-23,05:43,Soft Drink,Beverage,5,79,395,Debit Card,Cloudy,33,156,13,143,79.0,522,Yes,Sunday,Yes,No,Returning,Dine-In,566.5
1433,2025-12-26,2025-12-26,09:17,White Sauce Pasta,Pasta,5,249,1245,Credit Card,Windy,31,80,27,53,249.0,466,No,Friday,No,No,New,Takeaway,1549.5
1434,2025-04-26,2025-04-26,03:04,French Fries,Snacks,2,129,258,UPI,Rainy,34,108,47,61,129.0,304,No,Saturday,Yes,No,Returning,Dine-In,763.8
1435,2025-02-03,2025-02-03,15:00,Chole Bhature,Main Course,1,199,199,Debit Card,Rainy,18,178,53,125,199.0,347,No,Monday,No,No,Returning,Delivery,367.9
1436,2025-11-30,2025-11-30,01:30,Veg Biryani,Main Course,1,249,249,Debit Card,Sunny,23,180,29,151,249.0,386,No,Sunday,Yes,No,Returning,Takeaway,622.9
1437,2025-07-19,2025-07-19,13:09,Farmhouse Pizza,Pizza,5,399,1995,UPI,Cloudy,22,151,29,122,399.0,857,Yes,Saturday,Yes,Yes,New,Delivery,2690.5
1438,2025-12-05,2025-12-05,11:54,Soft Drink,Beverage,4,79,316,Debit Card,Sunny,22,110,20,90,79.0,478,Yes,Friday,No,No,New,Delivery,554.6
1439,2025-07-01,2025-07-01,07:18,Farmhouse Pizza,Pizza,2,399,798,UPI,Sunny,22,87,41,46,399.0,835,No,Tuesday,No,No,Returning,Dine-In,1022.8
1440,2025-03-30,2025-03-30,00:57,Masala Dosa,South Indian,3,199,597,Cash,Windy,28,171,29,142,199.0,879,Yes,Sunday,Yes,No,New,Dine-In,1020.7
1441,2025-04-23,2025-04-23,06:28,Soft Drink,Beverage,5,79,395,Cash,Cloudy,20,157,60,97,79.0,762,Yes,Wednesday,No,No,Returning,Dine-In,836.5
1442,2025-07-02,2025-07-02,04:00,Veg Burger,Burger,5,149,745,Debit Card,Sunny,19,135,10,125,149.0,566,No,Wednesday,No,Yes,Returning,Takeaway,925.5
1443,2025-11-13,2025-11-13,07:19,Chocolate Shake,Beverage,1,179,179,UPI,Rainy,23,145,49,96,179.0,733,No,Thursday,No,No,Returning,Dine-In,611.9
1444,2025-03-19,2025-03-19,15:12,Soft Drink,Beverage,2,79,158,UPI,Windy,25,109,33,76,79.0,662,Yes,Wednesday,No,No,Returning,Delivery,572.8
1445,2025-10-25,2025-10-25,09:00,Spring Rolls,Starter,4,229,916,Cash,Cloudy,31,109,25,84,229.0,333,Yes,Saturday,Yes,No,Returning,Takeaway,1160.6
1446,2025-09-27,2025-09-27,04:06,Cold Coffee,Beverage,3,149,447,Debit Card,Cloudy,33,102,55,47,149.0,438,No,Saturday,Yes,No,New,Dine-In,665.7
1447,2025-05-08,2025-05-08,01:25,Veg Biryani,Main Course,3,249,747,Cash,Cloudy,19,86,23,63,249.0,742,No,Thursday,No,No,Returning,Dine-In,1309.7
1448,2025-05-09,2025-05-09,07:49,Veg Biryani,Main Course,1,249,249,Credit Card,Windy,21,87,43,44,249.0,456,Yes,Friday,No,No,New,Dine-In,474.9
1449,2025-04-19,2025-04-19,09:43,Margherita Pizza,Pizza,5,299,1495,UPI,Windy,34,161,21,140,299.0,783,Yes,Saturday,Yes,No,Returning,Takeaway,1820.5
1450,2025-03-02,2025-03-02,21:53,Chocolate Shake,Beverage,2,179,358,UPI,Sunny,23,84,43,41,179.0,416,Yes,Sunday,Yes,No,New,Delivery,657.8
1451,2025-07-05,2025-07-05,15:21,Chocolate Shake,Beverage,1,179,179,Debit Card,Rainy,29,136,24,112,179.0,805,No,Saturday,Yes,No,New,Delivery,312.9
1452,2025-01-14,2025-01-14,06:44,Spring Rolls,Starter,3,229,687,Credit Card,Sunny,35,90,55,35,229.0,701,No,Tuesday,No,No,New,Dine-In,1083.7
1453,2025-06-17,2025-06-17,02:59,Spring Rolls,Starter,2,229,458,Credit Card,Sunny,30,121,32,89,229.0,493,Yes,Tuesday,No,No,Returning,Dine-In,642.8
1454,2025-04-16,2025-04-16,06:10,Soft Drink,Beverage,3,79,237,Credit Card,Windy,26,110,28,82,79.0,815,No,Wednesday,No,No,New,Delivery,692.7
1455,2025-02-07,2025-02-07,07:30,Spring Rolls,Starter,1,229,229,Debit Card,Windy,22,157,28,129,229.0,847,No,Friday,No,No,New,Dine-In,389.9
1456,2025-05-02,2025-05-02,20:23,Masala Dosa,South Indian,4,199,796,Debit Card,Rainy,22,120,43,77,199.0,637,Yes,Friday,No,No,New,Delivery,1323.6
1457,2025-01-20,2025-01-20,17:35,Margherita Pizza,Pizza,4,299,1196,UPI,Windy,28,92,32,60,299.0,646,No,Monday,No,No,New,Dine-In,1471.6
1458,2025-10-13,2025-10-13,20:50,Soft Drink,Beverage,5,79,395,Cash,Rainy,18,122,54,68,79.0,494,No,Monday,No,No,New,Delivery,739.5
1459,2025-08-14,2025-08-14,03:51,Masala Dosa,South Indian,3,199,597,Cash,Sunny,25,166,23,143,199.0,428,Yes,Thursday,No,No,Returning,Delivery,987.7
1460,2025-08-14,2025-08-14,09:30,Spring Rolls,Starter,1,229,229,Credit Card,Windy,29,86,30,56,229.0,334,No,Thursday,No,No,Returning,Delivery,668.9
1461,2025-04-24,2025-04-24,05:17,Veg Sandwich,Snacks,3,179,537,Debit Card,Windy,23,126,16,110,179.0,429,Yes,Thursday,No,No,New,Takeaway,917.7
1462,2025-01-09,2025-01-09,05:35,Cold Coffee,Beverage,3,149,447,Debit Card,Sunny,30,132,13,119,149.0,639,Yes,Thursday,No,No,Returning,Dine-In,870.7
1463,2025-01-13,2025-01-13,15:05,Cold Coffee,Beverage,4,149,596,Credit Card,Cloudy,32,178,46,132,149.0,818,Yes,Monday,No,No,New,Takeaway,801.6
1464,2025-03-09,2025-03-09,06:34,Veg Burger,Burger,5,149,745,Debit Card,Rainy,18,112,54,58,149.0,846,Yes,Sunday,Yes,No,Returning,Delivery,1247.5
1465,2025-05-27,2025-05-27,03:38,White Sauce Pasta,Pasta,2,249,498,Debit Card,Cloudy,35,145,38,107,249.0,474,Yes,Tuesday,No,No,Returning,Delivery,773.8
1466,2025-08-04,2025-08-04,10:27,Veg Sandwich,Snacks,4,179,716,UPI,Windy,18,120,18,102,179.0,612,No,Monday,No,No,Returning,Takeaway,1000.6
1467,2025-06-23,2025-06-23,14:40,Masala Dosa,South Indian,1,199,199,Credit Card,Windy,34,120,39,81,199.0,633,Yes,Monday,No,Yes,New,Dine-In,472.9
1468,2025-05-22,2025-05-22,18:52,French Fries,Snacks,5,129,645,Credit Card,Cloudy,29,172,39,133,129.0,525,Yes,Thursday,No,No,Returning,Takeaway,1032.5
1469,2025-01-04,2025-01-04,14:45,Veg Biryani,Main Course,4,249,996,Cash,Windy,29,103,44,59,249.0,803,Yes,Saturday,Yes,No,New,Delivery,1306.6
1470,2025-05-24,2025-05-24,06:58,Masala Dosa,South Indian,4,199,796,Debit Card,Cloudy,24,127,14,113,199.0,548,No,Saturday,Yes,No,Returning,Dine-In,1036.6
1471,2025-06-25,2025-06-25,20:49,Chole Bhature,Main Course,3,199,597,Debit Card,Rainy,27,133,58,75,199.0,405,No,Wednesday,No,No,Returning,Takeaway,871.7
1472,2025-01-13,2025-01-13,17:07,Soft Drink,Beverage,2,79,158,Debit Card,Rainy,18,171,16,155,79.0,741,No,Monday,No,No,Returning,Delivery,424.8
1473,2025-07-01,2025-07-01,15:06,Soft Drink,Beverage,3,79,237,Cash,Windy,25,102,38,64,79.0,850,No,Tuesday,No,No,New,Dine-In,492.7
1474,2025-09-05,2025-09-05,20:22,Veg Burger,Burger,3,149,447,Debit Card,Sunny,20,110,47,63,149.0,455,No,Friday,No,No,New,Dine-In,874.7
1475,2025-09-16,2025-09-16,22:25,Chole Bhature,Main Course,5,199,995,Credit Card,Cloudy,35,96,60,36,199.0,725,Yes,Tuesday,No,Yes,New,Takeaway,1554.5
1476,2025-03-29,2025-03-29,13:14,Soft Drink,Beverage,3,79,237,Credit Card,Rainy,19,153,52,101,79.0,793,Yes,Saturday,Yes,No,New,Takeaway,688.7
1477,2025-12-27,2025-12-27,02:09,Veg Sandwich,Snacks,5,179,895,Credit Card,Sunny,27,124,23,101,179.0,663,No,Saturday,Yes,No,Returning,Takeaway,1247.5
1478,2025-06-09,2025-06-09,10:38,Veg Burger,Burger,3,149,447,Cash,Cloudy,26,149,50,99,149.0,581,No,Monday,No,No,Returning,Delivery,657.7
1479,2025-11-25,2025-11-25,01:42,Chocolate Shake,Beverage,1,179,179,UPI,Sunny,24,130,28,102,179.0,640,Yes,Tuesday,No,Yes,New,Takeaway,385.9
1480,2025-05-05,2025-05-05,22:50,French Fries,Snacks,3,129,387,Credit Card,Windy,23,160,52,108,129.0,519,Yes,Monday,No,No,Returning,Dine-In,782.7
1481,2025-12-01,2025-12-01,06:32,White Sauce Pasta,Pasta,1,249,249,Debit Card,Sunny,34,127,32,95,249.0,835,Yes,Monday,No,No,New,Dine-In,415.9
1482,2025-08-01,2025-08-01,17:56,Cheese Burger,Burger,4,199,796,Credit Card,Cloudy,29,124,60,64,199.0,636,No,Friday,No,No,Returning,Delivery,1197.6
1483,2025-11-06,2025-11-06,16:59,Paneer Tikka,Starter,1,299,299,Debit Card,Windy,20,164,28,136,299.0,326,Yes,Thursday,No,Yes,New,Takeaway,559.9
1484,2025-12-02,2025-12-02,05:55,White Sauce Pasta,Pasta,5,249,1245,UPI,Rainy,19,149,21,128,249.0,593,Yes,Tuesday,No,No,Returning,Takeaway,1818.5
1485,2025-04-16,2025-04-16,08:15,Veg Sandwich,Snacks,4,179,716,Debit Card,Sunny,34,85,40,45,179.0,806,No,Wednesday,No,No,Returning,Dine-In,1075.6
1486,2025-03-04,2025-03-04,16:13,Masala Dosa,South Indian,4,199,796,Debit Card,Cloudy,31,102,51,51,199.0,403,Yes,Tuesday,No,No,New,Takeaway,1176.6
1487,2025-03-16,2025-03-16,06:51,Veg Burger,Burger,2,149,298,Cash,Windy,18,145,57,88,149.0,320,No,Sunday,Yes,No,New,Takeaway,599.8
1488,2025-11-02,2025-11-02,10:42,Cheese Burger,Burger,1,199,199,Credit Card,Windy,29,84,51,33,199.0,716,Yes,Sunday,Yes,Yes,New,Takeaway,413.9
1489,2025-10-11,2025-10-11,22:09,Veg Biryani,Main Course,4,249,996,Debit Card,Sunny,27,123,14,109,249.0,439,Yes,Saturday,Yes,No,New,Dine-In,1477.6
1490,2025-10-21,2025-10-21,05:55,Cheese Burger,Burger,4,199,796,UPI,Rainy,20,105,60,45,199.0,395,Yes,Tuesday,No,No,Returning,Takeaway,1117.6
1491,2025-09-01,2025-09-01,16:56,Masala Dosa,South Indian,3,199,597,Credit Card,Cloudy,35,86,17,69,199.0,774,Yes,Monday,No,No,New,Dine-In,955.7
1492,2025-06-07,2025-06-07,07:46,Veg Sandwich,Snacks,3,179,537,UPI,Sunny,22,168,40,128,179.0,330,No,Saturday,Yes,No,New,Dine-In,814.7
1493,2025-11-27,2025-11-27,04:50,Chole Bhature,Main Course,4,199,796,Cash,Rainy,28,118,14,104,199.0,813,No,Thursday,No,No,Returning,Takeaway,1294.6
1494,2025-01-22,2025-01-22,18:05,Cheese Burger,Burger,5,199,995,Credit Card,Sunny,22,144,52,92,199.0,554,Yes,Wednesday,No,No,New,Takeaway,1234.5
1495,2025-05-16,2025-05-16,19:12,Margherita Pizza,Pizza,2,299,598,UPI,Cloudy,35,81,13,68,299.0,535,Yes,Friday,No,No,New,Takeaway,1016.8
1496,2025-12-27,2025-12-27,23:13,Chole Bhature,Main Course,1,199,199,Credit Card,Sunny,28,138,57,81,199.0,410,No,Saturday,Yes,No,Returning,Takeaway,497.9
1497,2025-12-02,2025-12-02,05:06,Soft Drink,Beverage,2,79,158,Credit Card,Cloudy,33,130,49,81,79.0,364,No,Tuesday,No,No,New,Dine-In,530.8
1498,2025-10-28,2025-10-28,03:42,French Fries,Snacks,3,129,387,Credit Card,Rainy,19,124,26,98,129.0,835,Yes,Tuesday,No,No,New,Dine-In,572.7
1499,2025-10-20,2025-10-20,09:23,Cheese Burger,Burger,1,199,199,Credit Card,Windy,24,97,38,59,199.0,620,No,Monday,No,Yes,New,Takeaway,432.9
1500,2025-12-19,2025-12-19,22:30,Farmhouse Pizza,Pizza,4,399,1596,Debit Card,Sunny,28,91,11,80,399.0,633,Yes,Friday,No,No,Returning,Delivery,1969.6
1501,2025-10-28,2025-10-28,04:50,Chole Bhature,Main Course,3,199,597,Credit Card,Rainy,30,118,16,102,199.0,709,No,Tuesday,No,No,New,Takeaway,1027.7
1502,2025-08-09,2025-08-09,12:08,Chole Bhature,Main Course,5,199,995,Credit Card,Cloudy,35,100,22,78,199.0,817,No,Saturday,Yes,No,Returning,Dine-In,1314.5
1503,2025-07-29,2025-07-29,06:33,White Sauce Pasta,Pasta,4,249,996,UPI,Windy,19,129,41,88,249.0,847,No,Tuesday,No,No,Returning,Takeaway,1528.6
1504,2025-09-25,2025-09-25,11:59,Farmhouse Pizza,Pizza,3,399,1197,Debit Card,Rainy,18,114,55,59,399.0,761,Yes,Thursday,No,No,New,Dine-In,1756.7
1505,2025-09-04,2025-09-04,01:11,French Fries,Snacks,2,129,258,Debit Card,Rainy,31,108,30,78,129.0,873,Yes,Thursday,No,No,New,Dine-In,751.8
1506,2025-01-18,2025-01-18,19:06,Veg Sandwich,Snacks,2,179,358,UPI,Sunny,20,141,47,94,179.0,681,No,Saturday,Yes,No,New,Dine-In,659.8
1507,2025-01-08,2025-01-08,00:05,Paneer Tikka,Starter,2,299,598,Cash,Windy,22,96,40,56,299.0,644,Yes,Wednesday,No,No,New,Delivery,812.8
1508,2025-03-19,2025-03-19,07:08,White Sauce Pasta,Pasta,4,249,996,UPI,Rainy,31,98,55,43,249.0,634,No,Wednesday,No,No,New,Dine-In,1569.6
1509,2025-11-21,2025-11-21,14:48,Chole Bhature,Main Course,4,199,796,Credit Card,Windy,18,129,32,97,199.0,415,No,Friday,No,No,New,Dine-In,1259.6
1510,2025-04-09,2025-04-09,17:21,Paneer Tikka,Starter,4,299,1196,UPI,Rainy,34,112,33,79,299.0,762,No,Wednesday,No,No,New,Delivery,1573.6
1511,2025-10-26,2025-10-26,00:02,Farmhouse Pizza,Pizza,3,399,1197,Credit Card,Cloudy,29,135,16,119,399.0,568,No,Sunday,Yes,No,New,Dine-In,1449.7
1512,2025-10-06,2025-10-06,19:25,Soft Drink,Beverage,4,79,316,Credit Card,Rainy,30,97,40,57,79.0,477,No,Monday,No,Yes,New,Takeaway,740.6
1513,2025-11-21,2025-11-21,07:10,French Fries,Snacks,4,129,516,Cash,Sunny,34,99,39,60,129.0,302,Yes,Friday,No,No,Returning,Dine-In,690.6
1514,2025-08-24,2025-08-24,16:48,Margherita Pizza,Pizza,1,299,299,Credit Card,Rainy,34,132,36,96,299.0,808,No,Sunday,Yes,No,New,Delivery,726.9
1515,2025-10-06,2025-10-06,02:54,Margherita Pizza,Pizza,1,299,299,UPI,Cloudy,29,126,46,80,299.0,793,Yes,Monday,No,No,Returning,Delivery,515.9
1516,2025-08-21,2025-08-21,19:06,Paneer Tikka,Starter,1,299,299,Debit Card,Sunny,21,159,37,122,299.0,399,Yes,Thursday,No,No,New,Takeaway,493.9
1517,2025-11-02,2025-11-02,09:43,Veg Burger,Burger,5,149,745,Cash,Cloudy,26,81,47,34,149.0,602,No,Sunday,Yes,No,New,Takeaway,996.5
1518,2025-11-04,2025-11-04,10:19,Chocolate Shake,Beverage,2,179,358,Credit Card,Cloudy,23,133,49,84,179.0,380,No,Tuesday,No,No,New,Dine-In,617.8
1519,2025-11-11,2025-11-11,10:55,Chocolate Shake,Beverage,2,179,358,Cash,Cloudy,20,163,47,116,179.0,650,Yes,Tuesday,No,No,Returning,Delivery,621.8
1520,2025-09-13,2025-09-13,22:03,Masala Dosa,South Indian,1,199,199,UPI,Windy,18,143,47,96,199.0,328,No,Saturday,Yes,No,New,Dine-In,652.9
1521,2025-07-21,2025-07-21,12:30,Veg Biryani,Main Course,3,249,747,Credit Card,Cloudy,31,171,18,153,249.0,373,No,Monday,No,No,Returning,Takeaway,1126.7
1522,2025-01-01,2025-01-01,14:07,French Fries,Snacks,4,129,516,UPI,Rainy,28,163,11,152,129.0,310,No,Wednesday,No,No,New,Delivery,959.6
1523,2025-08-19,2025-08-19,12:27,Cheese Burger,Burger,4,199,796,Debit Card,Cloudy,29,144,33,111,199.0,627,No,Tuesday,No,No,Returning,Delivery,1058.6
1524,2025-01-04,2025-01-04,12:14,Paneer Tikka,Starter,1,299,299,Credit Card,Windy,21,140,31,109,299.0,874,Yes,Saturday,Yes,No,Returning,Dine-In,443.9
1525,2025-02-09,2025-02-09,15:15,Veg Biryani,Main Course,4,249,996,Debit Card,Sunny,34,110,47,63,249.0,698,Yes,Sunday,Yes,No,New,Takeaway,1531.6
1526,2025-10-11,2025-10-11,16:01,Veg Burger,Burger,4,149,596,UPI,Sunny,34,114,55,59,149.0,757,Yes,Saturday,Yes,No,New,Dine-In,1036.6
1527,2025-02-28,2025-02-28,15:48,French Fries,Snacks,5,129,645,Debit Card,Sunny,28,122,53,69,129.0,567,No,Friday,No,No,New,Dine-In,956.5
1528,2025-07-14,2025-07-14,18:23,Margherita Pizza,Pizza,5,299,1495,Credit Card,Windy,29,127,44,83,299.0,568,No,Monday,No,No,New,Delivery,1934.5
1529,2025-06-12,2025-06-12,17:16,Margherita Pizza,Pizza,4,299,1196,Cash,Windy,21,155,33,122,299.0,552,Yes,Thursday,No,No,Returning,Delivery,1456.6
1530,2025-12-05,2025-12-05,03:17,Paneer Tikka,Starter,5,299,1495,Cash,Rainy,19,175,15,160,299.0,473,No,Friday,No,No,New,Takeaway,2142.5
1531,2025-10-09,2025-10-09,01:47,Masala Dosa,South Indian,4,199,796,UPI,Windy,34,97,58,39,199.0,609,Yes,Thursday,No,No,Returning,Delivery,981.6
1532,2025-03-28,2025-03-28,22:30,Cheese Burger,Burger,3,199,597,UPI,Rainy,18,87,18,69,199.0,800,Yes,Friday,No,No,New,Takeaway,1073.7
1533,2025-05-06,2025-05-06,23:33,Paneer Tikka,Starter,4,299,1196,Cash,Rainy,31,174,18,156,299.0,456,Yes,Tuesday,No,No,Returning,Dine-In,1430.6
1534,2025-03-15,2025-03-15,10:15,Cold Coffee,Beverage,4,149,596,Debit Card,Sunny,24,109,47,62,149.0,789,No,Saturday,Yes,No,Returning,Takeaway,912.6
1535,2025-05-08,2025-05-08,18:38,Soft Drink,Beverage,1,79,79,Credit Card,Rainy,35,106,18,88,79.0,327,No,Thursday,No,No,New,Dine-In,255.9
1536,2025-10-08,2025-10-08,10:04,Veg Biryani,Main Course,1,249,249,UPI,Sunny,27,135,60,75,249.0,403,No,Wednesday,No,No,Returning,Delivery,765.9
1537,2025-07-23,2025-07-23,15:41,Farmhouse Pizza,Pizza,4,399,1596,Debit Card,Sunny,30,98,27,71,399.0,765,No,Wednesday,No,No,New,Dine-In,1946.6
1538,2025-09-12,2025-09-12,16:06,Spring Rolls,Starter,3,229,687,Cash,Sunny,33,105,19,86,229.0,896,Yes,Friday,No,Yes,Returning,Takeaway,1180.7
1539,2025-04-19,2025-04-19,15:12,Soft Drink,Beverage,3,79,237,Credit Card,Rainy,29,166,37,129,79.0,641,Yes,Saturday,Yes,No,Returning,Takeaway,694.7
1540,2025-05-14,2025-05-14,19:40,Masala Dosa,South Indian,3,199,597,Cash,Rainy,32,121,10,111,199.0,506,Yes,Wednesday,No,No,Returning,Delivery,1086.7
1541,2025-09-15,2025-09-15,18:49,Cold Coffee,Beverage,4,149,596,Credit Card,Cloudy,28,169,24,145,149.0,556,No,Monday,No,No,New,Delivery,1073.6
1542,2025-03-15,2025-03-15,01:36,French Fries,Snacks,3,129,387,Debit Card,Rainy,21,136,59,77,129.0,478,No,Saturday,Yes,No,Returning,Dine-In,906.7
1543,2025-01-02,2025-01-02,11:53,Soft Drink,Beverage,4,79,316,Cash,Rainy,28,135,45,90,79.0,760,Yes,Thursday,No,No,Returning,Dine-In,731.6
1544,2025-10-24,2025-10-24,16:21,Paneer Tikka,Starter,4,299,1196,UPI,Windy,18,92,11,81,299.0,793,Yes,Friday,No,No,Returning,Dine-In,1534.6
1545,2025-12-16,2025-12-16,15:28,Spring Rolls,Starter,1,229,229,Cash,Rainy,21,154,53,101,229.0,385,Yes,Tuesday,No,No,New,Delivery,621.9
1546,2025-05-02,2025-05-02,21:23,Veg Sandwich,Snacks,1,179,179,UPI,Sunny,22,164,36,128,179.0,428,Yes,Friday,No,No,Returning,Takeaway,676.9
1547,2025-12-19,2025-12-19,20:49,Cheese Burger,Burger,1,199,199,UPI,Sunny,32,111,15,96,199.0,692,Yes,Friday,No,No,New,Takeaway,467.9
1548,2025-05-08,2025-05-08,14:48,Margherita Pizza,Pizza,1,299,299,Credit Card,Sunny,35,84,27,57,299.0,441,No,Thursday,No,Yes,New,Takeaway,609.9
1549,2025-04-17,2025-04-17,03:54,Farmhouse Pizza,Pizza,3,399,1197,UPI,Windy,31,142,44,98,399.0,611,Yes,Thursday,No,No,New,Dine-In,1728.7
1550,2025-08-20,2025-08-20,12:47,White Sauce Pasta,Pasta,3,249,747,Credit Card,Cloudy,31,166,52,114,249.0,558,Yes,Wednesday,No,No,New,Delivery,987.7
1551,2025-12-20,2025-12-20,06:52,Masala Dosa,South Indian,1,199,199,UPI,Cloudy,29,151,27,124,199.0,826,No,Saturday,Yes,No,Returning,Takeaway,325.9
1552,2025-04-16,2025-04-16,04:18,White Sauce Pasta,Pasta,5,249,1245,Credit Card,Cloudy,34,83,52,31,249.0,427,No,Wednesday,No,No,New,Takeaway,1541.5
1553,2025-12-11,2025-12-11,01:31,Margherita Pizza,Pizza,3,299,897,UPI,Sunny,25,121,18,103,299.0,496,No,Thursday,No,No,Returning,Delivery,1121.7
1554,2025-09-24,2025-09-24,00:50,Soft Drink,Beverage,5,79,395,Credit Card,Windy,22,101,42,59,79.0,855,Yes,Wednesday,No,No,Returning,Takeaway,924.5
1555,2025-12-03,2025-12-03,22:35,Cheese Burger,Burger,1,199,199,UPI,Sunny,23,155,31,124,199.0,780,No,Wednesday,No,No,New,Takeaway,512.9
1556,2025-09-29,2025-09-29,08:05,Veg Biryani,Main Course,2,249,498,Debit Card,Sunny,25,138,21,117,249.0,776,Yes,Monday,No,No,Returning,Delivery,802.8
1557,2025-09-18,2025-09-18,02:22,Chole Bhature,Main Course,3,199,597,Credit Card,Sunny,22,80,52,28,199.0,788,Yes,Thursday,No,No,Returning,Takeaway,803.7
1558,2025-02-03,2025-02-03,02:26,Cheese Burger,Burger,2,199,398,Debit Card,Rainy,30,180,36,144,199.0,564,No,Monday,No,No,Returning,Dine-In,804.8
1559,2025-08-15,2025-08-15,08:19,Chole Bhature,Main Course,1,199,199,Cash,Windy,25,127,51,76,199.0,437,No,Friday,No,No,Returning,Delivery,326.9
1560,2025-11-13,2025-11-13,18:06,Masala Dosa,South Indian,1,199,199,Debit Card,Cloudy,32,131,19,112,199.0,749,Yes,Thursday,No,No,New,Takeaway,584.9
1561,2025-10-21,2025-10-21,19:11,Cheese Burger,Burger,2,199,398,UPI,Rainy,29,98,20,78,199.0,590,No,Tuesday,No,No,Returning,Delivery,546.8
1562,2025-05-15,2025-05-15,05:23,Veg Biryani,Main Course,1,249,249,Credit Card,Windy,25,174,56,118,249.0,555,No,Thursday,No,No,Returning,Dine-In,395.9
1563,2025-08-20,2025-08-20,12:07,White Sauce Pasta,Pasta,2,249,498,Debit Card,Rainy,25,80,14,66,249.0,550,No,Wednesday,No,No,Returning,Delivery,876.8
1564,2025-09-08,2025-09-08,18:13,Cold Coffee,Beverage,4,149,596,UPI,Cloudy,18,161,37,124,149.0,870,No,Monday,No,No,Returning,Takeaway,829.6
1565,2025-01-28,2025-01-28,17:33,Chocolate Shake,Beverage,1,179,179,Cash,Windy,28,115,23,92,179.0,549,No,Tuesday,No,No,Returning,Dine-In,399.9
1566,2025-12-26,2025-12-26,19:02,Paneer Tikka,Starter,3,299,897,UPI,Windy,18,175,53,122,299.0,393,Yes,Friday,No,No,Returning,Delivery,1377.7
1567,2025-01-08,2025-01-08,11:34,Cheese Burger,Burger,4,199,796,Credit Card,Rainy,28,177,35,142,199.0,580,Yes,Wednesday,No,No,Returning,Delivery,1046.6
1568,2025-03-02,2025-03-02,22:28,Chocolate Shake,Beverage,4,179,716,UPI,Sunny,20,152,25,127,179.0,429,No,Sunday,Yes,No,Returning,Delivery,894.6
1569,2025-11-15,2025-11-15,22:47,Spring Rolls,Starter,2,229,458,Debit Card,Cloudy,25,147,16,131,229.0,595,No,Saturday,Yes,No,Returning,Takeaway,948.8
1570,2025-03-08,2025-03-08,17:11,Paneer Tikka,Starter,3,299,897,UPI,Rainy,21,94,17,77,299.0,589,Yes,Saturday,Yes,No,Returning,Takeaway,1144.7
1571,2025-02-01,2025-02-01,23:34,Cheese Burger,Burger,1,199,199,Debit Card,Sunny,22,171,57,114,199.0,435,Yes,Saturday,Yes,No,Returning,Delivery,388.9
1572,2025-04-07,2025-04-07,12:24,Veg Sandwich,Snacks,1,179,179,UPI,Rainy,18,101,49,52,179.0,883,No,Monday,No,No,Returning,Dine-In,558.9
1573,2025-02-08,2025-02-08,10:27,Farmhouse Pizza,Pizza,1,399,399,Credit Card,Sunny,21,173,31,142,399.0,874,No,Saturday,Yes,Yes,New,Takeaway,777.9
1574,2025-09-06,2025-09-06,16:43,Farmhouse Pizza,Pizza,4,399,1596,Cash,Cloudy,35,154,42,112,399.0,895,Yes,Saturday,Yes,No,Returning,Takeaway,1947.6
1575,2025-10-01,2025-10-01,18:16,French Fries,Snacks,1,129,129,Credit Card,Sunny,32,152,11,141,129.0,881,No,Wednesday,No,No,Returning,Delivery,530.9
1576,2025-07-14,2025-07-14,21:46,Veg Biryani,Main Course,3,249,747,UPI,Windy,24,177,12,165,249.0,356,Yes,Monday,No,No,Returning,Takeaway,1045.7
1577,2025-03-09,2025-03-09,17:11,Soft Drink,Beverage,4,79,316,Debit Card,Windy,35,124,20,104,79.0,807,Yes,Sunday,Yes,No,Returning,Dine-In,567.6
1578,2025-08-15,2025-08-15,10:07,Veg Biryani,Main Course,3,249,747,Debit Card,Sunny,20,82,34,48,249.0,343,No,Friday,No,No,New,Takeaway,1306.7
1579,2025-11-13,2025-11-13,13:32,Farmhouse Pizza,Pizza,2,399,798,Cash,Rainy,35,141,48,93,399.0,500,No,Thursday,No,No,Returning,Takeaway,1015.8
1580,2025-10-07,2025-10-07,04:22,Farmhouse Pizza,Pizza,5,399,1995,Debit Card,Windy,33,149,15,134,399.0,373,Yes,Tuesday,No,No,New,Delivery,2687.5
1581,2025-12-08,2025-12-08,21:02,Cold Coffee,Beverage,5,149,745,UPI,Rainy,20,149,35,114,149.0,588,No,Monday,No,No,New,Dine-In,940.5
1582,2025-10-06,2025-10-06,15:43,Chole Bhature,Main Course,3,199,597,UPI,Windy,19,110,46,64,199.0,847,Yes,Monday,No,No,New,Delivery,1086.7
1583,2025-07-01,2025-07-01,22:12,Masala Dosa,South Indian,4,199,796,Credit Card,Windy,21,122,27,95,199.0,328,Yes,Tuesday,No,No,Returning,Delivery,1127.6
1584,2025-06-27,2025-06-27,12:17,Masala Dosa,South Indian,2,199,398,Cash,Rainy,33,151,20,131,199.0,402,Yes,Friday,No,No,New,Dine-In,754.8
1585,2025-07-05,2025-07-05,18:35,Chocolate Shake,Beverage,3,179,537,UPI,Sunny,28,137,33,104,179.0,880,No,Saturday,Yes,No,Returning,Dine-In,860.7
1586,2025-04-28,2025-04-28,08:28,Cold Coffee,Beverage,3,149,447,UPI,Rainy,27,130,46,84,149.0,669,Yes,Monday,No,No,Returning,Delivery,769.7
1587,2025-07-13,2025-07-13,10:21,Margherita Pizza,Pizza,5,299,1495,Cash,Cloudy,29,155,14,141,299.0,509,Yes,Sunday,Yes,No,New,Dine-In,2068.5
1588,2025-02-10,2025-02-10,18:37,Veg Burger,Burger,2,149,298,Cash,Cloudy,20,146,37,109,149.0,312,Yes,Monday,No,No,Returning,Dine-In,557.8
1589,2025-11-11,2025-11-11,04:02,Spring Rolls,Starter,1,229,229,UPI,Windy,23,94,35,59,229.0,696,No,Tuesday,No,No,Returning,Takeaway,568.9
1590,2025-08-02,2025-08-02,02:59,Soft Drink,Beverage,4,79,316,Debit Card,Windy,27,134,46,88,79.0,309,Yes,Saturday,Yes,No,Returning,Dine-In,596.6
1591,2025-11-26,2025-11-26,11:31,Cold Coffee,Beverage,5,149,745,Cash,Cloudy,19,167,41,126,149.0,726,No,Wednesday,No,No,Returning,Takeaway,1125.5
1592,2025-08-08,2025-08-08,23:06,White Sauce Pasta,Pasta,4,249,996,Cash,Cloudy,30,83,23,60,249.0,404,Yes,Friday,No,No,Returning,Delivery,1203.6
1593,2025-08-13,2025-08-13,01:19,Veg Burger,Burger,4,149,596,UPI,Sunny,28,162,48,114,149.0,622,Yes,Wednesday,No,No,New,Delivery,864.6
1594,2025-05-03,2025-05-03,20:21,Veg Biryani,Main Course,2,249,498,UPI,Sunny,25,137,18,119,249.0,411,Yes,Saturday,Yes,No,New,Dine-In,997.8
1595,2025-11-28,2025-11-28,06:39,Chole Bhature,Main Course,2,199,398,Debit Card,Rainy,29,92,29,63,199.0,318,No,Friday,No,No,Returning,Takeaway,893.8
1596,2025-07-14,2025-07-14,19:33,Masala Dosa,South Indian,4,199,796,UPI,Rainy,27,140,30,110,199.0,697,No,Monday,No,No,New,Dine-In,1209.6
1597,2025-07-25,2025-07-25,12:06,Farmhouse Pizza,Pizza,3,399,1197,Cash,Sunny,33,125,22,103,399.0,556,Yes,Friday,No,Yes,New,Takeaway,1797.7
1598,2025-01-12,2025-01-12,04:12,Farmhouse Pizza,Pizza,2,399,798,Cash,Windy,22,100,15,85,399.0,851,No,Sunday,Yes,No,New,Takeaway,1359.8
1599,2025-10-10,2025-10-10,09:51,Chocolate Shake,Beverage,5,179,895,Debit Card,Windy,34,125,42,83,179.0,383,No,Friday,No,No,New,Delivery,1176.5
1600,2025-02-22,2025-02-22,09:59,Veg Burger,Burger,5,149,745,Debit Card,Cloudy,24,141,11,130,149.0,789,Yes,Saturday,Yes,No,Returning,Delivery,1121.5
1601,2025-07-05,2025-07-05,12:03,Paneer Tikka,Starter,2,299,598,Cash,Rainy,28,142,38,104,299.0,320,Yes,Saturday,Yes,No,New,Dine-In,1111.8
1602,2025-08-25,2025-08-25,17:54,Cheese Burger,Burger,1,199,199,Credit Card,Rainy,30,111,20,91,199.0,828,No,Monday,No,No,New,Dine-In,382.9
1603,2025-06-11,2025-06-11,19:44,Farmhouse Pizza,Pizza,4,399,1596,Debit Card,Cloudy,21,118,26,92,399.0,568,Yes,Wednesday,No,Yes,Returning,Delivery,1910.6
1604,2025-05-06,2025-05-06,17:06,French Fries,Snacks,2,129,258,Debit Card,Rainy,33,147,38,109,129.0,542,Yes,Tuesday,No,No,New,Takeaway,450.8
1605,2025-09-05,2025-09-05,20:30,Margherita Pizza,Pizza,1,299,299,Credit Card,Sunny,24,83,41,42,299.0,743,Yes,Friday,No,No,New,Dine-In,639.9
1606,2025-04-08,2025-04-08,01:23,White Sauce Pasta,Pasta,3,249,747,UPI,Rainy,26,155,15,140,249.0,764,Yes,Tuesday,No,No,Returning,Delivery,1040.7
1607,2025-11-08,2025-11-08,17:59,Spring Rolls,Starter,1,229,229,UPI,Rainy,30,135,44,91,229.0,570,No,Saturday,Yes,Yes,Returning,Takeaway,738.9
1608,2025-01-13,2025-01-13,14:19,Cheese Burger,Burger,5,199,995,Debit Card,Sunny,18,106,52,54,199.0,578,No,Monday,No,No,Returning,Delivery,1525.5
1609,2025-10-22,2025-10-22,17:19,Cheese Burger,Burger,5,199,995,UPI,Sunny,20,95,38,57,199.0,626,Yes,Wednesday,No,No,New,Delivery,1573.5
1610,2025-08-30,2025-08-30,05:17,Soft Drink,Beverage,5,79,395,Credit Card,Sunny,31,161,38,123,79.0,623,Yes,Saturday,Yes,No,New,Delivery,594.5
1611,2025-03-10,2025-03-10,09:44,Masala Dosa,South Indian,5,199,995,UPI,Sunny,30,100,15,85,199.0,328,Yes,Monday,No,No,New,Takeaway,1195.5
1612,2025-08-13,2025-08-13,18:04,Chole Bhature,Main Course,2,199,398,Credit Card,Windy,27,118,12,106,199.0,571,Yes,Wednesday,No,No,New,Delivery,764.8
1613,2025-11-23,2025-11-23,17:40,Masala Dosa,South Indian,2,199,398,Credit Card,Rainy,26,96,53,43,199.0,345,Yes,Sunday,Yes,No,Returning,Delivery,558.8
1614,2025-08-19,2025-08-19,20:35,Masala Dosa,South Indian,5,199,995,Credit Card,Rainy,20,159,53,106,199.0,722,No,Tuesday,No,No,Returning,Dine-In,1475.5
1615,2025-03-23,2025-03-23,13:44,Masala Dosa,South Indian,1,199,199,Credit Card,Windy,32,115,14,101,199.0,668,Yes,Sunday,Yes,No,Returning,Dine-In,564.9
1616,2025-06-05,2025-06-05,05:07,Cold Coffee,Beverage,4,149,596,Debit Card,Sunny,28,117,55,62,149.0,891,Yes,Thursday,No,No,Returning,Delivery,755.6
1617,2025-09-03,2025-09-03,01:13,Farmhouse Pizza,Pizza,4,399,1596,UPI,Sunny,28,165,32,133,399.0,696,No,Wednesday,No,No,New,Takeaway,2147.6
1618,2025-03-20,2025-03-20,11:12,Chocolate Shake,Beverage,4,179,716,UPI,Rainy,22,116,54,62,179.0,808,No,Thursday,No,No,Returning,Delivery,1285.6
1619,2025-06-25,2025-06-25,21:14,Veg Biryani,Main Course,5,249,1245,Cash,Sunny,34,98,54,44,249.0,495,Yes,Wednesday,No,No,Returning,Delivery,1567.5
1620,2025-11-25,2025-11-25,12:42,Soft Drink,Beverage,4,79,316,Credit Card,Windy,30,164,12,152,79.0,715,Yes,Tuesday,No,No,Returning,Takeaway,628.6
1621,2025-12-06,2025-12-06,08:36,Veg Burger,Burger,4,149,596,Credit Card,Cloudy,22,89,45,44,149.0,310,No,Saturday,Yes,No,New,Dine-In,1152.6
1622,2025-09-16,2025-09-16,10:59,Margherita Pizza,Pizza,5,299,1495,Credit Card,Rainy,25,167,39,128,299.0,612,No,Tuesday,No,No,Returning,Dine-In,2113.5
1623,2025-04-26,2025-04-26,19:40,Soft Drink,Beverage,1,79,79,Debit Card,Windy,28,119,12,107,79.0,671,No,Saturday,Yes,Yes,Returning,Delivery,220.9
1624,2025-07-04,2025-07-04,08:29,Masala Dosa,South Indian,2,199,398,Debit Card,Sunny,18,159,57,102,199.0,900,No,Friday,No,No,Returning,Dine-In,599.8
1625,2025-05-24,2025-05-24,01:03,Cold Coffee,Beverage,3,149,447,UPI,Sunny,23,113,53,60,149.0,633,No,Saturday,Yes,No,Returning,Takeaway,622.7
1626,2025-02-14,2025-02-14,18:00,Chole Bhature,Main Course,2,199,398,Credit Card,Sunny,35,152,52,100,199.0,668,Yes,Friday,No,Yes,Returning,Takeaway,581.8
1627,2025-01-13,2025-01-13,08:47,Farmhouse Pizza,Pizza,4,399,1596,UPI,Rainy,26,103,60,43,399.0,589,No,Monday,No,No,New,Dine-In,2082.6
1628,2025-04-30,2025-04-30,22:26,Soft Drink,Beverage,1,79,79,Debit Card,Windy,20,95,22,73,79.0,832,Yes,Wednesday,No,No,Returning,Delivery,493.9
1629,2025-10-04,2025-10-04,23:57,Margherita Pizza,Pizza,2,299,598,UPI,Cloudy,33,142,24,118,299.0,767,Yes,Saturday,Yes,No,Returning,Dine-In,979.8
1630,2025-04-13,2025-04-13,21:28,Masala Dosa,South Indian,4,199,796,Debit Card,Rainy,19,157,45,112,199.0,330,Yes,Sunday,Yes,No,New,Takeaway,1302.6
1631,2025-04-23,2025-04-23,17:16,Cold Coffee,Beverage,1,149,149,Debit Card,Rainy,34,156,21,135,149.0,448,Yes,Wednesday,No,No,New,Takeaway,345.9
1632,2025-02-25,2025-02-25,19:09,Farmhouse Pizza,Pizza,4,399,1596,UPI,Sunny,19,83,42,41,399.0,809,No,Tuesday,No,No,Returning,Delivery,2045.6
1633,2025-11-01,2025-11-01,18:43,Soft Drink,Beverage,3,79,237,UPI,Windy,34,163,47,116,79.0,653,Yes,Saturday,Yes,No,New,Dine-In,725.7
1634,2025-09-21,2025-09-21,06:55,Spring Rolls,Starter,2,229,458,Credit Card,Windy,31,80,20,60,229.0,721,Yes,Sunday,Yes,No,Returning,Takeaway,811.8
1635,2025-01-25,2025-01-25,21:58,Farmhouse Pizza,Pizza,2,399,798,Credit Card,Sunny,30,81,49,32,399.0,444,Yes,Saturday,Yes,No,New,Takeaway,1315.8
1636,2025-11-09,2025-11-09,20:10,French Fries,Snacks,2,129,258,Debit Card,Sunny,32,124,44,80,129.0,474,Yes,Sunday,Yes,No,Returning,Dine-In,486.8
1637,2025-06-26,2025-06-26,04:13,White Sauce Pasta,Pasta,4,249,996,Debit Card,Cloudy,29,179,26,153,249.0,475,No,Thursday,No,No,Returning,Takeaway,1450.6
1638,2025-06-20,2025-06-20,05:43,Veg Biryani,Main Course,2,249,498,Debit Card,Windy,22,100,26,74,249.0,360,No,Friday,No,Yes,Returning,Dine-In,853.8
1639,2025-06-15,2025-06-15,07:26,Veg Biryani,Main Course,4,249,996,Credit Card,Sunny,31,146,49,97,249.0,540,Yes,Sunday,Yes,No,Returning,Takeaway,1325.6
1640,2025-05-01,2025-05-01,20:07,Chocolate Shake,Beverage,3,179,537,Credit Card,Rainy,25,172,20,152,179.0,346,Yes,Thursday,No,No,New,Delivery,738.7
1641,2025-01-06,2025-01-06,21:48,Masala Dosa,South Indian,2,199,398,Credit Card,Sunny,24,141,58,83,199.0,811,No,Monday,No,No,New,Takeaway,734.8
1642,2025-07-17,2025-07-17,21:27,Spring Rolls,Starter,5,229,1145,UPI,Windy,22,155,21,134,229.0,688,Yes,Thursday,No,No,New,Dine-In,1528.5
1643,2025-12-24,2025-12-24,21:55,Masala Dosa,South Indian,5,199,995,Cash,Sunny,24,168,17,151,199.0,860,No,Wednesday,No,No,New,Dine-In,1395.5
1644,2025-04-19,2025-04-19,10:12,White Sauce Pasta,Pasta,1,249,249,Debit Card,Windy,28,178,14,164,249.0,402,No,Saturday,Yes,No,Returning,Takeaway,681.9
1645,2025-01-28,2025-01-28,20:27,Masala Dosa,South Indian,1,199,199,Credit Card,Rainy,27,129,53,76,199.0,540,Yes,Tuesday,No,No,Returning,Dine-In,678.9
1646,2025-07-06,2025-07-06,10:01,Cold Coffee,Beverage,2,149,298,Debit Card,Windy,21,88,60,28,149.0,335,No,Sunday,Yes,No,New,Takeaway,742.8
1647,2025-05-03,2025-05-03,00:29,Chocolate Shake,Beverage,5,179,895,Debit Card,Sunny,33,143,52,91,179.0,501,Yes,Saturday,Yes,No,New,Delivery,1141.5
1648,2025-07-14,2025-07-14,08:53,Farmhouse Pizza,Pizza,4,399,1596,Cash,Sunny,22,157,17,140,399.0,498,No,Monday,No,No,New,Takeaway,2055.6
1649,2025-11-03,2025-11-03,02:13,Spring Rolls,Starter,5,229,1145,Credit Card,Windy,22,153,43,110,229.0,638,No,Monday,No,No,Returning,Delivery,1741.5
1650,2025-06-22,2025-06-22,18:29,Farmhouse Pizza,Pizza,2,399,798,Debit Card,Rainy,21,115,35,80,399.0,688,No,Sunday,Yes,No,Returning,Delivery,1365.8
1651,2025-04-20,2025-04-20,00:28,Soft Drink,Beverage,5,79,395,Debit Card,Windy,20,92,51,41,79.0,794,No,Sunday,Yes,No,New,Takeaway,898.5
1652,2025-11-22,2025-11-22,17:55,Veg Biryani,Main Course,3,249,747,Debit Card,Sunny,22,150,15,135,249.0,315,No,Saturday,Yes,No,New,Dine-In,938.7
1653,2025-10-05,2025-10-05,07:57,Spring Rolls,Starter,3,229,687,UPI,Rainy,34,153,24,129,229.0,669,No,Sunday,Yes,No,New,Delivery,1101.7
1654,2025-03-16,2025-03-16,02:18,Veg Burger,Burger,1,149,149,UPI,Rainy,25,82,29,53,149.0,688,No,Sunday,Yes,No,Returning,Delivery,625.9
1655,2025-10-09,2025-10-09,04:52,Cheese Burger,Burger,3,199,597,Debit Card,Cloudy,21,89,31,58,199.0,714,Yes,Thursday,No,No,New,Takeaway,814.7
1656,2025-04-15,2025-04-15,16:50,Veg Sandwich,Snacks,3,179,537,UPI,Rainy,30,165,55,110,179.0,699,No,Tuesday,No,No,Returning,Dine-In,1039.7
1657,2025-11-30,2025-11-30,08:27,Masala Dosa,South Indian,1,199,199,Credit Card,Cloudy,35,98,11,87,199.0,608,No,Sunday,Yes,No,Returning,Delivery,417.9
1658,2025-01-03,2025-01-03,08:57,Margherita Pizza,Pizza,1,299,299,Cash,Rainy,29,157,60,97,299.0,646,Yes,Friday,No,No,New,Takeaway,580.9
1659,2025-07-18,2025-07-18,13:53,Spring Rolls,Starter,1,229,229,UPI,Sunny,31,169,10,159,229.0,851,Yes,Friday,No,No,Returning,Takeaway,539.9
1660,2025-04-06,2025-04-06,10:51,White Sauce Pasta,Pasta,3,249,747,Credit Card,Rainy,31,163,19,144,249.0,455,Yes,Sunday,Yes,No,New,Delivery,1094.7
1661,2025-09-21,2025-09-21,14:57,Chocolate Shake,Beverage,1,179,179,Cash,Sunny,24,131,47,84,179.0,370,Yes,Sunday,Yes,No,Returning,Takeaway,583.9
1662,2025-05-15,2025-05-15,05:06,Veg Sandwich,Snacks,3,179,537,UPI,Sunny,33,141,19,122,179.0,611,No,Thursday,No,No,Returning,Delivery,995.7
1663,2025-04-24,2025-04-24,17:17,Cheese Burger,Burger,5,199,995,Cash,Cloudy,27,80,13,67,199.0,872,No,Thursday,No,No,Returning,Delivery,1335.5
1664,2025-12-23,2025-12-23,04:02,Spring Rolls,Starter,5,229,1145,Cash,Cloudy,24,163,19,144,229.0,466,Yes,Tuesday,No,No,New,Takeaway,1708.5
1665,2025-04-03,2025-04-03,17:10,Chocolate Shake,Beverage,1,179,179,Debit Card,Windy,33,174,10,164,179.0,423,No,Thursday,No,No,New,Dine-In,497.9
1666,2025-02-17,2025-02-17,14:35,Cheese Burger,Burger,2,199,398,UPI,Sunny,24,127,40,87,199.0,308,No,Monday,No,No,New,Dine-In,908.8
1667,2025-08-10,2025-08-10,13:57,Veg Sandwich,Snacks,2,179,358,UPI,Sunny,33,108,43,65,179.0,414,No,Sunday,Yes,No,Returning,Takeaway,580.8
1668,2025-01-19,2025-01-19,19:06,Veg Burger,Burger,4,149,596,Credit Card,Sunny,34,107,37,70,149.0,518,Yes,Sunday,Yes,No,Returning,Delivery,1155.6
1669,2025-09-03,2025-09-03,20:39,Cold Coffee,Beverage,1,149,149,Cash,Windy,23,168,32,136,149.0,368,Yes,Wednesday,No,No,Returning,Delivery,643.9
1670,2025-10-27,2025-10-27,08:42,Margherita Pizza,Pizza,4,299,1196,Cash,Cloudy,27,178,52,126,299.0,788,Yes,Monday,No,No,Returning,Dine-In,1602.6
1671,2025-03-01,2025-03-01,13:43,Margherita Pizza,Pizza,2,299,598,Debit Card,Cloudy,32,171,15,156,299.0,803,Yes,Saturday,Yes,No,New,Delivery,1016.8
1672,2025-07-25,2025-07-25,03:43,Cold Coffee,Beverage,4,149,596,Cash,Cloudy,27,90,36,54,149.0,596,No,Friday,No,Yes,Returning,Delivery,978.6
1673,2025-07-27,2025-07-27,21:11,Masala Dosa,South Indian,2,199,398,UPI,Cloudy,29,89,44,45,199.0,453,No,Sunday,Yes,No,Returning,Dine-In,626.8
1674,2025-10-09,2025-10-09,10:42,Margherita Pizza,Pizza,3,299,897,UPI,Sunny,31,88,43,45,299.0,777,Yes,Thursday,No,Yes,Returning,Takeaway,1335.7
1675,2025-06-10,2025-06-10,05:37,Farmhouse Pizza,Pizza,5,399,1995,Credit Card,Sunny,27,175,58,117,399.0,809,Yes,Tuesday,No,No,Returning,Delivery,2313.5
1676,2025-08-06,2025-08-06,22:39,Cheese Burger,Burger,5,199,995,Credit Card,Windy,31,145,59,86,199.0,379,No,Wednesday,No,No,Returning,Delivery,1378.5
1677,2025-03-14,2025-03-14,23:29,White Sauce Pasta,Pasta,2,249,498,Credit Card,Cloudy,20,133,54,79,249.0,504,Yes,Friday,No,No,Returning,Delivery,698.8
1678,2025-08-24,2025-08-24,19:39,Cheese Burger,Burger,4,199,796,Cash,Sunny,21,84,56,28,199.0,512,Yes,Sunday,Yes,No,New,Delivery,1189.6
1679,2025-11-13,2025-11-13,14:12,Spring Rolls,Starter,3,229,687,Credit Card,Sunny,22,95,57,38,229.0,636,Yes,Thursday,No,No,Returning,Takeaway,876.7
1680,2025-04-30,2025-04-30,07:29,Masala Dosa,South Indian,3,199,597,UPI,Cloudy,19,83,34,49,199.0,825,Yes,Wednesday,No,No,New,Dine-In,889.7
1681,2025-06-28,2025-06-28,10:55,Margherita Pizza,Pizza,2,299,598,Debit Card,Rainy,29,164,39,125,299.0,531,No,Saturday,Yes,No,New,Delivery,1113.8
1682,2025-12-14,2025-12-14,23:47,Veg Sandwich,Snacks,3,179,537,Cash,Cloudy,25,160,37,123,179.0,838,Yes,Sunday,Yes,No,New,Takeaway,834.7
1683,2025-06-07,2025-06-07,14:55,Margherita Pizza,Pizza,3,299,897,Debit Card,Sunny,35,144,36,108,299.0,593,No,Saturday,Yes,No,Returning,Dine-In,1301.7
1684,2025-02-01,2025-02-01,05:37,Spring Rolls,Starter,3,229,687,Debit Card,Rainy,29,147,15,132,229.0,798,No,Saturday,Yes,No,New,Takeaway,1007.7
1685,2025-08-09,2025-08-09,14:19,Masala Dosa,South Indian,3,199,597,Cash,Rainy,22,176,28,148,199.0,847,Yes,Saturday,Yes,No,Returning,Dine-In,1030.7
1686,2025-05-02,2025-05-02,15:03,Chocolate Shake,Beverage,1,179,179,Credit Card,Sunny,22,129,59,70,179.0,601,Yes,Friday,No,No,New,Takeaway,585.9
1687,2025-03-16,2025-03-16,18:52,Spring Rolls,Starter,1,229,229,UPI,Rainy,23,158,57,101,229.0,518,No,Sunday,Yes,Yes,New,Takeaway,743.9
1688,2025-03-15,2025-03-15,14:07,Veg Sandwich,Snacks,4,179,716,Credit Card,Windy,34,143,34,109,179.0,542,No,Saturday,Yes,No,Returning,Takeaway,1273.6
1689,2025-05-23,2025-05-23,11:00,Soft Drink,Beverage,5,79,395,Cash,Rainy,21,151,34,117,79.0,687,Yes,Friday,No,Yes,New,Takeaway,667.5
1690,2025-02-02,2025-02-02,05:44,Cold Coffee,Beverage,4,149,596,Credit Card,Cloudy,28,176,11,165,149.0,436,Yes,Sunday,Yes,No,Returning,Delivery,812.6
1691,2025-11-20,2025-11-20,18:20,Farmhouse Pizza,Pizza,5,399,1995,UPI,Rainy,18,165,50,115,399.0,859,No,Thursday,No,No,Returning,Takeaway,2609.5
1692,2025-10-04,2025-10-04,14:24,Veg Biryani,Main Course,1,249,249,Credit Card,Rainy,21,178,28,150,249.0,751,Yes,Saturday,Yes,No,New,Delivery,553.9
1693,2025-01-07,2025-01-07,19:46,Veg Burger,Burger,3,149,447,Debit Card,Rainy,24,93,55,38,149.0,681,No,Tuesday,No,No,Returning,Dine-In,642.7
1694,2025-07-05,2025-07-05,15:05,White Sauce Pasta,Pasta,1,249,249,Debit Card,Windy,34,142,17,125,249.0,471,No,Saturday,Yes,No,New,Delivery,387.9
1695,2025-01-08,2025-01-08,13:53,Chocolate Shake,Beverage,2,179,358,Debit Card,Sunny,35,96,55,41,179.0,698,Yes,Wednesday,No,No,Returning,Takeaway,803.8
1696,2025-10-11,2025-10-11,11:34,Spring Rolls,Starter,4,229,916,Cash,Cloudy,18,105,20,85,229.0,364,Yes,Saturday,Yes,No,New,Dine-In,1421.6
1697,2025-12-11,2025-12-11,03:02,Veg Sandwich,Snacks,3,179,537,Debit Card,Windy,19,80,29,51,179.0,698,No,Thursday,No,No,New,Dine-In,755.7
1698,2025-02-09,2025-02-09,22:13,Cheese Burger,Burger,4,199,796,Debit Card,Windy,26,140,35,105,199.0,456,Yes,Sunday,Yes,No,Returning,Delivery,1259.6
1699,2025-05-12,2025-05-12,13:13,Veg Biryani,Main Course,5,249,1245,Debit Card,Cloudy,27,150,14,136,249.0,356,Yes,Monday,No,No,Returning,Delivery,1604.5
1700,2025-10-21,2025-10-21,01:56,White Sauce Pasta,Pasta,1,249,249,Credit Card,Cloudy,35,140,37,103,249.0,567,No,Tuesday,No,No,Returning,Delivery,761.9
1701,2025-10-21,2025-10-21,02:19,Farmhouse Pizza,Pizza,4,399,1596,Credit Card,Rainy,26,108,14,94,399.0,331,Yes,Tuesday,No,No,Returning,Dine-In,2087.6
1702,2025-01-07,2025-01-07,08:32,Farmhouse Pizza,Pizza,4,399,1596,Credit Card,Sunny,19,143,31,112,399.0,473,No,Tuesday,No,No,Returning,Dine-In,2018.6
1703,2025-12-15,2025-12-15,23:57,Soft Drink,Beverage,1,79,79,Cash,Windy,30,168,57,111,79.0,785,No,Monday,No,No,New,Dine-In,413.9
1704,2025-11-15,2025-11-15,14:06,Veg Biryani,Main Course,4,249,996,Debit Card,Windy,26,141,26,115,249.0,577,No,Saturday,Yes,No,New,Takeaway,1260.6
1705,2025-12-29,2025-12-29,13:05,White Sauce Pasta,Pasta,5,249,1245,Cash,Windy,28,165,14,151,249.0,433,Yes,Monday,No,No,New,Delivery,1624.5
1706,2025-12-01,2025-12-01,02:43,Farmhouse Pizza,Pizza,1,399,399,Debit Card,Windy,33,169,18,151,399.0,666,Yes,Monday,No,No,Returning,Delivery,871.9
1707,2025-04-16,2025-04-16,13:44,White Sauce Pasta,Pasta,4,249,996,Debit Card,Windy,26,113,20,93,249.0,866,Yes,Wednesday,No,No,Returning,Takeaway,1343.6
1708,2025-12-28,2025-12-28,10:07,Chocolate Shake,Beverage,4,179,716,Credit Card,Rainy,30,106,59,47,179.0,513,Yes,Sunday,Yes,No,New,Takeaway,1140.6
1709,2025-03-06,2025-03-06,17:23,Chocolate Shake,Beverage,4,179,716,Credit Card,Cloudy,33,142,57,85,179.0,789,Yes,Thursday,No,No,Returning,Takeaway,1069.6
1710,2025-01-02,2025-01-02,18:17,Masala Dosa,South Indian,3,199,597,UPI,Rainy,35,104,22,82,199.0,733,No,Thursday,No,No,New,Takeaway,1000.7
1711,2025-09-25,2025-09-25,01:19,Veg Burger,Burger,5,149,745,Credit Card,Windy,18,121,31,90,149.0,696,Yes,Thursday,No,No,New,Dine-In,1255.5
1712,2025-08-26,2025-08-26,02:52,Veg Burger,Burger,4,149,596,Cash,Rainy,31,95,47,48,149.0,718,Yes,Tuesday,No,No,New,Dine-In,1049.6
1713,2025-05-09,2025-05-09,22:10,Paneer Tikka,Starter,4,299,1196,Credit Card,Cloudy,26,106,52,54,299.0,893,Yes,Friday,No,No,New,Delivery,1428.6
1714,2025-08-30,2025-08-30,06:16,Veg Sandwich,Snacks,3,179,537,Debit Card,Rainy,25,160,40,120,179.0,340,Yes,Saturday,Yes,No,Returning,Delivery,761.7
1715,2025-12-14,2025-12-14,04:49,Veg Biryani,Main Course,4,249,996,Credit Card,Sunny,29,156,48,108,249.0,718,Yes,Sunday,Yes,No,Returning,Dine-In,1361.6
1716,2025-04-18,2025-04-18,21:26,Spring Rolls,Starter,1,229,229,UPI,Sunny,24,92,54,38,229.0,440,No,Friday,No,No,New,Delivery,499.9
1717,2025-07-08,2025-07-08,00:58,Paneer Tikka,Starter,1,299,299,Debit Card,Rainy,19,91,50,41,299.0,490,Yes,Tuesday,No,No,Returning,Dine-In,501.9
1718,2025-05-04,2025-05-04,18:52,Cheese Burger,Burger,5,199,995,Credit Card,Cloudy,26,139,49,90,199.0,597,Yes,Sunday,Yes,No,New,Dine-In,1209.5
1719,2025-07-02,2025-07-02,02:20,Chole Bhature,Main Course,5,199,995,Debit Card,Rainy,31,109,26,83,199.0,716,Yes,Wednesday,No,No,New,Delivery,1251.5
1720,2025-06-21,2025-06-21,16:08,White Sauce Pasta,Pasta,4,249,996,Cash,Windy,20,165,38,127,249.0,550,Yes,Saturday,Yes,No,New,Takeaway,1571.6
1721,2025-03-18,2025-03-18,00:50,Veg Burger,Burger,1,149,149,UPI,Sunny,27,174,30,144,149.0,748,Yes,Tuesday,No,No,New,Takeaway,472.9
1722,2025-12-15,2025-12-15,15:43,Cold Coffee,Beverage,5,149,745,Debit Card,Rainy,22,146,48,98,149.0,619,No,Monday,No,No,Returning,Delivery,1232.5
1723,2025-05-30,2025-05-30,07:41,Cold Coffee,Beverage,4,149,596,UPI,Rainy,29,175,42,133,149.0,399,No,Friday,No,No,New,Takeaway,818.6
1724,2025-07-16,2025-07-16,08:52,Veg Sandwich,Snacks,5,179,895,Debit Card,Cloudy,18,130,38,92,179.0,514,Yes,Wednesday,No,No,New,Takeaway,1099.5
1725,2025-06-28,2025-06-28,19:33,Veg Biryani,Main Course,2,249,498,Cash,Cloudy,25,160,46,114,249.0,691,Yes,Saturday,Yes,Yes,New,Takeaway,926.8
1726,2025-05-24,2025-05-24,20:59,Veg Biryani,Main Course,2,249,498,Credit Card,Cloudy,20,122,54,68,249.0,477,No,Saturday,Yes,No,Returning,Dine-In,885.8
1727,2025-03-09,2025-03-09,00:36,Farmhouse Pizza,Pizza,2,399,798,Credit Card,Sunny,23,146,21,125,399.0,637,No,Sunday,Yes,No,Returning,Takeaway,1288.8
1728,2025-11-22,2025-11-22,00:16,Veg Burger,Burger,5,149,745,Debit Card,Windy,34,93,26,67,149.0,549,Yes,Saturday,Yes,No,Returning,Dine-In,1304.5
1729,2025-05-24,2025-05-24,20:49,Margherita Pizza,Pizza,4,299,1196,UPI,Windy,25,127,49,78,299.0,852,No,Saturday,Yes,No,Returning,Takeaway,1702.6
1730,2025-03-13,2025-03-13,01:24,White Sauce Pasta,Pasta,3,249,747,Credit Card,Windy,22,138,36,102,249.0,625,Yes,Thursday,No,No,Returning,Dine-In,1146.7
1731,2025-08-26,2025-08-26,09:08,Chocolate Shake,Beverage,3,179,537,Credit Card,Cloudy,24,88,19,69,179.0,417,Yes,Tuesday,No,No,Returning,Takeaway,706.7
1732,2025-04-23,2025-04-23,00:36,Spring Rolls,Starter,1,229,229,Cash,Rainy,26,144,59,85,229.0,464,No,Wednesday,No,No,New,Takeaway,379.9
1733,2025-03-31,2025-03-31,21:30,Soft Drink,Beverage,4,79,316,Credit Card,Sunny,19,180,39,141,79.0,337,Yes,Monday,No,No,Returning,Takeaway,642.6
1734,2025-03-22,2025-03-22,06:41,Chole Bhature,Main Course,4,199,796,Cash,Rainy,27,99,20,79,199.0,740,Yes,Saturday,Yes,No,New,Takeaway,1187.6
1735,2025-07-27,2025-07-27,15:25,Cold Coffee,Beverage,4,149,596,Cash,Cloudy,22,104,59,45,149.0,304,No,Sunday,Yes,No,Returning,Takeaway,979.6
1736,2025-01-11,2025-01-11,00:00,Margherita Pizza,Pizza,4,299,1196,Debit Card,Sunny,27,143,28,115,299.0,787,Yes,Saturday,Yes,No,New,Takeaway,1584.6
1737,2025-08-01,2025-08-01,06:23,Veg Burger,Burger,2,149,298,Credit Card,Rainy,29,88,21,67,149.0,403,Yes,Friday,No,No,New,Delivery,691.8
1738,2025-07-16,2025-07-16,01:12,Chocolate Shake,Beverage,5,179,895,Debit Card,Sunny,32,107,56,51,179.0,510,Yes,Wednesday,No,No,New,Takeaway,1397.5
1739,2025-07-09,2025-07-09,00:58,Margherita Pizza,Pizza,3,299,897,Cash,Cloudy,22,158,42,116,299.0,869,No,Wednesday,No,No,New,Delivery,1477.7
1740,2025-11-01,2025-11-01,17:21,Spring Rolls,Starter,3,229,687,Credit Card,Cloudy,30,155,17,138,229.0,434,No,Saturday,Yes,No,New,Takeaway,998.7
1741,2025-12-29,2025-12-29,10:20,French Fries,Snacks,1,129,129,Debit Card,Rainy,35,103,26,77,129.0,775,Yes,Monday,No,No,New,Dine-In,424.9
1742,2025-04-05,2025-04-05,19:09,Margherita Pizza,Pizza,3,299,897,UPI,Rainy,32,175,15,160,299.0,875,No,Saturday,Yes,No,Returning,Dine-In,1213.7
1743,2025-11-01,2025-11-01,21:24,French Fries,Snacks,4,129,516,Credit Card,Rainy,20,175,36,139,129.0,572,No,Saturday,Yes,Yes,Returning,Dine-In,689.6
1744,2025-06-07,2025-06-07,02:45,Chole Bhature,Main Course,4,199,796,Cash,Cloudy,19,84,45,39,199.0,840,Yes,Saturday,Yes,No,Returning,Delivery,988.6
1745,2025-11-07,2025-11-07,15:46,White Sauce Pasta,Pasta,4,249,996,Credit Card,Rainy,31,129,35,94,249.0,677,No,Friday,No,No,New,Takeaway,1203.6
1746,2025-06-08,2025-06-08,15:51,Veg Biryani,Main Course,2,249,498,Debit Card,Windy,19,153,29,124,249.0,732,No,Sunday,Yes,No,New,Delivery,685.8
1747,2025-09-26,2025-09-26,05:36,Margherita Pizza,Pizza,1,299,299,Cash,Rainy,35,152,26,126,299.0,752,Yes,Friday,No,No,Returning,Delivery,478.9
1748,2025-08-20,2025-08-20,22:34,White Sauce Pasta,Pasta,1,249,249,UPI,Cloudy,25,139,16,123,249.0,733,Yes,Wednesday,No,No,New,Delivery,397.9
1749,2025-08-15,2025-08-15,20:32,Cheese Burger,Burger,1,199,199,Credit Card,Sunny,31,148,60,88,199.0,371,No,Friday,No,No,Returning,Delivery,653.9
1750,2025-03-20,2025-03-20,18:09,Chole Bhature,Main Course,4,199,796,Debit Card,Sunny,28,142,13,129,199.0,715,Yes,Thursday,No,No,New,Takeaway,1367.6
1751,2025-07-10,2025-07-10,03:55,White Sauce Pasta,Pasta,4,249,996,Credit Card,Windy,23,177,36,141,249.0,818,No,Thursday,No,Yes,Returning,Delivery,1316.6
1752,2025-05-23,2025-05-23,02:52,Spring Rolls,Starter,5,229,1145,Credit Card,Cloudy,24,128,19,109,229.0,397,No,Friday,No,No,Returning,Dine-In,1757.5
1753,2025-10-24,2025-10-24,07:57,Paneer Tikka,Starter,3,299,897,Credit Card,Rainy,19,134,12,122,299.0,650,Yes,Friday,No,No,Returning,Dine-In,1432.7
1754,2025-11-09,2025-11-09,19:35,French Fries,Snacks,3,129,387,Debit Card,Sunny,27,82,31,51,129.0,872,No,Sunday,Yes,No,New,Dine-In,589.7
1755,2025-12-25,2025-12-25,22:29,Veg Burger,Burger,3,149,447,Credit Card,Cloudy,26,144,36,108,149.0,838,Yes,Thursday,No,No,Returning,Dine-In,814.7
1756,2025-11-02,2025-11-02,00:25,Spring Rolls,Starter,1,229,229,Credit Card,Rainy,21,165,37,128,229.0,374,No,Sunday,Yes,No,Returning,Takeaway,627.9
1757,2025-03-23,2025-03-23,08:03,Cheese Burger,Burger,1,199,199,Cash,Cloudy,25,152,14,138,199.0,428,Yes,Sunday,Yes,No,New,Takeaway,354.9
1758,2025-01-27,2025-01-27,06:39,Masala Dosa,South Indian,2,199,398,UPI,Windy,29,176,34,142,199.0,777,No,Monday,No,No,New,Delivery,605.8
1759,2025-04-17,2025-04-17,03:00,Chole Bhature,Main Course,3,199,597,Debit Card,Windy,25,142,59,83,199.0,698,No,Thursday,No,No,Returning,Dine-In,900.7
1760,2025-12-22,2025-12-22,01:56,Veg Biryani,Main Course,5,249,1245,UPI,Rainy,30,96,25,71,249.0,441,No,Monday,No,No,Returning,Takeaway,1493.5
1761,2025-12-02,2025-12-02,21:52,Chocolate Shake,Beverage,2,179,358,Cash,Sunny,33,112,27,85,179.0,425,No,Tuesday,No,No,New,Dine-In,737.8
1762,2025-12-11,2025-12-11,10:41,Farmhouse Pizza,Pizza,2,399,798,Credit Card,Rainy,31,115,37,78,399.0,503,No,Thursday,No,No,Returning,Takeaway,1349.8
1763,2025-11-27,2025-11-27,14:24,French Fries,Snacks,3,129,387,UPI,Cloudy,30,111,11,100,129.0,801,No,Thursday,No,Yes,Returning,Takeaway,921.7
1764,2025-01-13,2025-01-13,11:58,Veg Sandwich,Snacks,2,179,358,Credit Card,Windy,26,129,47,82,179.0,348,No,Monday,No,No,Returning,Takeaway,696.8
1765,2025-12-04,2025-12-04,10:38,Soft Drink,Beverage,3,79,237,Credit Card,Sunny,22,85,48,37,79.0,561,Yes,Thursday,No,No,Returning,Takeaway,579.7
1766,2025-10-16,2025-10-16,11:04,Veg Burger,Burger,5,149,745,Debit Card,Cloudy,19,81,49,32,149.0,464,Yes,Thursday,No,No,New,Delivery,936.5
1767,2025-09-18,2025-09-18,13:27,Chole Bhature,Main Course,4,199,796,Cash,Sunny,22,83,45,38,199.0,321,No,Thursday,No,Yes,New,Dine-In,1319.6
1768,2025-07-01,2025-07-01,08:09,Veg Sandwich,Snacks,4,179,716,Cash,Sunny,19,112,46,66,179.0,592,No,Tuesday,No,No,New,Delivery,1036.6
1769,2025-01-20,2025-01-20,11:30,Veg Sandwich,Snacks,4,179,716,Cash,Sunny,35,146,43,103,179.0,381,Yes,Monday,No,No,Returning,Delivery,1122.6
1770,2025-03-09,2025-03-09,02:25,Veg Burger,Burger,1,149,149,UPI,Windy,32,110,11,99,149.0,699,No,Sunday,Yes,No,Returning,Takeaway,563.9
1771,2025-04-03,2025-04-03,22:24,Veg Burger,Burger,4,149,596,Debit Card,Sunny,33,172,58,114,149.0,799,No,Thursday,No,No,New,Delivery,908.6
1772,2025-09-14,2025-09-14,02:21,Cheese Burger,Burger,1,199,199,Credit Card,Cloudy,35,148,60,88,199.0,591,Yes,Sunday,Yes,No,Returning,Takeaway,358.9
1773,2025-04-22,2025-04-22,20:49,French Fries,Snacks,5,129,645,Cash,Rainy,27,132,50,82,129.0,639,Yes,Tuesday,No,No,Returning,Takeaway,837.5
1774,2025-06-23,2025-06-23,16:57,Cheese Burger,Burger,1,199,199,Credit Card,Cloudy,19,157,33,124,199.0,306,Yes,Monday,No,No,New,Delivery,595.9
1775,2025-11-30,2025-11-30,16:01,Cold Coffee,Beverage,4,149,596,Credit Card,Windy,29,117,33,84,149.0,502,Yes,Sunday,Yes,No,Returning,Delivery,1149.6
1776,2025-02-10,2025-02-10,06:03,Soft Drink,Beverage,2,79,158,Credit Card,Windy,35,139,43,96,79.0,576,No,Monday,No,No,New,Dine-In,321.8
1777,2025-04-24,2025-04-24,15:52,Margherita Pizza,Pizza,2,299,598,Cash,Cloudy,28,117,23,94,299.0,643,Yes,Thursday,No,No,Returning,Dine-In,996.8
1778,2025-03-24,2025-03-24,17:10,Margherita Pizza,Pizza,2,299,598,Credit Card,Cloudy,33,142,19,123,299.0,391,No,Monday,No,No,New,Takeaway,1002.8
1779,2025-12-27,2025-12-27,06:05,Cold Coffee,Beverage,5,149,745,Cash,Rainy,23,179,56,123,149.0,795,No,Saturday,Yes,No,Returning,Takeaway,1246.5
1780,2025-03-11,2025-03-11,21:20,White Sauce Pasta,Pasta,1,249,249,Debit Card,Sunny,30,129,47,82,249.0,837,Yes,Tuesday,No,No,Returning,Takeaway,648.9
1781,2025-01-11,2025-01-11,01:48,Cheese Burger,Burger,2,199,398,Credit Card,Sunny,22,148,46,102,199.0,526,No,Saturday,Yes,No,Returning,Dine-In,682.8
1782,2025-02-16,2025-02-16,11:34,Farmhouse Pizza,Pizza,5,399,1995,Credit Card,Windy,28,166,27,139,399.0,640,Yes,Sunday,Yes,No,New,Takeaway,2655.5
1783,2025-04-13,2025-04-13,21:57,Farmhouse Pizza,Pizza,3,399,1197,Debit Card,Windy,35,98,59,39,399.0,604,Yes,Sunday,Yes,No,Returning,Dine-In,1515.7
1784,2025-11-25,2025-11-25,15:41,Masala Dosa,South Indian,5,199,995,Credit Card,Windy,33,179,47,132,199.0,766,Yes,Tuesday,No,No,Returning,Dine-In,1386.5
1785,2025-01-18,2025-01-18,18:16,Veg Biryani,Main Course,5,249,1245,Cash,Cloudy,18,135,10,125,249.0,514,No,Saturday,Yes,Yes,New,Delivery,1736.5
1786,2025-09-30,2025-09-30,18:44,White Sauce Pasta,Pasta,3,249,747,Debit Card,Sunny,32,176,39,137,249.0,699,Yes,Tuesday,No,Yes,New,Takeaway,934.7
1787,2025-09-27,2025-09-27,21:18,Veg Burger,Burger,4,149,596,UPI,Windy,31,131,56,75,149.0,384,Yes,Saturday,Yes,No,Returning,Delivery,1072.6
1788,2025-04-09,2025-04-09,16:29,Veg Sandwich,Snacks,3,179,537,Debit Card,Cloudy,35,168,31,137,179.0,508,No,Wednesday,No,No,Returning,Delivery,807.7
1789,2025-03-07,2025-03-07,03:24,Margherita Pizza,Pizza,4,299,1196,UPI,Rainy,32,152,30,122,299.0,528,No,Friday,No,No,Returning,Dine-In,1530.6
1790,2025-07-12,2025-07-12,16:50,Masala Dosa,South Indian,5,199,995,Debit Card,Windy,35,123,34,89,199.0,666,Yes,Saturday,Yes,No,New,Delivery,1297.5
1791,2025-09-01,2025-09-01,07:50,Spring Rolls,Starter,4,229,916,Cash,Cloudy,20,125,34,91,229.0,777,Yes,Monday,No,No,New,Delivery,1371.6
1792,2025-02-14,2025-02-14,03:35,Chole Bhature,Main Course,5,199,995,Debit Card,Sunny,28,158,26,132,199.0,725,Yes,Friday,No,No,Returning,Dine-In,1498.5
1793,2025-07-17,2025-07-17,12:22,Veg Sandwich,Snacks,4,179,716,Credit Card,Windy,28,87,45,42,179.0,369,Yes,Thursday,No,No,Returning,Dine-In,1112.6
1794,2025-09-08,2025-09-08,05:56,Veg Burger,Burger,3,149,447,Credit Card,Windy,30,131,19,112,149.0,363,No,Monday,No,No,New,Takeaway,702.7
1795,2025-02-07,2025-02-07,15:37,Cheese Burger,Burger,1,199,199,Credit Card,Sunny,20,161,29,132,199.0,656,Yes,Friday,No,No,Returning,Delivery,375.9
1796,2025-09-14,2025-09-14,04:41,Spring Rolls,Starter,1,229,229,Cash,Cloudy,23,156,27,129,229.0,550,No,Sunday,Yes,No,Returning,Delivery,716.9
1797,2025-08-15,2025-08-15,21:08,White Sauce Pasta,Pasta,2,249,498,UPI,Rainy,20,174,33,141,249.0,345,Yes,Friday,No,No,New,Takeaway,676.8
1798,2025-06-26,2025-06-26,08:23,French Fries,Snacks,4,129,516,Debit Card,Sunny,27,180,30,150,129.0,672,No,Thursday,No,No,New,Takeaway,736.6
1799,2025-08-02,2025-08-02,23:26,Cold Coffee,Beverage,5,149,745,Credit Card,Sunny,29,177,26,151,149.0,778,No,Saturday,Yes,No,New,Delivery,981.5
1800,2025-01-25,2025-01-25,05:15,Masala Dosa,South Indian,1,199,199,Credit Card,Rainy,30,106,27,79,199.0,455,No,Saturday,Yes,No,Returning,Delivery,394.9
1801,2025-11-11,2025-11-11,05:41,Margherita Pizza,Pizza,4,299,1196,Credit Card,Cloudy,28,170,22,148,299.0,424,Yes,Tuesday,No,No,New,Dine-In,1658.6
1802,2025-03-20,2025-03-20,16:51,Veg Sandwich,Snacks,2,179,358,Cash,Rainy,26,178,24,154,179.0,896,No,Thursday,No,No,New,Delivery,619.8
1803,2025-05-15,2025-05-15,06:14,Spring Rolls,Starter,2,229,458,UPI,Windy,28,131,44,87,229.0,412,No,Thursday,No,No,Returning,Takeaway,785.8
1804,2025-01-08,2025-01-08,18:28,White Sauce Pasta,Pasta,3,249,747,Cash,Rainy,35,134,17,117,249.0,646,Yes,Wednesday,No,No,Returning,Dine-In,1145.7
1805,2025-11-29,2025-11-29,17:10,Cheese Burger,Burger,1,199,199,Credit Card,Sunny,35,135,35,100,199.0,597,No,Saturday,Yes,No,New,Takeaway,620.9
1806,2025-02-18,2025-02-18,18:45,Margherita Pizza,Pizza,1,299,299,Cash,Windy,20,128,36,92,299.0,401,Yes,Tuesday,No,No,Returning,Dine-In,674.9
1807,2025-08-11,2025-08-11,01:43,Veg Biryani,Main Course,3,249,747,Cash,Sunny,23,90,12,78,249.0,803,Yes,Monday,No,No,Returning,Takeaway,1150.7
1808,2025-10-22,2025-10-22,02:46,Cold Coffee,Beverage,1,149,149,Cash,Sunny,26,157,31,126,149.0,699,Yes,Wednesday,No,No,New,Dine-In,423.9
1809,2025-05-12,2025-05-12,16:41,Spring Rolls,Starter,1,229,229,Credit Card,Cloudy,24,92,20,72,229.0,505,No,Monday,No,No,Returning,Takeaway,611.9
1810,2025-04-18,2025-04-18,15:05,White Sauce Pasta,Pasta,1,249,249,Cash,Rainy,25,120,50,70,249.0,542,No,Friday,No,No,New,Dine-In,439.9
1811,2025-08-07,2025-08-07,03:55,Soft Drink,Beverage,1,79,79,UPI,Cloudy,27,177,26,151,79.0,747,No,Thursday,No,No,Returning,Delivery,368.9
1812,2025-05-06,2025-05-06,05:31,Spring Rolls,Starter,4,229,916,Credit Card,Sunny,26,167,19,148,229.0,712,Yes,Tuesday,No,No,New,Delivery,1231.6
1813,2025-08-31,2025-08-31,01:15,Farmhouse Pizza,Pizza,3,399,1197,Cash,Windy,18,82,55,27,399.0,518,Yes,Sunday,Yes,Yes,Returning,Delivery,1470.7
1814,2025-07-29,2025-07-29,12:42,Veg Sandwich,Snacks,1,179,179,UPI,Windy,27,178,48,130,179.0,399,No,Tuesday,No,No,Returning,Takeaway,605.9
1815,2025-11-26,2025-11-26,20:55,Margherita Pizza,Pizza,4,299,1196,Credit Card,Cloudy,33,134,16,118,299.0,603,Yes,Wednesday,No,No,Returning,Takeaway,1531.6
1816,2025-06-22,2025-06-22,04:39,Veg Sandwich,Snacks,4,179,716,Debit Card,Rainy,24,95,54,41,179.0,515,Yes,Sunday,Yes,No,New,Delivery,1025.6
1817,2025-12-23,2025-12-23,18:24,Soft Drink,Beverage,5,79,395,Debit Card,Windy,31,82,28,54,79.0,816,Yes,Tuesday,No,No,Returning,Delivery,912.5
1818,2025-01-20,2025-01-20,12:05,Spring Rolls,Starter,4,229,916,UPI,Cloudy,30,81,50,31,229.0,891,No,Monday,No,No,New,Dine-In,1447.6
1819,2025-08-14,2025-08-14,15:06,Veg Biryani,Main Course,1,249,249,Credit Card,Rainy,35,176,53,123,249.0,434,No,Thursday,No,Yes,New,Takeaway,483.9
1820,2025-06-29,2025-06-29,16:56,Margherita Pizza,Pizza,5,299,1495,Cash,Windy,18,92,46,46,299.0,340,No,Sunday,Yes,No,Returning,Takeaway,1824.5
1821,2025-07-12,2025-07-12,08:54,Paneer Tikka,Starter,5,299,1495,UPI,Windy,22,150,36,114,299.0,682,Yes,Saturday,Yes,No,New,Dine-In,2128.5
1822,2025-04-05,2025-04-05,17:21,Paneer Tikka,Starter,2,299,598,Credit Card,Rainy,22,172,46,126,299.0,671,Yes,Saturday,Yes,No,Returning,Delivery,1008.8
1823,2025-02-24,2025-02-24,07:50,Spring Rolls,Starter,5,229,1145,UPI,Windy,28,132,49,83,229.0,592,No,Monday,No,Yes,Returning,Takeaway,1382.5
1824,2025-11-07,2025-11-07,05:59,Paneer Tikka,Starter,4,299,1196,UPI,Rainy,18,170,49,121,299.0,755,Yes,Friday,No,No,Returning,Takeaway,1775.6
1825,2025-01-24,2025-01-24,23:51,Farmhouse Pizza,Pizza,5,399,1995,Credit Card,Rainy,31,97,18,79,399.0,425,Yes,Friday,No,Yes,Returning,Dine-In,2552.5
1826,2025-05-07,2025-05-07,16:54,Cheese Burger,Burger,4,199,796,Credit Card,Rainy,27,81,19,62,199.0,583,Yes,Wednesday,No,Yes,New,Dine-In,1027.6
1827,2025-11-13,2025-11-13,16:32,Soft Drink,Beverage,5,79,395,UPI,Sunny,25,102,40,62,79.0,572,No,Thursday,No,No,New,Dine-In,654.5
1828,2025-10-10,2025-10-10,16:30,Cheese Burger,Burger,1,199,199,Credit Card,Windy,28,168,49,119,199.0,883,Yes,Friday,No,No,Returning,Delivery,703.9
1829,2025-12-24,2025-12-24,20:20,Veg Biryani,Main Course,4,249,996,Cash,Sunny,31,90,57,33,249.0,518,Yes,Wednesday,No,No,New,Delivery,1567.6
1830,2025-02-26,2025-02-26,02:21,Masala Dosa,South Indian,2,199,398,Cash,Rainy,23,141,14,127,199.0,623,Yes,Wednesday,No,No,New,Takeaway,787.8
1831,2025-06-12,2025-06-12,21:01,Paneer Tikka,Starter,4,299,1196,UPI,Cloudy,23,89,55,34,299.0,705,No,Thursday,No,No,New,Takeaway,1705.6
1832,2025-10-02,2025-10-02,06:03,Soft Drink,Beverage,3,79,237,Cash,Sunny,27,143,32,111,79.0,705,No,Thursday,No,No,Returning,Delivery,511.7
1833,2025-04-20,2025-04-20,23:25,Cold Coffee,Beverage,4,149,596,Debit Card,Rainy,18,93,56,37,149.0,655,No,Sunday,Yes,Yes,New,Takeaway,863.6
1834,2025-03-23,2025-03-23,20:16,Masala Dosa,South Indian,1,199,199,Debit Card,Rainy,29,147,10,137,199.0,465,Yes,Sunday,Yes,No,Returning,Dine-In,486.9
1835,2025-03-14,2025-03-14,13:19,Veg Sandwich,Snacks,5,179,895,Debit Card,Cloudy,34,99,16,83,179.0,429,Yes,Friday,No,No,Returning,Delivery,1116.5
1836,2025-11-28,2025-11-28,21:28,Cold Coffee,Beverage,1,149,149,Debit Card,Rainy,31,168,45,123,149.0,616,Yes,Friday,No,Yes,New,Dine-In,396.9
1837,2025-12-04,2025-12-04,04:54,Masala Dosa,South Indian,5,199,995,Credit Card,Cloudy,33,169,51,118,199.0,471,Yes,Thursday,No,No,Returning,Delivery,1344.5
1838,2025-09-03,2025-09-03,16:19,Cheese Burger,Burger,4,199,796,UPI,Rainy,20,97,13,84,199.0,491,Yes,Wednesday,No,No,New,Delivery,1373.6
1839,2025-07-01,2025-07-01,23:33,Spring Rolls,Starter,3,229,687,UPI,Rainy,31,158,37,121,229.0,532,No,Tuesday,No,No,New,Dine-In,1173.7
1840,2025-06-22,2025-06-22,14:51,White Sauce Pasta,Pasta,5,249,1245,Debit Card,Sunny,26,171,23,148,249.0,542,No,Sunday,Yes,No,New,Delivery,1846.5
1841,2025-07-10,2025-07-10,07:38,Cold Coffee,Beverage,4,149,596,Cash,Windy,34,134,13,121,149.0,436,No,Thursday,No,No,Returning,Dine-In,1069.6
1842,2025-04-26,2025-04-26,00:12,Veg Biryani,Main Course,3,249,747,Cash,Rainy,24,128,59,69,249.0,480,Yes,Saturday,Yes,No,Returning,Takeaway,1309.7
1843,2025-08-21,2025-08-21,01:53,White Sauce Pasta,Pasta,2,249,498,UPI,Sunny,24,143,56,87,249.0,675,No,Thursday,No,No,New,Dine-In,1000.8
1844,2025-07-10,2025-07-10,19:03,Cold Coffee,Beverage,5,149,745,Cash,Windy,25,117,60,57,149.0,696,Yes,Thursday,No,No,New,Dine-In,1072.5
1845,2025-07-24,2025-07-24,22:02,Veg Sandwich,Snacks,4,179,716,Credit Card,Rainy,34,114,20,94,179.0,411,Yes,Thursday,No,No,Returning,Takeaway,1193.6
1846,2025-07-04,2025-07-04,03:35,Chole Bhature,Main Course,5,199,995,UPI,Windy,29,106,24,82,199.0,655,Yes,Friday,No,No,Returning,Dine-In,1482.5
1847,2025-12-10,2025-12-10,15:26,Farmhouse Pizza,Pizza,5,399,1995,Cash,Windy,18,148,38,110,399.0,517,Yes,Wednesday,No,No,Returning,Dine-In,2658.5
1848,2025-04-07,2025-04-07,17:05,Masala Dosa,South Indian,4,199,796,Credit Card,Windy,28,167,55,112,199.0,890,No,Monday,No,No,New,Takeaway,1012.6
1849,2025-12-30,2025-12-30,15:51,Soft Drink,Beverage,4,79,316,Debit Card,Rainy,23,169,38,131,79.0,833,Yes,Tuesday,No,Yes,New,Dine-In,702.6
1850,2025-05-30,2025-05-30,10:09,Veg Biryani,Main Course,1,249,249,Credit Card,Windy,23,102,21,81,249.0,522,Yes,Friday,No,No,Returning,Dine-In,762.9
1851,2025-01-22,2025-01-22,22:17,Spring Rolls,Starter,1,229,229,Credit Card,Sunny,30,98,23,75,229.0,894,No,Wednesday,No,No,Returning,Delivery,458.9
1852,2025-09-28,2025-09-28,13:19,Masala Dosa,South Indian,4,199,796,UPI,Rainy,18,177,22,155,199.0,859,Yes,Sunday,Yes,No,Returning,Dine-In,1233.6
1853,2025-04-29,2025-04-29,04:54,Cold Coffee,Beverage,3,149,447,UPI,Cloudy,22,139,21,118,149.0,535,Yes,Tuesday,No,No,New,Delivery,950.7
1854,2025-08-06,2025-08-06,00:46,Veg Biryani,Main Course,1,249,249,Debit Card,Rainy,28,150,52,98,249.0,416,No,Wednesday,No,No,Returning,Dine-In,410.9
1855,2025-03-22,2025-03-22,08:17,Cheese Burger,Burger,1,199,199,Credit Card,Cloudy,35,92,43,49,199.0,715,Yes,Saturday,Yes,No,New,Dine-In,498.9
1856,2025-08-13,2025-08-13,00:53,Farmhouse Pizza,Pizza,5,399,1995,Credit Card,Cloudy,21,120,14,106,399.0,555,Yes,Wednesday,No,No,New,Delivery,2573.5
1857,2025-03-30,2025-03-30,11:29,French Fries,Snacks,2,129,258,Debit Card,Rainy,35,140,53,87,129.0,405,No,Sunday,Yes,No,Returning,Delivery,594.8
1858,2025-02-14,2025-02-14,18:29,Paneer Tikka,Starter,4,299,1196,Credit Card,Rainy,31,92,41,51,299.0,828,No,Friday,No,No,New,Dine-In,1676.6
1859,2025-01-15,2025-01-15,16:29,Farmhouse Pizza,Pizza,5,399,1995,Credit Card,Cloudy,24,121,24,97,399.0,884,No,Wednesday,No,No,Returning,Dine-In,2595.5
1860,2025-05-13,2025-05-13,09:02,Margherita Pizza,Pizza,1,299,299,Cash,Cloudy,21,82,16,66,299.0,864,No,Tuesday,No,No,Returning,Takeaway,690.9
1861,2025-11-24,2025-11-24,19:07,Chole Bhature,Main Course,3,199,597,UPI,Sunny,24,180,42,138,199.0,727,Yes,Monday,No,No,New,Delivery,1012.7
1862,2025-12-07,2025-12-07,22:23,White Sauce Pasta,Pasta,4,249,996,UPI,Rainy,35,169,49,120,249.0,866,Yes,Sunday,Yes,No,New,Dine-In,1594.6
1863,2025-09-17,2025-09-17,18:34,Paneer Tikka,Starter,5,299,1495,Credit Card,Windy,25,161,46,115,299.0,851,No,Wednesday,No,No,Returning,Dine-In,1814.5
1864,2025-12-11,2025-12-11,22:50,Chole Bhature,Main Course,1,199,199,Cash,Rainy,18,142,19,123,199.0,754,No,Thursday,No,No,New,Takeaway,655.9
1865,2025-08-17,2025-08-17,18:00,Margherita Pizza,Pizza,4,299,1196,UPI,Cloudy,22,85,35,50,299.0,874,No,Sunday,Yes,No,Returning,Delivery,1758.6
1866,2025-08-13,2025-08-13,20:21,Chocolate Shake,Beverage,4,179,716,Debit Card,Sunny,25,100,56,44,179.0,780,Yes,Wednesday,No,Yes,New,Delivery,1242.6
1867,2025-04-16,2025-04-16,10:57,Paneer Tikka,Starter,1,299,299,Credit Card,Sunny,24,129,57,72,299.0,654,No,Wednesday,No,No,Returning,Takeaway,648.9
1868,2025-07-06,2025-07-06,22:35,Chocolate Shake,Beverage,4,179,716,Debit Card,Cloudy,24,144,17,127,179.0,594,No,Sunday,Yes,No,Returning,Delivery,1281.6
1869,2025-04-03,2025-04-03,18:54,White Sauce Pasta,Pasta,5,249,1245,UPI,Rainy,18,83,50,33,249.0,539,No,Thursday,No,No,New,Delivery,1622.5
1870,2025-04-22,2025-04-22,17:52,French Fries,Snacks,4,129,516,Credit Card,Sunny,26,155,15,140,129.0,810,No,Tuesday,No,No,New,Dine-In,996.6
1871,2025-10-28,2025-10-28,15:17,Chole Bhature,Main Course,3,199,597,Cash,Windy,25,91,26,65,199.0,402,Yes,Tuesday,No,No,New,Delivery,971.7
1872,2025-07-02,2025-07-02,04:46,Cheese Burger,Burger,5,199,995,Cash,Cloudy,26,80,16,64,199.0,459,No,Wednesday,No,No,Returning,Takeaway,1395.5
1873,2025-09-11,2025-09-11,21:26,Chole Bhature,Main Course,1,199,199,UPI,Cloudy,28,135,60,75,199.0,304,Yes,Thursday,No,No,Returning,Dine-In,703.9
1874,2025-08-28,2025-08-28,04:27,Margherita Pizza,Pizza,4,299,1196,Cash,Rainy,18,146,47,99,299.0,534,Yes,Thursday,No,Yes,New,Dine-In,1711.6
1875,2025-07-28,2025-07-28,14:47,Chole Bhature,Main Course,1,199,199,Cash,Rainy,31,129,60,69,199.0,408,Yes,Monday,No,Yes,Returning,Delivery,509.9
1876,2025-06-02,2025-06-02,09:18,Paneer Tikka,Starter,3,299,897,UPI,Cloudy,32,161,12,149,299.0,357,Yes,Monday,No,No,Returning,Takeaway,1429.7
1877,2025-11-02,2025-11-02,01:31,Chole Bhature,Main Course,2,199,398,Credit Card,Rainy,35,102,54,48,199.0,699,Yes,Sunday,Yes,No,New,Delivery,665.8
1878,2025-05-24,2025-05-24,06:45,Cold Coffee,Beverage,2,149,298,Cash,Rainy,31,101,19,82,149.0,630,Yes,Saturday,Yes,No,New,Dine-In,687.8
1879,2025-06-16,2025-06-16,01:46,Spring Rolls,Starter,1,229,229,Credit Card,Sunny,28,124,39,85,229.0,821,Yes,Monday,No,No,Returning,Takeaway,675.9
1880,2025-07-02,2025-07-02,08:00,Veg Biryani,Main Course,4,249,996,UPI,Cloudy,35,87,40,47,249.0,799,Yes,Wednesday,No,No,Returning,Takeaway,1345.6
1881,2025-06-22,2025-06-22,17:00,Spring Rolls,Starter,5,229,1145,Cash,Sunny,35,96,35,61,229.0,783,Yes,Sunday,Yes,No,Returning,Delivery,1453.5
1882,2025-08-10,2025-08-10,22:50,Chole Bhature,Main Course,3,199,597,Debit Card,Cloudy,30,145,14,131,199.0,864,No,Sunday,Yes,No,New,Delivery,1088.7
1883,2025-04-21,2025-04-21,18:37,Veg Biryani,Main Course,1,249,249,Cash,Sunny,24,139,57,82,249.0,815,No,Monday,No,No,Returning,Takeaway,604.9
1884,2025-08-19,2025-08-19,11:16,Veg Sandwich,Snacks,5,179,895,Cash,Cloudy,30,138,38,100,179.0,720,Yes,Tuesday,No,No,New,Dine-In,1149.5
1885,2025-04-03,2025-04-03,05:54,Chole Bhature,Main Course,5,199,995,Cash,Rainy,20,145,15,130,199.0,366,No,Thursday,No,No,Returning,Takeaway,1594.5
1886,2025-12-26,2025-12-26,16:56,Chocolate Shake,Beverage,3,179,537,Debit Card,Windy,18,114,57,57,179.0,508,No,Friday,No,No,Returning,Delivery,830.7
1887,2025-03-10,2025-03-10,14:31,French Fries,Snacks,5,129,645,Credit Card,Windy,28,177,51,126,129.0,679,No,Monday,No,No,New,Delivery,1111.5
1888,2025-01-16,2025-01-16,06:45,Cheese Burger,Burger,2,199,398,Debit Card,Windy,27,99,59,40,199.0,403,No,Thursday,No,No,New,Takeaway,863.8
1889,2025-03-02,2025-03-02,03:20,Veg Sandwich,Snacks,5,179,895,Debit Card,Rainy,18,159,40,119,179.0,655,No,Sunday,Yes,No,Returning,Dine-In,1243.5
1890,2025-09-08,2025-09-08,07:26,Margherita Pizza,Pizza,4,299,1196,Cash,Windy,35,129,26,103,299.0,432,No,Monday,No,No,New,Dine-In,1787.6
1891,2025-01-28,2025-01-28,15:54,Veg Biryani,Main Course,3,249,747,Credit Card,Windy,30,164,33,131,249.0,688,Yes,Tuesday,No,No,Returning,Dine-In,989.7
1892,2025-07-24,2025-07-24,17:39,Spring Rolls,Starter,5,229,1145,Debit Card,Sunny,32,180,18,162,229.0,859,Yes,Thursday,No,No,Returning,Dine-In,1683.5
1893,2025-10-14,2025-10-14,09:49,Cold Coffee,Beverage,5,149,745,Credit Card,Cloudy,26,99,24,75,149.0,895,Yes,Tuesday,No,Yes,Returning,Dine-In,1013.5
1894,2025-05-28,2025-05-28,10:36,Veg Burger,Burger,5,149,745,Credit Card,Windy,35,167,52,115,149.0,632,No,Wednesday,No,Yes,Returning,Takeaway,1159.5
1895,2025-10-29,2025-10-29,11:36,White Sauce Pasta,Pasta,3,249,747,Cash,Rainy,24,174,23,151,249.0,478,No,Wednesday,No,No,New,Delivery,953.7
1896,2025-10-10,2025-10-10,03:38,Paneer Tikka,Starter,1,299,299,UPI,Sunny,21,99,51,48,299.0,303,No,Friday,No,No,New,Dine-In,757.9
1897,2025-10-20,2025-10-20,12:31,Farmhouse Pizza,Pizza,2,399,798,UPI,Cloudy,29,132,28,104,399.0,735,Yes,Monday,No,No,New,Delivery,1052.8
1898,2025-02-07,2025-02-07,01:54,Spring Rolls,Starter,5,229,1145,Credit Card,Rainy,27,137,47,90,229.0,789,No,Friday,No,No,Returning,Delivery,1487.5
1899,2025-05-20,2025-05-20,05:09,Chocolate Shake,Beverage,1,179,179,Debit Card,Rainy,23,85,52,33,179.0,732,Yes,Tuesday,No,No,New,Delivery,492.9
1900,2025-01-07,2025-01-07,06:41,Cheese Burger,Burger,5,199,995,UPI,Rainy,22,169,10,159,199.0,685,No,Tuesday,No,No,New,Delivery,1533.5
1901,2025-10-22,2025-10-22,18:37,Masala Dosa,South Indian,2,199,398,UPI,Cloudy,20,174,58,116,199.0,303,No,Wednesday,No,No,Returning,Takeaway,792.8
1902,2025-11-04,2025-11-04,20:02,White Sauce Pasta,Pasta,3,249,747,Cash,Sunny,34,151,50,101,249.0,582,Yes,Tuesday,No,No,New,Takeaway,1087.7
1903,2025-03-19,2025-03-19,04:41,Cheese Burger,Burger,1,199,199,Cash,Cloudy,33,164,17,147,199.0,483,No,Wednesday,No,No,New,Dine-In,701.9
1904,2025-11-09,2025-11-09,00:43,White Sauce Pasta,Pasta,1,249,249,Debit Card,Cloudy,28,84,29,55,249.0,462,No,Sunday,Yes,No,New,Delivery,482.9
1905,2025-08-07,2025-08-07,17:25,Soft Drink,Beverage,3,79,237,Cash,Windy,35,161,18,143,79.0,398,Yes,Thursday,No,No,Returning,Delivery,374.7
1906,2025-05-31,2025-05-31,08:55,Veg Burger,Burger,1,149,149,Cash,Sunny,35,84,24,60,149.0,648,Yes,Saturday,Yes,No,Returning,Dine-In,480.9
1907,2025-06-18,2025-06-18,14:29,Veg Burger,Burger,3,149,447,UPI,Windy,22,157,25,132,149.0,486,No,Wednesday,No,No,Returning,Delivery,756.7
1908,2025-08-13,2025-08-13,04:20,Masala Dosa,South Indian,5,199,995,UPI,Windy,29,156,26,130,199.0,529,No,Wednesday,No,No,New,Dine-In,1374.5
1909,2025-11-04,2025-11-04,11:03,French Fries,Snacks,4,129,516,Debit Card,Sunny,35,93,53,40,129.0,642,No,Tuesday,No,No,Returning,Dine-In,694.6
1910,2025-02-11,2025-02-11,14:00,Cheese Burger,Burger,1,199,199,UPI,Cloudy,28,116,43,73,199.0,699,Yes,Tuesday,No,No,New,Dine-In,688.9
1911,2025-03-07,2025-03-07,01:09,Chole Bhature,Main Course,3,199,597,UPI,Windy,32,166,30,136,199.0,660,No,Friday,No,No,Returning,Takeaway,1045.7
1912,2025-08-31,2025-08-31,11:16,White Sauce Pasta,Pasta,2,249,498,Cash,Windy,29,154,49,105,249.0,362,No,Sunday,Yes,No,Returning,Dine-In,974.8
1913,2025-03-29,2025-03-29,19:32,Margherita Pizza,Pizza,1,299,299,UPI,Windy,35,159,27,132,299.0,487,No,Saturday,Yes,Yes,New,Takeaway,753.9
1914,2025-12-16,2025-12-16,08:30,Veg Biryani,Main Course,1,249,249,UPI,Cloudy,30,97,48,49,249.0,674,No,Tuesday,No,No,Returning,Dine-In,704.9
1915,2025-01-28,2025-01-28,20:04,Farmhouse Pizza,Pizza,1,399,399,Cash,Sunny,30,149,16,133,399.0,899,No,Tuesday,No,No,Returning,Delivery,701.9
1916,2025-07-12,2025-07-12,09:34,White Sauce Pasta,Pasta,4,249,996,UPI,Sunny,22,149,21,128,249.0,729,No,Saturday,Yes,No,New,Delivery,1520.6
1917,2025-10-04,2025-10-04,20:49,Farmhouse Pizza,Pizza,5,399,1995,UPI,Rainy,30,120,48,72,399.0,534,Yes,Saturday,Yes,No,New,Delivery,2489.5
1918,2025-06-23,2025-06-23,19:55,Chocolate Shake,Beverage,1,179,179,UPI,Rainy,30,85,29,56,179.0,780,No,Monday,No,No,Returning,Takeaway,373.9
1919,2025-10-30,2025-10-30,23:12,Margherita Pizza,Pizza,4,299,1196,Credit Card,Windy,26,135,29,106,299.0,422,Yes,Thursday,No,No,Returning,Dine-In,1617.6
1920,2025-05-12,2025-05-12,09:52,Spring Rolls,Starter,3,229,687,UPI,Rainy,31,104,45,59,229.0,614,Yes,Monday,No,No,Returning,Delivery,979.7
1921,2025-08-16,2025-08-16,22:39,Spring Rolls,Starter,3,229,687,Credit Card,Cloudy,34,115,38,77,229.0,656,No,Saturday,Yes,No,New,Dine-In,1139.7
1922,2025-10-11,2025-10-11,05:25,Paneer Tikka,Starter,4,299,1196,Cash,Sunny,18,110,51,59,299.0,872,Yes,Saturday,Yes,No,New,Takeaway,1459.6
1923,2025-10-14,2025-10-14,03:05,Chole Bhature,Main Course,3,199,597,UPI,Rainy,25,94,34,60,199.0,796,No,Tuesday,No,No,Returning,Delivery,1152.7
1924,2025-03-20,2025-03-20,04:21,Farmhouse Pizza,Pizza,3,399,1197,Credit Card,Windy,28,85,54,31,399.0,502,Yes,Thursday,No,Yes,Returning,Delivery,1657.7
1925,2025-04-02,2025-04-02,16:06,Soft Drink,Beverage,2,79,158,UPI,Sunny,22,164,23,141,79.0,832,Yes,Wednesday,No,Yes,Returning,Takeaway,412.8
1926,2025-05-10,2025-05-10,19:22,Cold Coffee,Beverage,1,149,149,Cash,Rainy,31,97,31,66,149.0,849,Yes,Saturday,Yes,Yes,Returning,Takeaway,633.9
1927,2025-03-07,2025-03-07,02:03,Veg Biryani,Main Course,3,249,747,UPI,Windy,18,144,12,132,249.0,440,Yes,Friday,No,No,Returning,Delivery,924.7
1928,2025-07-22,2025-07-22,23:36,Masala Dosa,South Indian,1,199,199,Debit Card,Rainy,34,165,34,131,199.0,501,Yes,Tuesday,No,No,Returning,Takeaway,384.9
1929,2025-09-11,2025-09-11,04:58,Chocolate Shake,Beverage,2,179,358,Cash,Rainy,19,119,15,104,179.0,378,No,Thursday,No,No,New,Takeaway,494.8
1930,2025-01-04,2025-01-04,16:58,White Sauce Pasta,Pasta,3,249,747,Credit Card,Cloudy,20,139,58,81,249.0,686,No,Saturday,Yes,No,New,Takeaway,1081.7
1931,2025-07-22,2025-07-22,03:46,Veg Sandwich,Snacks,1,179,179,Credit Card,Windy,22,128,21,107,179.0,688,No,Tuesday,No,No,New,Delivery,491.9
1932,2025-03-29,2025-03-29,19:19,White Sauce Pasta,Pasta,1,249,249,Credit Card,Cloudy,32,169,12,157,249.0,365,Yes,Saturday,Yes,No,New,Dine-In,564.9
1933,2025-10-12,2025-10-12,17:34,Chocolate Shake,Beverage,5,179,895,Debit Card,Windy,30,129,57,72,179.0,447,Yes,Sunday,Yes,No,Returning,Delivery,1234.5
1934,2025-11-18,2025-11-18,00:52,Veg Sandwich,Snacks,3,179,537,Cash,Cloudy,18,125,36,89,179.0,786,No,Tuesday,No,No,Returning,Takeaway,1017.7
1935,2025-09-08,2025-09-08,17:27,Chole Bhature,Main Course,1,199,199,Credit Card,Sunny,26,156,17,139,199.0,402,No,Monday,No,No,New,Delivery,708.9
1936,2025-01-25,2025-01-25,22:58,Chocolate Shake,Beverage,5,179,895,UPI,Cloudy,32,104,22,82,179.0,842,No,Saturday,Yes,No,New,Dine-In,1112.5
1937,2025-04-23,2025-04-23,04:55,White Sauce Pasta,Pasta,2,249,498,Debit Card,Rainy,30,129,31,98,249.0,571,Yes,Wednesday,No,No,Returning,Dine-In,711.8
1938,2025-09-12,2025-09-12,00:38,Chocolate Shake,Beverage,2,179,358,Debit Card,Cloudy,27,146,13,133,179.0,597,No,Friday,No,Yes,New,Delivery,828.8
1939,2025-05-26,2025-05-26,23:56,Margherita Pizza,Pizza,4,299,1196,Credit Card,Sunny,29,116,50,66,299.0,477,No,Monday,No,No,Returning,Delivery,1580.6
1940,2025-06-16,2025-06-16,07:45,White Sauce Pasta,Pasta,3,249,747,Cash,Cloudy,18,85,22,63,249.0,438,Yes,Monday,No,Yes,Returning,Takeaway,1251.7
1941,2025-04-04,2025-04-04,02:14,Farmhouse Pizza,Pizza,3,399,1197,Credit Card,Windy,29,85,41,44,399.0,386,No,Friday,No,No,Returning,Takeaway,1593.7
1942,2025-04-19,2025-04-19,16:45,Veg Burger,Burger,2,149,298,Credit Card,Windy,18,135,38,97,149.0,346,No,Saturday,Yes,No,New,Dine-In,673.8
1943,2025-10-01,2025-10-01,00:07,Cheese Burger,Burger,5,199,995,Cash,Sunny,21,173,59,114,199.0,522,Yes,Wednesday,No,No,Returning,Dine-In,1395.5
1944,2025-02-26,2025-02-26,15:02,Soft Drink,Beverage,1,79,79,Credit Card,Windy,28,122,55,67,79.0,581,Yes,Wednesday,No,No,Returning,Dine-In,482.9
1945,2025-01-21,2025-01-21,20:40,Chocolate Shake,Beverage,4,179,716,UPI,Cloudy,33,172,57,115,179.0,751,No,Tuesday,No,No,Returning,Delivery,908.6
1946,2025-12-17,2025-12-17,00:06,Margherita Pizza,Pizza,2,299,598,UPI,Cloudy,22,146,52,94,299.0,658,No,Wednesday,No,No,New,Takeaway,880.8
1947,2025-11-06,2025-11-06,09:42,White Sauce Pasta,Pasta,3,249,747,Cash,Cloudy,30,123,34,89,249.0,659,No,Thursday,No,No,Returning,Dine-In,1220.7
1948,2025-07-01,2025-07-01,09:12,Veg Burger,Burger,4,149,596,Credit Card,Sunny,26,179,53,126,149.0,406,Yes,Tuesday,No,No,New,Takeaway,882.6
1949,2025-11-03,2025-11-03,16:21,Cheese Burger,Burger,5,199,995,Credit Card,Sunny,25,101,49,52,199.0,866,No,Monday,No,No,New,Dine-In,1433.5
1950,2025-09-02,2025-09-02,19:30,White Sauce Pasta,Pasta,1,249,249,Cash,Windy,34,99,25,74,249.0,427,Yes,Tuesday,No,Yes,New,Dine-In,600.9
1951,2025-07-25,2025-07-25,11:38,Masala Dosa,South Indian,3,199,597,Cash,Windy,21,146,55,91,199.0,401,Yes,Friday,No,No,New,Takeaway,1090.7
1952,2025-11-28,2025-11-28,23:43,Chole Bhature,Main Course,5,199,995,Cash,Cloudy,31,103,60,43,199.0,356,No,Friday,No,No,New,Dine-In,1497.5
1953,2025-01-18,2025-01-18,16:57,Chole Bhature,Main Course,5,199,995,Cash,Rainy,26,80,22,58,199.0,382,Yes,Saturday,Yes,No,Returning,Delivery,1512.5
1954,2025-08-28,2025-08-28,07:07,Masala Dosa,South Indian,4,199,796,Debit Card,Windy,35,94,38,56,199.0,495,Yes,Thursday,No,No,Returning,Takeaway,1058.6
1955,2025-11-10,2025-11-10,19:41,Masala Dosa,South Indian,1,199,199,Cash,Rainy,21,132,27,105,199.0,573,Yes,Monday,No,No,Returning,Delivery,634.9
1956,2025-11-17,2025-11-17,04:39,Spring Rolls,Starter,1,229,229,Debit Card,Windy,22,96,43,53,229.0,449,Yes,Monday,No,No,Returning,Delivery,641.9
1957,2025-06-15,2025-06-15,01:26,Veg Burger,Burger,1,149,149,Cash,Rainy,21,159,18,141,149.0,314,Yes,Sunday,Yes,No,New,Dine-In,543.9
1958,2025-02-08,2025-02-08,22:46,Chole Bhature,Main Course,5,199,995,UPI,Cloudy,22,159,52,107,199.0,691,No,Saturday,Yes,No,Returning,Dine-In,1586.5
1959,2025-07-29,2025-07-29,10:13,Margherita Pizza,Pizza,5,299,1495,UPI,Cloudy,35,161,44,117,299.0,641,Yes,Tuesday,No,No,New,Dine-In,2021.5
1960,2025-10-02,2025-10-02,16:49,Cheese Burger,Burger,4,199,796,Credit Card,Sunny,23,116,13,103,199.0,552,No,Thursday,No,No,New,Takeaway,1130.6
1961,2025-08-02,2025-08-02,17:33,French Fries,Snacks,1,129,129,Debit Card,Rainy,22,166,25,141,129.0,570,Yes,Saturday,Yes,No,New,Dine-In,278.9
1962,2025-01-17,2025-01-17,17:30,Veg Biryani,Main Course,3,249,747,Cash,Cloudy,34,128,24,104,249.0,808,No,Friday,No,Yes,New,Delivery,1155.7
1963,2025-02-27,2025-02-27,14:18,Margherita Pizza,Pizza,3,299,897,Credit Card,Windy,19,137,56,81,299.0,411,Yes,Thursday,No,No,New,Delivery,1200.7
1964,2025-08-31,2025-08-31,19:45,White Sauce Pasta,Pasta,5,249,1245,Credit Card,Cloudy,34,151,48,103,249.0,576,No,Sunday,Yes,No,New,Dine-In,1570.5
1965,2025-03-21,2025-03-21,19:43,Cold Coffee,Beverage,3,149,447,Credit Card,Sunny,23,154,60,94,149.0,343,No,Friday,No,No,Returning,Takeaway,641.7
1966,2025-09-20,2025-09-20,04:44,Spring Rolls,Starter,3,229,687,Cash,Windy,26,127,46,81,229.0,589,Yes,Saturday,Yes,No,Returning,Dine-In,1197.7
1967,2025-02-27,2025-02-27,20:44,Spring Rolls,Starter,1,229,229,Debit Card,Windy,27,134,39,95,229.0,611,Yes,Thursday,No,Yes,New,Dine-In,464.9
1968,2025-09-10,2025-09-10,01:00,Paneer Tikka,Starter,5,299,1495,Cash,Sunny,32,176,52,124,299.0,458,No,Wednesday,No,No,New,Dine-In,2033.5
1969,2025-01-17,2025-01-17,05:59,Veg Burger,Burger,3,149,447,UPI,Cloudy,25,140,32,108,149.0,468,Yes,Friday,No,No,New,Delivery,769.7
1970,2025-03-07,2025-03-07,20:42,Spring Rolls,Starter,5,229,1145,Cash,Sunny,32,130,38,92,229.0,335,Yes,Friday,No,No,New,Dine-In,1469.5
1971,2025-09-24,2025-09-24,00:33,Soft Drink,Beverage,2,79,158,Debit Card,Cloudy,28,121,35,86,79.0,807,Yes,Wednesday,No,No,New,Takeaway,502.8
1972,2025-09-22,2025-09-22,12:26,French Fries,Snacks,1,129,129,Credit Card,Cloudy,27,178,23,155,129.0,393,Yes,Monday,No,No,New,Delivery,526.9
1973,2025-10-26,2025-10-26,23:51,Paneer Tikka,Starter,3,299,897,Cash,Windy,19,100,17,83,299.0,705,Yes,Sunday,Yes,No,New,Takeaway,1326.7
1974,2025-12-08,2025-12-08,18:48,Chole Bhature,Main Course,5,199,995,Credit Card,Windy,32,109,41,68,199.0,403,Yes,Monday,No,No,New,Delivery,1327.5
1975,2025-02-07,2025-02-07,12:13,Spring Rolls,Starter,2,229,458,UPI,Rainy,31,129,19,110,229.0,822,Yes,Friday,No,No,New,Takeaway,634.8
1976,2025-05-09,2025-05-09,07:35,French Fries,Snacks,2,129,258,Debit Card,Windy,24,151,30,121,129.0,647,Yes,Friday,No,No,New,Takeaway,470.8
1977,2025-10-19,2025-10-19,07:01,Margherita Pizza,Pizza,1,299,299,Cash,Cloudy,34,145,21,124,299.0,346,No,Sunday,Yes,No,New,Dine-In,633.9
1978,2025-05-22,2025-05-22,16:25,Masala Dosa,South Indian,2,199,398,Credit Card,Rainy,31,149,18,131,199.0,843,Yes,Thursday,No,No,Returning,Delivery,811.8
1979,2025-04-18,2025-04-18,21:53,Farmhouse Pizza,Pizza,2,399,798,Debit Card,Rainy,28,163,16,147,399.0,627,Yes,Friday,No,No,Returning,Delivery,1377.8
1980,2025-08-25,2025-08-25,11:39,Cheese Burger,Burger,3,199,597,Credit Card,Windy,19,150,40,110,199.0,840,No,Monday,No,No,New,Delivery,1148.7
1981,2025-01-05,2025-01-05,23:50,Paneer Tikka,Starter,3,299,897,UPI,Windy,24,114,32,82,299.0,807,No,Sunday,Yes,No,New,Dine-In,1247.7
1982,2025-06-13,2025-06-13,04:25,Veg Sandwich,Snacks,1,179,179,UPI,Windy,26,144,32,112,179.0,827,No,Friday,No,No,Returning,Takeaway,453.9
1983,2025-01-03,2025-01-03,09:30,Cold Coffee,Beverage,5,149,745,Debit Card,Sunny,26,168,34,134,149.0,348,Yes,Friday,No,No,New,Dine-In,1184.5
1984,2025-03-18,2025-03-18,06:33,Soft Drink,Beverage,1,79,79,UPI,Sunny,33,159,43,116,79.0,800,No,Tuesday,No,No,New,Takeaway,329.9
1985,2025-07-16,2025-07-16,13:21,Chole Bhature,Main Course,4,199,796,Cash,Windy,30,141,18,123,199.0,478,Yes,Wednesday,No,No,New,Delivery,1303.6
1986,2025-04-13,2025-04-13,02:19,Margherita Pizza,Pizza,4,299,1196,Debit Card,Sunny,19,112,15,97,299.0,481,Yes,Sunday,Yes,No,New,Dine-In,1778.6
1987,2025-03-22,2025-03-22,01:22,Veg Biryani,Main Course,5,249,1245,Cash,Cloudy,19,119,19,100,249.0,303,No,Saturday,Yes,No,Returning,Takeaway,1712.5
1988,2025-12-04,2025-12-04,01:16,Chocolate Shake,Beverage,2,179,358,Cash,Sunny,26,152,17,135,179.0,711,Yes,Thursday,No,No,Returning,Delivery,511.8
1989,2025-05-25,2025-05-25,14:00,Masala Dosa,South Indian,4,199,796,Debit Card,Windy,25,139,47,92,199.0,766,Yes,Sunday,Yes,No,Returning,Delivery,1124.6
1990,2025-03-08,2025-03-08,08:05,Cheese Burger,Burger,1,199,199,UPI,Sunny,19,87,33,54,199.0,340,No,Saturday,Yes,No,New,Takeaway,633.9
1991,2025-07-24,2025-07-24,05:51,Paneer Tikka,Starter,3,299,897,Credit Card,Rainy,21,148,34,114,299.0,539,Yes,Thursday,No,No,Returning,Dine-In,1251.7
1992,2025-09-05,2025-09-05,22:36,Soft Drink,Beverage,4,79,316,Credit Card,Rainy,24,162,12,150,79.0,381,No,Friday,No,No,New,Dine-In,549.6
1993,2025-12-30,2025-12-30,23:01,Chole Bhature,Main Course,3,199,597,UPI,Sunny,19,169,12,157,199.0,360,Yes,Tuesday,No,No,Returning,Takeaway,971.7
1994,2025-01-25,2025-01-25,07:29,Chocolate Shake,Beverage,5,179,895,Credit Card,Cloudy,20,146,21,125,179.0,363,No,Saturday,Yes,No,New,Delivery,1340.5
1995,2025-07-03,2025-07-03,12:33,Veg Biryani,Main Course,5,249,1245,Cash,Cloudy,23,180,41,139,249.0,528,No,Thursday,No,No,Returning,Dine-In,1592.5
1996,2025-03-09,2025-03-09,03:16,Veg Sandwich,Snacks,1,179,179,UPI,Rainy,33,147,18,129,179.0,498,No,Sunday,Yes,No,New,Dine-In,523.9
1997,2025-11-06,2025-11-06,21:54,French Fries,Snacks,5,129,645,Cash,Sunny,24,162,15,147,129.0,541,No,Thursday,No,No,Returning,Delivery,1189.5
1998,2025-09-30,2025-09-30,08:33,Soft Drink,Beverage,4,79,316,UPI,Rainy,29,167,47,120,79.0,426,Yes,Tuesday,No,No,Returning,Takeaway,825.6
1999,2025-01-12,2025-01-12,23:53,Chocolate Shake,Beverage,5,179,895,UPI,Rainy,20,103,22,81,179.0,885,Yes,Sunday,Yes,No,Returning,Delivery,1392.5
2000,2025-12-20,2025-12-20,12:55,Cold Coffee,Beverage,2,149,298,Debit Card,Rainy,28,151,46,105,149.0,440,No,Saturday,Yes,No,New,Delivery,464.8
2001,2025-11-11,2025-11-11,22:50,Spring Rolls,Starter,1,229,229,Debit Card,Rainy,31,177,13,164,229.0,318,No,Tuesday,No,Yes,New,Delivery,527.9
2002,2025-04-09,2025-04-09,09:02,Chocolate Shake,Beverage,3,179,537,Credit Card,Cloudy,30,118,28,90,179.0,397,Yes,Wednesday,No,Yes,Returning,Takeaway,954.7
2003,2025-01-21,2025-01-21,01:21,Veg Burger,Burger,3,149,447,Debit Card,Windy,28,85,20,65,149.0,307,Yes,Tuesday,No,No,Returning,Takeaway,674.7
2004,2025-05-07,2025-05-07,20:23,Soft Drink,Beverage,5,79,395,UPI,Cloudy,34,155,55,100,79.0,759,Yes,Wednesday,No,No,Returning,Dine-In,550.5
2005,2025-06-18,2025-06-18,01:19,Cold Coffee,Beverage,2,149,298,Cash,Sunny,23,112,51,61,149.0,877,No,Wednesday,No,No,Returning,Dine-In,704.8
2006,2025-07-05,2025-07-05,07:36,Cheese Burger,Burger,5,199,995,UPI,Rainy,27,137,56,81,199.0,717,Yes,Saturday,Yes,No,Returning,Dine-In,1406.5
2007,2025-01-09,2025-01-09,08:04,Chole Bhature,Main Course,3,199,597,Debit Card,Windy,21,112,55,57,199.0,665,No,Thursday,No,No,Returning,Takeaway,793.7
2008,2025-07-01,2025-07-01,07:51,Soft Drink,Beverage,5,79,395,UPI,Windy,19,171,29,142,79.0,495,Yes,Tuesday,No,No,Returning,Takeaway,562.5
2009,2025-07-02,2025-07-02,12:05,Farmhouse Pizza,Pizza,1,399,399,Credit Card,Rainy,31,167,32,135,399.0,323,Yes,Wednesday,No,No,Returning,Dine-In,907.9
2010,2025-03-14,2025-03-14,21:26,French Fries,Snacks,5,129,645,Debit Card,Windy,18,85,45,40,129.0,538,No,Friday,No,No,Returning,Takeaway,901.5
2011,2025-06-24,2025-06-24,04:33,Farmhouse Pizza,Pizza,1,399,399,Cash,Windy,32,165,35,130,399.0,381,No,Tuesday,No,No,New,Takeaway,562.9
2012,2025-04-20,2025-04-20,07:45,White Sauce Pasta,Pasta,1,249,249,Credit Card,Cloudy,21,93,54,39,249.0,861,Yes,Sunday,Yes,No,New,Takeaway,482.9
2013,2025-08-30,2025-08-30,13:13,White Sauce Pasta,Pasta,1,249,249,UPI,Sunny,25,105,24,81,249.0,836,Yes,Saturday,Yes,No,Returning,Takeaway,741.9
2014,2025-02-24,2025-02-24,18:09,Margherita Pizza,Pizza,3,299,897,Cash,Rainy,18,146,32,114,299.0,787,Yes,Monday,No,No,Returning,Dine-In,1329.7
2015,2025-06-23,2025-06-23,22:28,Chole Bhature,Main Course,2,199,398,Credit Card,Rainy,19,138,58,80,199.0,735,No,Monday,No,No,New,Takeaway,748.8
2016,2025-04-12,2025-04-12,20:21,Veg Sandwich,Snacks,4,179,716,UPI,Sunny,35,94,34,60,179.0,727,No,Saturday,Yes,Yes,Returning,Dine-In,984.6
2017,2025-12-26,2025-12-26,17:46,French Fries,Snacks,1,129,129,UPI,Windy,27,140,48,92,129.0,717,Yes,Friday,No,No,Returning,Dine-In,429.9
2018,2025-11-23,2025-11-23,16:25,Margherita Pizza,Pizza,2,299,598,Credit Card,Cloudy,35,177,53,124,299.0,610,No,Sunday,Yes,No,New,Delivery,773.8
2019,2025-11-27,2025-11-27,16:07,Paneer Tikka,Starter,4,299,1196,Credit Card,Windy,26,81,54,27,299.0,694,No,Thursday,No,No,New,Takeaway,1691.6
2020,2025-03-29,2025-03-29,01:55,Soft Drink,Beverage,2,79,158,UPI,Cloudy,33,177,28,149,79.0,424,Yes,Saturday,Yes,No,New,Dine-In,598.8
2021,2025-01-16,2025-01-16,02:14,Veg Burger,Burger,2,149,298,Debit Card,Rainy,29,147,31,116,149.0,672,No,Thursday,No,No,New,Dine-In,672.8
2022,2025-10-27,2025-10-27,21:27,Chocolate Shake,Beverage,1,179,179,Debit Card,Windy,27,81,25,56,179.0,823,No,Monday,No,No,Returning,Takeaway,466.9
2023,2025-03-18,2025-03-18,09:42,Farmhouse Pizza,Pizza,4,399,1596,Credit Card,Windy,24,89,39,50,399.0,489,No,Tuesday,No,Yes,Returning,Takeaway,2234.6
2024,2025-06-12,2025-06-12,14:45,Veg Burger,Burger,2,149,298,Credit Card,Windy,30,173,22,151,149.0,486,No,Thursday,No,No,New,Dine-In,719.8
2025,2025-08-06,2025-08-06,06:23,Cold Coffee,Beverage,5,149,745,Credit Card,Sunny,18,116,21,95,149.0,899,Yes,Wednesday,No,No,New,Takeaway,1248.5
2026,2025-06-25,2025-06-25,08:47,Chole Bhature,Main Course,2,199,398,Cash,Rainy,20,80,10,70,199.0,359,No,Wednesday,No,No,Returning,Delivery,539.8
2027,2025-02-24,2025-02-24,13:22,Veg Biryani,Main Course,2,249,498,Credit Card,Windy,31,159,33,126,249.0,402,Yes,Monday,No,No,New,Takeaway,748.8
2028,2025-09-15,2025-09-15,15:56,Veg Burger,Burger,5,149,745,Debit Card,Windy,33,85,28,57,149.0,598,Yes,Monday,No,No,Returning,Delivery,1227.5
2029,2025-02-12,2025-02-12,21:59,Masala Dosa,South Indian,5,199,995,Debit Card,Cloudy,22,141,35,106,199.0,342,Yes,Wednesday,No,No,New,Delivery,1309.5
2030,2025-01-16,2025-01-16,04:19,Veg Biryani,Main Course,1,249,249,Debit Card,Windy,30,143,58,85,249.0,421,Yes,Thursday,No,No,New,Takeaway,530.9
2031,2025-03-21,2025-03-21,16:35,Veg Burger,Burger,3,149,447,Cash,Windy,32,85,23,62,149.0,848,Yes,Friday,No,No,New,Delivery,747.7
2032,2025-02-12,2025-02-12,22:05,Chocolate Shake,Beverage,3,179,537,Cash,Cloudy,31,163,11,152,179.0,451,Yes,Wednesday,No,No,New,Takeaway,848.7
2033,2025-02-13,2025-02-13,14:46,Veg Burger,Burger,4,149,596,Cash,Rainy,34,117,24,93,149.0,855,No,Thursday,No,No,New,Takeaway,769.6
2034,2025-08-18,2025-08-18,16:34,Margherita Pizza,Pizza,5,299,1495,Credit Card,Rainy,34,171,38,133,299.0,751,No,Monday,No,No,Returning,Takeaway,2013.5
2035,2025-04-01,2025-04-01,08:16,Paneer Tikka,Starter,1,299,299,Debit Card,Cloudy,21,120,32,88,299.0,790,Yes,Tuesday,No,No,Returning,Dine-In,588.9
2036,2025-10-03,2025-10-03,09:06,Cheese Burger,Burger,5,199,995,Debit Card,Cloudy,29,154,38,116,199.0,534,Yes,Friday,No,No,Returning,Dine-In,1332.5
2037,2025-10-26,2025-10-26,19:10,Paneer Tikka,Starter,1,299,299,UPI,Sunny,27,127,21,106,299.0,618,Yes,Sunday,Yes,No,New,Dine-In,706.9
2038,2025-12-03,2025-12-03,11:29,Cheese Burger,Burger,2,199,398,Debit Card,Cloudy,22,92,15,77,199.0,477,Yes,Wednesday,No,No,New,Takeaway,707.8
2039,2025-08-09,2025-08-09,01:56,Farmhouse Pizza,Pizza,4,399,1596,UPI,Cloudy,24,165,60,105,399.0,799,Yes,Saturday,Yes,No,Returning,Dine-In,1913.6
2040,2025-04-19,2025-04-19,10:39,Margherita Pizza,Pizza,2,299,598,Cash,Cloudy,25,117,41,76,299.0,812,Yes,Saturday,Yes,No,Returning,Delivery,949.8
2041,2025-06-14,2025-06-14,12:08,Soft Drink,Beverage,3,79,237,Credit Card,Cloudy,20,159,19,140,79.0,889,No,Saturday,Yes,No,New,Takeaway,428.7
2042,2025-07-07,2025-07-07,06:49,Veg Burger,Burger,2,149,298,Credit Card,Windy,29,153,28,125,149.0,301,No,Monday,No,Yes,Returning,Takeaway,538.8
2043,2025-10-02,2025-10-02,08:46,Veg Biryani,Main Course,3,249,747,Credit Card,Cloudy,31,127,56,71,249.0,527,Yes,Thursday,No,Yes,Returning,Dine-In,988.7
2044,2025-06-07,2025-06-07,19:13,White Sauce Pasta,Pasta,2,249,498,Credit Card,Sunny,19,125,18,107,249.0,710,Yes,Saturday,Yes,No,New,Dine-In,697.8
2045,2025-09-29,2025-09-29,23:24,Veg Biryani,Main Course,4,249,996,Debit Card,Rainy,34,121,41,80,249.0,746,Yes,Monday,No,No,New,Delivery,1219.6
2046,2025-02-24,2025-02-24,17:30,Veg Burger,Burger,3,149,447,Credit Card,Rainy,28,178,54,124,149.0,418,Yes,Monday,No,No,New,Takeaway,982.7
2047,2025-06-06,2025-06-06,00:22,Spring Rolls,Starter,3,229,687,Credit Card,Rainy,28,89,22,67,229.0,370,No,Friday,No,No,Returning,Takeaway,896.7
2048,2025-12-02,2025-12-02,14:55,Soft Drink,Beverage,4,79,316,UPI,Sunny,29,168,47,121,79.0,588,Yes,Tuesday,No,No,Returning,Delivery,597.6
2049,2025-03-09,2025-03-09,02:27,Veg Sandwich,Snacks,1,179,179,Debit Card,Sunny,35,178,10,168,179.0,677,No,Sunday,Yes,No,New,Takeaway,315.9
2050,2025-12-02,2025-12-02,16:50,Masala Dosa,South Indian,2,199,398,Credit Card,Sunny,35,119,49,70,199.0,331,No,Tuesday,No,No,Returning,Takeaway,884.8
2051,2025-05-09,2025-05-09,01:58,Masala Dosa,South Indian,4,199,796,UPI,Sunny,26,179,24,155,199.0,682,Yes,Friday,No,No,New,Takeaway,1306.6
2052,2025-03-30,2025-03-30,21:38,Chocolate Shake,Beverage,3,179,537,UPI,Windy,33,104,56,48,179.0,341,Yes,Sunday,Yes,No,Returning,Delivery,706.7
2053,2025-02-21,2025-02-21,20:34,Veg Sandwich,Snacks,3,179,537,Debit Card,Cloudy,26,120,53,67,179.0,834,No,Friday,No,No,Returning,Takeaway,826.7
2054,2025-01-30,2025-01-30,06:27,Chocolate Shake,Beverage,5,179,895,Credit Card,Rainy,30,110,56,54,179.0,373,Yes,Thursday,No,No,New,Dine-In,1262.5
2055,2025-10-11,2025-10-11,09:18,Cheese Burger,Burger,1,199,199,Cash,Cloudy,20,130,46,84,199.0,491,Yes,Saturday,Yes,No,New,Dine-In,654.9
2056,2025-02-04,2025-02-04,04:14,White Sauce Pasta,Pasta,4,249,996,Cash,Rainy,35,163,58,105,249.0,353,No,Tuesday,No,No,New,Delivery,1466.6
2057,2025-02-23,2025-02-23,15:17,Cold Coffee,Beverage,3,149,447,Debit Card,Windy,23,104,50,54,149.0,666,No,Sunday,Yes,Yes,Returning,Takeaway,682.7
2058,2025-04-12,2025-04-12,19:48,Spring Rolls,Starter,2,229,458,Cash,Cloudy,33,163,46,117,229.0,783,No,Saturday,Yes,No,New,Takeaway,767.8
2059,2025-09-02,2025-09-02,23:04,Veg Sandwich,Snacks,3,179,537,UPI,Sunny,23,86,34,52,179.0,418,Yes,Tuesday,No,No,New,Takeaway,1086.7
2060,2025-05-11,2025-05-11,23:58,Cold Coffee,Beverage,5,149,745,Cash,Rainy,19,107,19,88,149.0,460,No,Sunday,Yes,No,New,Delivery,1285.5
2061,2025-05-26,2025-05-26,10:52,French Fries,Snacks,4,129,516,Cash,Rainy,26,85,54,31,129.0,507,Yes,Monday,No,No,Returning,Delivery,1038.6
2062,2025-03-07,2025-03-07,17:24,Paneer Tikka,Starter,5,299,1495,Credit Card,Windy,28,168,40,128,299.0,668,Yes,Friday,No,No,Returning,Takeaway,1831.5
2063,2025-05-09,2025-05-09,13:03,Cheese Burger,Burger,3,199,597,Credit Card,Windy,34,116,23,93,199.0,522,Yes,Friday,No,No,New,Dine-In,964.7
2064,2025-10-21,2025-10-21,10:51,Soft Drink,Beverage,4,79,316,Cash,Cloudy,33,102,38,64,79.0,870,No,Tuesday,No,No,Returning,Delivery,841.6
2065,2025-04-19,2025-04-19,02:11,Margherita Pizza,Pizza,1,299,299,Cash,Windy,27,85,14,71,299.0,738,No,Saturday,Yes,No,New,Delivery,825.9
2066,2025-11-02,2025-11-02,02:36,White Sauce Pasta,Pasta,2,249,498,Credit Card,Sunny,21,144,51,93,249.0,627,Yes,Sunday,Yes,No,Returning,Dine-In,955.8
2067,2025-06-27,2025-06-27,16:23,Veg Sandwich,Snacks,1,179,179,UPI,Windy,29,117,27,90,179.0,384,Yes,Friday,No,No,New,Delivery,379.9
2068,2025-01-14,2025-01-14,20:34,Veg Burger,Burger,1,149,149,UPI,Rainy,23,118,28,90,149.0,469,No,Tuesday,No,Yes,Returning,Dine-In,657.9
2069,2025-02-25,2025-02-25,08:04,Chocolate Shake,Beverage,1,179,179,Cash,Cloudy,30,108,40,68,179.0,711,Yes,Tuesday,No,No,New,Delivery,694.9
2070,2025-03-24,2025-03-24,17:11,Paneer Tikka,Starter,4,299,1196,Credit Card,Rainy,21,177,42,135,299.0,462,Yes,Monday,No,No,New,Takeaway,1577.6
2071,2025-05-28,2025-05-28,16:46,French Fries,Snacks,4,129,516,Credit Card,Cloudy,20,167,43,124,129.0,318,No,Wednesday,No,Yes,New,Delivery,958.6
2072,2025-09-25,2025-09-25,03:25,Farmhouse Pizza,Pizza,3,399,1197,Cash,Windy,21,144,18,126,399.0,583,No,Thursday,No,No,New,Dine-In,1589.7
2073,2025-09-16,2025-09-16,20:22,Veg Sandwich,Snacks,2,179,358,Credit Card,Sunny,23,160,19,141,179.0,468,No,Tuesday,No,No,New,Takeaway,623.8
2074,2025-05-04,2025-05-04,22:48,Masala Dosa,South Indian,1,199,199,UPI,Windy,34,127,28,99,199.0,390,Yes,Sunday,Yes,No,New,Takeaway,383.9
2075,2025-02-26,2025-02-26,23:51,Farmhouse Pizza,Pizza,4,399,1596,Credit Card,Cloudy,22,143,12,131,399.0,553,No,Wednesday,No,No,Returning,Delivery,2119.6
2076,2025-11-15,2025-11-15,16:52,Chole Bhature,Main Course,3,199,597,Cash,Windy,25,121,33,88,199.0,730,Yes,Saturday,Yes,No,Returning,Takeaway,805.7
2077,2025-11-03,2025-11-03,03:14,Veg Biryani,Main Course,3,249,747,Debit Card,Windy,20,116,38,78,249.0,573,No,Monday,No,No,New,Delivery,938.7
2078,2025-04-26,2025-04-26,16:04,Cheese Burger,Burger,3,199,597,Debit Card,Sunny,23,109,29,80,199.0,764,No,Saturday,Yes,No,New,Dine-In,918.7
2079,2025-01-20,2025-01-20,11:20,Cheese Burger,Burger,4,199,796,Credit Card,Rainy,34,160,25,135,199.0,304,Yes,Monday,No,No,New,Dine-In,1047.6
2080,2025-04-22,2025-04-22,07:37,Cheese Burger,Burger,1,199,199,Debit Card,Rainy,33,167,56,111,199.0,447,No,Tuesday,No,Yes,New,Delivery,457.9
2081,2025-08-13,2025-08-13,08:47,Margherita Pizza,Pizza,4,299,1196,Cash,Cloudy,26,142,21,121,299.0,806,No,Wednesday,No,No,Returning,Dine-In,1675.6
2082,2025-01-30,2025-01-30,01:07,Veg Biryani,Main Course,3,249,747,Credit Card,Rainy,35,173,38,135,249.0,344,Yes,Thursday,No,No,Returning,Takeaway,1026.7
2083,2025-08-13,2025-08-13,04:32,Chocolate Shake,Beverage,1,179,179,Debit Card,Windy,26,117,28,89,179.0,435,No,Wednesday,No,No,Returning,Delivery,484.9
2084,2025-05-28,2025-05-28,15:19,Soft Drink,Beverage,5,79,395,Debit Card,Sunny,33,128,52,76,79.0,366,No,Wednesday,No,No,Returning,Delivery,848.5
2085,2025-01-10,2025-01-10,02:35,French Fries,Snacks,1,129,129,Cash,Windy,30,151,40,111,129.0,472,No,Friday,No,No,New,Takeaway,540.9
2086,2025-05-18,2025-05-18,02:15,Veg Burger,Burger,2,149,298,Cash,Sunny,24,82,50,32,149.0,475,Yes,Sunday,Yes,No,New,Dine-In,675.8
2087,2025-08-16,2025-08-16,14:07,Chocolate Shake,Beverage,3,179,537,Debit Card,Sunny,25,130,15,115,179.0,702,Yes,Saturday,Yes,No,New,Takeaway,745.7
2088,2025-02-15,2025-02-15,02:43,Veg Sandwich,Snacks,3,179,537,UPI,Cloudy,20,97,57,40,179.0,665,No,Saturday,Yes,No,New,Takeaway,909.7
2089,2025-01-14,2025-01-14,23:08,Veg Biryani,Main Course,2,249,498,UPI,Rainy,33,99,16,83,249.0,579,No,Tuesday,No,No,Returning,Delivery,884.8
2090,2025-12-01,2025-12-01,02:19,Veg Biryani,Main Course,1,249,249,Debit Card,Rainy,26,155,53,102,249.0,783,No,Monday,No,No,Returning,Dine-In,396.9
2091,2025-02-16,2025-02-16,11:42,Veg Biryani,Main Course,2,249,498,Debit Card,Cloudy,32,113,23,90,249.0,872,No,Sunday,Yes,No,Returning,Takeaway,1044.8
2092,2025-03-24,2025-03-24,18:53,Soft Drink,Beverage,5,79,395,Credit Card,Sunny,27,148,38,110,79.0,513,No,Monday,No,No,Returning,Takeaway,861.5
2093,2025-06-13,2025-06-13,14:02,Spring Rolls,Starter,3,229,687,Credit Card,Sunny,32,143,55,88,229.0,826,No,Friday,No,No,Returning,Dine-In,1224.7
2094,2025-06-16,2025-06-16,12:57,Paneer Tikka,Starter,4,299,1196,Cash,Windy,20,123,30,93,299.0,866,No,Monday,No,No,Returning,Dine-In,1715.6
2095,2025-12-28,2025-12-28,20:36,Veg Sandwich,Snacks,1,179,179,Debit Card,Cloudy,19,117,19,98,179.0,748,No,Sunday,Yes,No,Returning,Delivery,511.9
2096,2025-10-19,2025-10-19,20:06,Masala Dosa,South Indian,4,199,796,Debit Card,Cloudy,24,94,57,37,199.0,405,No,Sunday,Yes,No,Returning,Delivery,1277.6
2097,2025-11-15,2025-11-15,10:01,Cheese Burger,Burger,4,199,796,Credit Card,Windy,23,86,41,45,199.0,529,Yes,Saturday,Yes,No,Returning,Takeaway,1124.6
2098,2025-05-29,2025-05-29,10:52,Veg Biryani,Main Course,5,249,1245,Cash,Rainy,26,165,26,139,249.0,827,Yes,Thursday,No,Yes,Returning,Dine-In,1519.5
2099,2025-01-18,2025-01-18,02:06,Cold Coffee,Beverage,5,149,745,Cash,Windy,23,105,12,93,149.0,797,No,Saturday,Yes,No,New,Delivery,1163.5
2100,2025-12-11,2025-12-11,15:17,Chocolate Shake,Beverage,3,179,537,Credit Card,Sunny,26,104,43,61,179.0,830,Yes,Thursday,No,No,Returning,Dine-In,716.7
2101,2025-06-27,2025-06-27,14:18,French Fries,Snacks,3,129,387,Debit Card,Cloudy,31,145,19,126,129.0,468,Yes,Friday,No,No,New,Delivery,627.7
2102,2025-04-23,2025-04-23,05:17,Masala Dosa,South Indian,1,199,199,Credit Card,Cloudy,24,129,26,103,199.0,682,Yes,Wednesday,No,No,Returning,Dine-In,437.9
2103,2025-10-08,2025-10-08,08:07,Paneer Tikka,Starter,2,299,598,Cash,Sunny,31,137,51,86,299.0,312,Yes,Wednesday,No,No,New,Delivery,824.8
2104,2025-02-24,2025-02-24,09:37,Soft Drink,Beverage,3,79,237,Cash,Sunny,25,92,31,61,79.0,449,No,Monday,No,No,New,Delivery,509.7
2105,2025-12-11,2025-12-11,18:51,Cold Coffee,Beverage,5,149,745,Credit Card,Windy,35,156,43,113,149.0,467,No,Thursday,No,No,New,Takeaway,1004.5
2106,2025-07-18,2025-07-18,03:13,Chole Bhature,Main Course,5,199,995,Debit Card,Sunny,35,139,42,97,199.0,828,Yes,Friday,No,No,New,Delivery,1278.5
2107,2025-07-05,2025-07-05,13:47,Veg Biryani,Main Course,4,249,996,Cash,Rainy,25,117,44,73,249.0,351,Yes,Saturday,Yes,No,Returning,Delivery,1241.6
2108,2025-11-21,2025-11-21,22:47,Margherita Pizza,Pizza,4,299,1196,UPI,Rainy,32,162,40,122,299.0,469,Yes,Friday,No,No,Returning,Delivery,1543.6
2109,2025-07-20,2025-07-20,20:11,Farmhouse Pizza,Pizza,4,399,1596,UPI,Windy,29,159,57,102,399.0,698,No,Sunday,Yes,No,New,Dine-In,1919.6
2110,2025-04-06,2025-04-06,19:21,Farmhouse Pizza,Pizza,5,399,1995,Credit Card,Cloudy,34,110,51,59,399.0,855,Yes,Sunday,Yes,No,Returning,Dine-In,2586.5
2111,2025-04-21,2025-04-21,08:08,Veg Burger,Burger,1,149,149,Cash,Cloudy,28,120,54,66,149.0,899,No,Monday,No,No,Returning,Delivery,563.9
2112,2025-05-02,2025-05-02,05:47,Paneer Tikka,Starter,5,299,1495,Cash,Sunny,20,80,40,40,299.0,455,No,Friday,No,No,Returning,Takeaway,1998.5
2113,2025-03-27,2025-03-27,23:27,Chole Bhature,Main Course,2,199,398,Credit Card,Cloudy,33,132,44,88,199.0,884,Yes,Thursday,No,No,New,Takeaway,772.8
2114,2025-12-28,2025-12-28,11:54,Cold Coffee,Beverage,4,149,596,Cash,Windy,25,163,47,116,149.0,824,Yes,Sunday,Yes,No,New,Takeaway,998.6
2115,2025-10-03,2025-10-03,01:55,Cheese Burger,Burger,2,199,398,UPI,Sunny,19,81,22,59,199.0,777,Yes,Friday,No,Yes,Returning,Delivery,790.8
2116,2025-03-07,2025-03-07,07:16,White Sauce Pasta,Pasta,1,249,249,Debit Card,Cloudy,22,104,17,87,249.0,571,Yes,Friday,No,No,New,Delivery,457.9
2117,2025-08-11,2025-08-11,15:29,Masala Dosa,South Indian,4,199,796,UPI,Cloudy,28,132,13,119,199.0,731,No,Monday,No,No,Returning,Delivery,1060.6
2118,2025-03-28,2025-03-28,00:14,Cheese Burger,Burger,2,199,398,Credit Card,Rainy,25,148,57,91,199.0,580,No,Friday,No,No,Returning,Delivery,825.8
2119,2025-07-23,2025-07-23,07:51,Farmhouse Pizza,Pizza,2,399,798,UPI,Cloudy,19,130,31,99,399.0,342,No,Wednesday,No,No,Returning,Delivery,1026.8
2120,2025-08-30,2025-08-30,01:21,Cold Coffee,Beverage,4,149,596,Debit Card,Sunny,34,112,38,74,149.0,422,No,Saturday,Yes,No,Returning,Takeaway,919.6
2121,2025-11-08,2025-11-08,00:37,Margherita Pizza,Pizza,2,299,598,Credit Card,Sunny,18,177,43,134,299.0,380,Yes,Saturday,Yes,No,Returning,Takeaway,1126.8
2122,2025-02-12,2025-02-12,23:28,Farmhouse Pizza,Pizza,5,399,1995,UPI,Rainy,19,159,33,126,399.0,323,Yes,Wednesday,No,No,Returning,Takeaway,2542.5
2123,2025-06-16,2025-06-16,10:38,Paneer Tikka,Starter,2,299,598,Debit Card,Cloudy,31,83,58,25,299.0,670,Yes,Monday,No,No,New,Dine-In,1041.8
2124,2025-11-27,2025-11-27,11:54,White Sauce Pasta,Pasta,5,249,1245,UPI,Cloudy,29,135,45,90,249.0,428,Yes,Thursday,No,No,New,Delivery,1521.5
2125,2025-01-18,2025-01-18,12:05,Spring Rolls,Starter,4,229,916,Debit Card,Cloudy,29,137,12,125,229.0,444,No,Saturday,Yes,No,New,Delivery,1217.6
2126,2025-09-22,2025-09-22,08:01,Chocolate Shake,Beverage,1,179,179,UPI,Cloudy,23,101,23,78,179.0,304,No,Monday,No,No,New,Dine-In,562.9
2127,2025-08-03,2025-08-03,16:27,Soft Drink,Beverage,2,79,158,Debit Card,Windy,34,87,16,71,79.0,561,Yes,Sunday,Yes,No,New,Takeaway,518.8
2128,2025-12-02,2025-12-02,14:51,Masala Dosa,South Indian,3,199,597,Debit Card,Windy,24,102,60,42,199.0,867,No,Tuesday,No,No,New,Delivery,833.7
2129,2025-02-06,2025-02-06,07:36,Margherita Pizza,Pizza,2,299,598,Credit Card,Sunny,33,167,19,148,299.0,675,Yes,Thursday,No,No,Returning,Takeaway,925.8
2130,2025-03-11,2025-03-11,11:58,Margherita Pizza,Pizza,5,299,1495,Credit Card,Windy,19,126,32,94,299.0,772,No,Tuesday,No,No,New,Dine-In,1748.5
2131,2025-01-20,2025-01-20,17:52,Soft Drink,Beverage,2,79,158,Debit Card,Cloudy,35,147,30,117,79.0,840,Yes,Monday,No,No,Returning,Dine-In,393.8
2132,2025-01-24,2025-01-24,01:12,Margherita Pizza,Pizza,2,299,598,Debit Card,Windy,24,111,36,75,299.0,737,Yes,Friday,No,No,Returning,Delivery,848.8
2133,2025-08-21,2025-08-21,17:30,Paneer Tikka,Starter,4,299,1196,Cash,Windy,23,164,54,110,299.0,695,Yes,Thursday,No,Yes,New,Dine-In,1417.6
2134,2025-12-18,2025-12-18,16:46,Cold Coffee,Beverage,3,149,447,Credit Card,Sunny,27,104,45,59,149.0,697,Yes,Thursday,No,No,Returning,Delivery,789.7
2135,2025-05-07,2025-05-07,17:11,Veg Biryani,Main Course,2,249,498,Cash,Rainy,24,104,48,56,249.0,312,Yes,Wednesday,No,No,Returning,Dine-In,716.8
2136,2025-06-30,2025-06-30,01:03,French Fries,Snacks,5,129,645,Credit Card,Sunny,35,132,24,108,129.0,394,Yes,Monday,No,No,Returning,Dine-In,1181.5
2137,2025-02-22,2025-02-22,09:49,White Sauce Pasta,Pasta,2,249,498,Cash,Windy,35,143,24,119,249.0,577,No,Saturday,Yes,No,New,Delivery,776.8
2138,2025-04-03,2025-04-03,15:11,Veg Burger,Burger,1,149,149,Debit Card,Rainy,31,164,32,132,149.0,649,Yes,Thursday,No,No,Returning,Dine-In,373.9
2139,2025-03-14,2025-03-14,01:19,Spring Rolls,Starter,1,229,229,Credit Card,Rainy,23,87,56,31,229.0,720,Yes,Friday,No,No,Returning,Dine-In,666.9
2140,2025-12-14,2025-12-14,14:03,Cold Coffee,Beverage,2,149,298,Debit Card,Sunny,19,111,17,94,149.0,402,No,Sunday,Yes,No,New,Takeaway,657.8
2141,2025-04-24,2025-04-24,23:44,Chocolate Shake,Beverage,3,179,537,UPI,Cloudy,31,112,41,71,179.0,384,No,Thursday,No,No,Returning,Dine-In,826.7
2142,2025-07-25,2025-07-25,08:56,Cheese Burger,Burger,2,199,398,UPI,Cloudy,34,171,51,120,199.0,750,No,Friday,No,No,Returning,Dine-In,664.8
2143,2025-01-24,2025-01-24,07:19,White Sauce Pasta,Pasta,1,249,249,UPI,Sunny,21,122,21,101,249.0,370,Yes,Friday,No,No,Returning,Delivery,446.9
2144,2025-04-19,2025-04-19,02:45,French Fries,Snacks,2,129,258,UPI,Cloudy,21,121,50,71,129.0,668,Yes,Saturday,Yes,No,New,Dine-In,448.8
2145,2025-04-11,2025-04-11,14:53,Soft Drink,Beverage,1,79,79,UPI,Cloudy,34,86,43,43,79.0,644,Yes,Friday,No,No,New,Dine-In,478.9
2146,2025-06-20,2025-06-20,22:00,Veg Sandwich,Snacks,3,179,537,UPI,Sunny,29,161,16,145,179.0,408,No,Friday,No,No,Returning,Delivery,821.7
2147,2025-12-02,2025-12-02,16:59,Chole Bhature,Main Course,2,199,398,UPI,Windy,32,179,43,136,199.0,600,Yes,Tuesday,No,No,Returning,Takeaway,658.8
2148,2025-11-14,2025-11-14,12:40,Cold Coffee,Beverage,3,149,447,UPI,Sunny,18,153,44,109,149.0,762,No,Friday,No,No,Returning,Takeaway,741.7
2149,2025-09-15,2025-09-15,15:38,Cold Coffee,Beverage,5,149,745,Debit Card,Sunny,22,120,56,64,149.0,540,Yes,Monday,No,Yes,New,Takeaway,955.5
2150,2025-06-23,2025-06-23,01:43,Cheese Burger,Burger,3,199,597,UPI,Cloudy,32,180,12,168,199.0,370,Yes,Monday,No,No,Returning,Delivery,1060.7
2151,2025-05-07,2025-05-07,13:00,Soft Drink,Beverage,2,79,158,UPI,Windy,31,134,15,119,79.0,730,Yes,Wednesday,No,No,New,Dine-In,608.8
2152,2025-02-25,2025-02-25,17:43,Veg Sandwich,Snacks,5,179,895,Cash,Cloudy,30,142,60,82,179.0,721,No,Tuesday,No,No,New,Dine-In,1314.5
2153,2025-08-24,2025-08-24,01:13,French Fries,Snacks,2,129,258,Debit Card,Windy,31,131,39,92,129.0,872,No,Sunday,Yes,No,New,Delivery,515.8
2154,2025-01-31,2025-01-31,02:44,Cold Coffee,Beverage,1,149,149,Cash,Windy,29,176,51,125,149.0,387,No,Friday,No,No,New,Dine-In,556.9
2155,2025-07-13,2025-07-13,23:28,Cheese Burger,Burger,1,199,199,UPI,Windy,29,128,60,68,199.0,677,No,Sunday,Yes,No,Returning,Takeaway,399.9
2156,2025-02-14,2025-02-14,08:37,Margherita Pizza,Pizza,3,299,897,UPI,Windy,32,154,26,128,299.0,374,Yes,Friday,No,No,New,Dine-In,1227.7
2157,2025-07-08,2025-07-08,05:23,Veg Biryani,Main Course,4,249,996,Cash,Windy,21,140,44,96,249.0,788,No,Tuesday,No,No,New,Delivery,1324.6
2158,2025-08-29,2025-08-29,03:29,Chole Bhature,Main Course,1,199,199,Cash,Windy,22,114,37,77,199.0,434,No,Friday,No,No,Returning,Takeaway,462.9
2159,2025-08-07,2025-08-07,05:30,Paneer Tikka,Starter,5,299,1495,Cash,Windy,31,85,11,74,299.0,872,Yes,Thursday,No,No,Returning,Delivery,2104.5
2160,2025-07-24,2025-07-24,20:16,Soft Drink,Beverage,5,79,395,Credit Card,Windy,35,84,13,71,79.0,665,Yes,Thursday,No,No,Returning,Delivery,556.5
2161,2025-02-17,2025-02-17,04:03,Veg Biryani,Main Course,1,249,249,Debit Card,Rainy,33,118,32,86,249.0,670,No,Monday,No,No,New,Dine-In,762.9
2162,2025-02-18,2025-02-18,10:54,Veg Sandwich,Snacks,2,179,358,UPI,Sunny,20,84,41,43,179.0,743,No,Tuesday,No,No,Returning,Takeaway,795.8
2163,2025-02-26,2025-02-26,06:51,Chole Bhature,Main Course,5,199,995,Cash,Cloudy,23,87,58,29,199.0,677,No,Wednesday,No,No,Returning,Takeaway,1196.5
2164,2025-04-01,2025-04-01,02:01,Spring Rolls,Starter,4,229,916,Credit Card,Cloudy,28,118,57,61,229.0,784,Yes,Tuesday,No,No,New,Delivery,1122.6
2165,2025-08-31,2025-08-31,16:25,French Fries,Snacks,5,129,645,Credit Card,Windy,24,138,35,103,129.0,623,No,Sunday,Yes,No,New,Takeaway,935.5
2166,2025-07-15,2025-07-15,01:59,Veg Burger,Burger,1,149,149,Cash,Sunny,34,152,59,93,149.0,645,No,Tuesday,No,No,New,Delivery,339.9
2167,2025-06-24,2025-06-24,00:15,Margherita Pizza,Pizza,2,299,598,Debit Card,Rainy,30,150,41,109,299.0,722,No,Tuesday,No,No,New,Takeaway,831.8
2168,2025-12-27,2025-12-27,13:18,White Sauce Pasta,Pasta,4,249,996,Cash,Windy,21,134,55,79,249.0,796,No,Saturday,Yes,No,New,Dine-In,1377.6
2169,2025-06-13,2025-06-13,18:23,Margherita Pizza,Pizza,4,299,1196,Debit Card,Sunny,27,169,31,138,299.0,747,No,Friday,No,No,Returning,Delivery,1779.6
2170,2025-02-22,2025-02-22,05:24,Margherita Pizza,Pizza,2,299,598,Credit Card,Cloudy,29,92,52,40,299.0,646,Yes,Saturday,Yes,No,Returning,Dine-In,907.8
2171,2025-03-12,2025-03-12,02:58,Masala Dosa,South Indian,2,199,398,UPI,Sunny,32,179,41,138,199.0,501,Yes,Wednesday,No,No,New,Delivery,850.8
2172,2025-04-17,2025-04-17,15:09,Paneer Tikka,Starter,1,299,299,UPI,Sunny,20,154,56,98,299.0,350,Yes,Thursday,No,No,Returning,Delivery,552.9
2173,2025-01-05,2025-01-05,19:08,Paneer Tikka,Starter,3,299,897,UPI,Windy,19,161,44,117,299.0,895,Yes,Sunday,Yes,No,Returning,Takeaway,1421.7
2174,2025-12-22,2025-12-22,13:20,Paneer Tikka,Starter,4,299,1196,Credit Card,Cloudy,32,158,34,124,299.0,610,Yes,Monday,No,No,Returning,Dine-In,1695.6
2175,2025-02-26,2025-02-26,16:44,Farmhouse Pizza,Pizza,3,399,1197,Debit Card,Rainy,26,122,22,100,399.0,333,No,Wednesday,No,No,New,Dine-In,1479.7
2176,2025-09-07,2025-09-07,08:40,Chole Bhature,Main Course,4,199,796,UPI,Sunny,21,140,54,86,199.0,749,No,Sunday,Yes,No,New,Delivery,1282.6
2177,2025-06-23,2025-06-23,13:59,Soft Drink,Beverage,2,79,158,Credit Card,Windy,35,136,33,103,79.0,535,Yes,Monday,No,No,New,Dine-In,539.8
2178,2025-07-30,2025-07-30,12:25,French Fries,Snacks,3,129,387,UPI,Rainy,21,140,26,114,129.0,514,Yes,Wednesday,No,No,Returning,Delivery,563.7
2179,2025-12-12,2025-12-12,15:07,Cold Coffee,Beverage,5,149,745,UPI,Cloudy,20,119,16,103,149.0,570,No,Friday,No,No,New,Delivery,927.5
2180,2025-08-20,2025-08-20,17:11,Farmhouse Pizza,Pizza,1,399,399,Credit Card,Cloudy,19,85,31,54,399.0,668,Yes,Wednesday,No,No,Returning,Dine-In,908.9
2181,2025-03-01,2025-03-01,09:36,Veg Burger,Burger,1,149,149,UPI,Sunny,31,147,31,116,149.0,458,No,Saturday,Yes,No,New,Dine-In,543.9
2182,2025-03-21,2025-03-21,07:35,White Sauce Pasta,Pasta,3,249,747,Cash,Rainy,18,92,13,79,249.0,544,Yes,Friday,No,No,New,Delivery,1065.7
2183,2025-04-29,2025-04-29,16:13,Chocolate Shake,Beverage,5,179,895,Debit Card,Windy,27,149,45,104,179.0,323,Yes,Tuesday,No,No,Returning,Delivery,1282.5
2184,2025-04-24,2025-04-24,10:27,Veg Biryani,Main Course,3,249,747,Credit Card,Rainy,22,118,33,85,249.0,606,Yes,Thursday,No,No,Returning,Delivery,1296.7
2185,2025-10-02,2025-10-02,06:39,Masala Dosa,South Indian,1,199,199,Credit Card,Cloudy,21,169,22,147,199.0,590,No,Thursday,No,No,Returning,Takeaway,518.9
2186,2025-05-21,2025-05-21,13:35,Chocolate Shake,Beverage,5,179,895,Credit Card,Windy,25,87,23,64,179.0,516,Yes,Wednesday,No,No,Returning,Delivery,1145.5
2187,2025-02-24,2025-02-24,00:53,French Fries,Snacks,3,129,387,Cash,Rainy,35,159,13,146,129.0,452,No,Monday,No,Yes,New,Delivery,634.7
2188,2025-09-15,2025-09-15,19:20,Veg Burger,Burger,1,149,149,Credit Card,Rainy,27,145,23,122,149.0,885,Yes,Monday,No,No,Returning,Dine-In,381.9
2189,2025-01-11,2025-01-11,14:18,Paneer Tikka,Starter,4,299,1196,UPI,Rainy,25,170,26,144,299.0,871,No,Saturday,Yes,No,New,Takeaway,1763.6
2190,2025-02-06,2025-02-06,20:59,Paneer Tikka,Starter,2,299,598,Credit Card,Cloudy,35,160,32,128,299.0,844,No,Thursday,No,No,New,Takeaway,966.8
2191,2025-12-21,2025-12-21,20:04,Cold Coffee,Beverage,5,149,745,UPI,Cloudy,21,91,38,53,149.0,751,No,Sunday,Yes,No,New,Dine-In,1109.5
2192,2025-03-30,2025-03-30,12:21,Farmhouse Pizza,Pizza,3,399,1197,Cash,Rainy,23,96,25,71,399.0,355,Yes,Sunday,Yes,No,New,Delivery,1649.7
2193,2025-03-27,2025-03-27,09:12,Cheese Burger,Burger,3,199,597,Cash,Windy,29,149,24,125,199.0,578,Yes,Thursday,No,No,New,Dine-In,968.7
2194,2025-04-26,2025-04-26,02:14,Spring Rolls,Starter,2,229,458,Cash,Cloudy,27,146,34,112,229.0,506,No,Saturday,Yes,No,Returning,Delivery,770.8
2195,2025-03-17,2025-03-17,09:52,Cheese Burger,Burger,4,199,796,Cash,Windy,31,162,48,114,199.0,497,No,Monday,No,No,New,Takeaway,1163.6
2196,2025-08-31,2025-08-31,20:46,Paneer Tikka,Starter,3,299,897,Credit Card,Cloudy,33,90,21,69,299.0,499,No,Sunday,Yes,No,Returning,Dine-In,1284.7
2197,2025-01-22,2025-01-22,23:58,Veg Biryani,Main Course,1,249,249,Credit Card,Rainy,27,127,26,101,249.0,436,No,Wednesday,No,No,New,Takeaway,743.9
2198,2025-05-14,2025-05-14,17:06,Veg Burger,Burger,5,149,745,Credit Card,Rainy,29,95,39,56,149.0,308,Yes,Wednesday,No,No,New,Dine-In,1040.5
2199,2025-06-23,2025-06-23,05:53,Cold Coffee,Beverage,1,149,149,UPI,Cloudy,19,109,18,91,149.0,494,No,Monday,No,No,New,Dine-In,380.9
2200,2025-02-20,2025-02-20,13:38,Veg Sandwich,Snacks,4,179,716,UPI,Rainy,31,118,27,91,179.0,684,Yes,Thursday,No,No,New,Dine-In,1194.6
2201,2025-07-29,2025-07-29,02:18,French Fries,Snacks,2,129,258,UPI,Cloudy,19,129,17,112,129.0,495,Yes,Tuesday,No,No,New,Dine-In,694.8
2202,2025-02-05,2025-02-05,18:30,Cheese Burger,Burger,1,199,199,Debit Card,Sunny,29,150,22,128,199.0,883,Yes,Wednesday,No,Yes,Returning,Dine-In,430.9
2203,2025-04-29,2025-04-29,06:05,Cheese Burger,Burger,1,199,199,UPI,Rainy,27,147,34,113,199.0,702,Yes,Tuesday,No,No,Returning,Delivery,622.9
2204,2025-04-20,2025-04-20,22:09,Spring Rolls,Starter,5,229,1145,Credit Card,Sunny,33,120,35,85,229.0,349,No,Sunday,Yes,No,New,Dine-In,1532.5
2205,2025-03-19,2025-03-19,17:09,Chole Bhature,Main Course,1,199,199,Cash,Rainy,35,133,18,115,199.0,455,No,Wednesday,No,No,Returning,Dine-In,333.9
2206,2025-10-10,2025-10-10,12:47,White Sauce Pasta,Pasta,2,249,498,Credit Card,Windy,25,81,52,29,249.0,836,No,Friday,No,No,New,Delivery,896.8
2207,2025-10-14,2025-10-14,01:10,Masala Dosa,South Indian,1,199,199,Debit Card,Windy,27,125,37,88,199.0,621,Yes,Tuesday,No,No,Returning,Delivery,570.9
2208,2025-04-20,2025-04-20,02:01,French Fries,Snacks,2,129,258,UPI,Windy,18,109,15,94,129.0,800,Yes,Sunday,Yes,No,Returning,Takeaway,596.8
2209,2025-07-19,2025-07-19,09:19,White Sauce Pasta,Pasta,5,249,1245,Credit Card,Sunny,28,126,37,89,249.0,821,Yes,Saturday,Yes,No,New,Dine-In,1765.5
2210,2025-08-01,2025-08-01,18:47,Farmhouse Pizza,Pizza,2,399,798,Debit Card,Rainy,33,140,20,120,399.0,344,Yes,Friday,No,No,Returning,Delivery,1072.8
2211,2025-04-03,2025-04-03,21:14,Farmhouse Pizza,Pizza,5,399,1995,Credit Card,Sunny,23,128,40,88,399.0,855,Yes,Thursday,No,No,Returning,Delivery,2326.5
2212,2025-08-01,2025-08-01,14:04,Spring Rolls,Starter,2,229,458,Debit Card,Sunny,20,126,50,76,229.0,628,Yes,Friday,No,No,New,Takeaway,831.8
2213,2025-11-16,2025-11-16,23:23,Veg Burger,Burger,5,149,745,Debit Card,Cloudy,21,155,29,126,149.0,794,No,Sunday,Yes,No,Returning,Takeaway,1094.5
2214,2025-07-19,2025-07-19,02:25,Soft Drink,Beverage,1,79,79,Credit Card,Windy,25,81,47,34,79.0,725,Yes,Saturday,Yes,No,New,Delivery,330.9
2215,2025-10-23,2025-10-23,05:32,Soft Drink,Beverage,1,79,79,Debit Card,Sunny,20,144,18,126,79.0,324,No,Thursday,No,No,Returning,Takeaway,192.9
2216,2025-01-07,2025-01-07,07:41,Cold Coffee,Beverage,3,149,447,Cash,Cloudy,25,137,51,86,149.0,580,No,Tuesday,No,No,New,Takeaway,976.7
2217,2025-10-25,2025-10-25,17:27,White Sauce Pasta,Pasta,4,249,996,UPI,Cloudy,35,148,56,92,249.0,601,No,Saturday,Yes,No,New,Delivery,1275.6
2218,2025-05-31,2025-05-31,10:52,Veg Burger,Burger,2,149,298,Cash,Cloudy,18,115,20,95,149.0,364,Yes,Saturday,Yes,No,Returning,Delivery,760.8
2219,2025-04-18,2025-04-18,10:35,Farmhouse Pizza,Pizza,4,399,1596,Cash,Cloudy,23,93,17,76,399.0,451,Yes,Friday,No,No,New,Delivery,2227.6
2220,2025-12-25,2025-12-25,01:50,Margherita Pizza,Pizza,3,299,897,Debit Card,Rainy,33,141,19,122,299.0,703,No,Thursday,No,No,New,Takeaway,1441.7
2221,2025-12-27,2025-12-27,18:39,Chole Bhature,Main Course,5,199,995,Credit Card,Windy,21,160,22,138,199.0,613,Yes,Saturday,Yes,No,New,Takeaway,1244.5
2222,2025-01-04,2025-01-04,10:20,Chocolate Shake,Beverage,2,179,358,UPI,Windy,21,101,14,87,179.0,478,No,Saturday,Yes,No,Returning,Delivery,860.8
2223,2025-01-12,2025-01-12,14:20,Cold Coffee,Beverage,2,149,298,Cash,Cloudy,21,140,12,128,149.0,765,Yes,Sunday,Yes,No,New,Takeaway,669.8
2224,2025-11-04,2025-11-04,10:19,Cold Coffee,Beverage,4,149,596,Debit Card,Windy,25,110,60,50,149.0,879,Yes,Tuesday,No,No,Returning,Dine-In,815.6
2225,2025-01-26,2025-01-26,13:51,Cold Coffee,Beverage,4,149,596,Credit Card,Cloudy,26,172,13,159,149.0,544,No,Sunday,Yes,No,New,Delivery,1043.6
2226,2025-06-17,2025-06-17,17:40,Veg Burger,Burger,5,149,745,UPI,Windy,25,170,33,137,149.0,445,No,Tuesday,No,No,New,Delivery,992.5
2227,2025-09-22,2025-09-22,18:24,French Fries,Snacks,1,129,129,UPI,Cloudy,35,124,24,100,129.0,712,Yes,Monday,No,No,New,Takeaway,348.9
2228,2025-05-31,2025-05-31,02:32,Veg Burger,Burger,1,149,149,Credit Card,Windy,19,108,23,85,149.0,553,Yes,Saturday,Yes,No,Returning,Dine-In,341.9
2229,2025-02-21,2025-02-21,14:54,Chocolate Shake,Beverage,5,179,895,UPI,Cloudy,22,90,33,57,179.0,897,No,Friday,No,No,Returning,Dine-In,1459.5
2230,2025-03-19,2025-03-19,12:14,Masala Dosa,South Indian,1,199,199,Credit Card,Rainy,32,144,30,114,199.0,531,Yes,Wednesday,No,No,New,Delivery,462.9
2231,2025-03-20,2025-03-20,18:06,Soft Drink,Beverage,1,79,79,Credit Card,Sunny,33,84,23,61,79.0,556,Yes,Thursday,No,No,Returning,Takeaway,528.9
2232,2025-05-04,2025-05-04,11:17,Farmhouse Pizza,Pizza,3,399,1197,UPI,Cloudy,22,137,56,81,399.0,768,Yes,Sunday,Yes,No,Returning,Delivery,1416.7
2233,2025-03-15,2025-03-15,21:34,French Fries,Snacks,1,129,129,Credit Card,Cloudy,30,134,47,87,129.0,307,Yes,Saturday,Yes,No,Returning,Delivery,541.9
2234,2025-08-06,2025-08-06,20:33,White Sauce Pasta,Pasta,3,249,747,Debit Card,Windy,21,137,12,125,249.0,470,Yes,Wednesday,No,No,Returning,Takeaway,1272.7
2235,2025-05-14,2025-05-14,04:09,French Fries,Snacks,2,129,258,Credit Card,Rainy,29,140,37,103,129.0,884,No,Wednesday,No,No,Returning,Takeaway,414.8
2236,2025-09-16,2025-09-16,12:07,Margherita Pizza,Pizza,4,299,1196,Credit Card,Windy,34,118,19,99,299.0,766,Yes,Tuesday,No,No,New,Delivery,1653.6
2237,2025-11-22,2025-11-22,04:20,Chocolate Shake,Beverage,2,179,358,Credit Card,Sunny,29,145,15,130,179.0,644,Yes,Saturday,Yes,No,Returning,Dine-In,642.8
2238,2025-10-04,2025-10-04,11:32,Veg Biryani,Main Course,5,249,1245,Credit Card,Windy,25,139,27,112,249.0,701,No,Saturday,Yes,No,New,Delivery,1578.5
2239,2025-05-28,2025-05-28,13:11,Veg Biryani,Main Course,4,249,996,Cash,Windy,32,171,24,147,249.0,462,Yes,Wednesday,No,No,Returning,Takeaway,1538.6
2240,2025-06-18,2025-06-18,22:24,Veg Biryani,Main Course,5,249,1245,Cash,Windy,23,105,42,63,249.0,448,Yes,Wednesday,No,No,Returning,Takeaway,1614.5
2241,2025-07-18,2025-07-18,21:06,French Fries,Snacks,2,129,258,Debit Card,Windy,25,169,33,136,129.0,705,Yes,Friday,No,No,New,Dine-In,644.8
2242,2025-10-22,2025-10-22,23:00,Masala Dosa,South Indian,1,199,199,Credit Card,Rainy,33,147,43,104,199.0,417,Yes,Wednesday,No,No,Returning,Takeaway,646.9
2243,2025-05-28,2025-05-28,01:34,Veg Biryani,Main Course,5,249,1245,UPI,Sunny,28,144,35,109,249.0,322,Yes,Wednesday,No,Yes,Returning,Dine-In,1696.5
2244,2025-11-21,2025-11-21,21:57,Veg Burger,Burger,3,149,447,Debit Card,Rainy,35,138,32,106,149.0,612,No,Friday,No,No,Returning,Takeaway,797.7
2245,2025-02-05,2025-02-05,01:26,Soft Drink,Beverage,3,79,237,Debit Card,Sunny,26,113,48,65,79.0,831,No,Wednesday,No,No,Returning,Takeaway,509.7
2246,2025-03-10,2025-03-10,10:45,Paneer Tikka,Starter,3,299,897,UPI,Rainy,29,128,54,74,299.0,837,Yes,Monday,No,Yes,New,Takeaway,1248.7
2247,2025-12-09,2025-12-09,13:59,Chole Bhature,Main Course,3,199,597,UPI,Rainy,23,175,53,122,199.0,788,No,Tuesday,No,No,New,Delivery,1009.7
2248,2025-02-24,2025-02-24,17:17,Veg Burger,Burger,4,149,596,Cash,Rainy,24,132,18,114,149.0,441,Yes,Monday,No,No,New,Takeaway,1050.6
2249,2025-03-16,2025-03-16,18:15,Paneer Tikka,Starter,3,299,897,Debit Card,Windy,24,127,33,94,299.0,540,No,Sunday,Yes,No,New,Delivery,1246.7
2250,2025-05-10,2025-05-10,05:00,Cold Coffee,Beverage,4,149,596,Debit Card,Rainy,27,179,23,156,149.0,427,No,Saturday,Yes,No,New,Delivery,833.6
2251,2025-07-18,2025-07-18,08:27,Spring Rolls,Starter,5,229,1145,Debit Card,Cloudy,25,97,40,57,229.0,846,No,Friday,No,No,New,Takeaway,1400.5
2252,2025-09-16,2025-09-16,12:05,Chole Bhature,Main Course,4,199,796,Cash,Cloudy,34,118,10,108,199.0,539,Yes,Tuesday,No,No,Returning,Delivery,1372.6
2253,2025-06-18,2025-06-18,16:02,Farmhouse Pizza,Pizza,1,399,399,UPI,Rainy,32,111,16,95,399.0,404,Yes,Wednesday,No,No,New,Takeaway,768.9
2254,2025-05-15,2025-05-15,03:36,Margherita Pizza,Pizza,4,299,1196,Cash,Sunny,28,94,54,40,299.0,583,No,Thursday,No,No,Returning,Dine-In,1770.6
2255,2025-08-20,2025-08-20,08:18,Veg Biryani,Main Course,3,249,747,Credit Card,Cloudy,28,168,34,134,249.0,775,No,Wednesday,No,No,Returning,Dine-In,1243.7
2256,2025-12-16,2025-12-16,10:43,Masala Dosa,South Indian,2,199,398,Debit Card,Windy,21,108,15,93,199.0,877,Yes,Tuesday,No,No,Returning,Dine-In,810.8
2257,2025-12-25,2025-12-25,22:16,Cheese Burger,Burger,1,199,199,Debit Card,Cloudy,30,130,46,84,199.0,323,Yes,Thursday,No,No,New,Dine-In,638.9
2258,2025-04-21,2025-04-21,19:56,Farmhouse Pizza,Pizza,2,399,798,Credit Card,Rainy,29,139,33,106,399.0,877,No,Monday,No,No,New,Takeaway,1291.8
2259,2025-09-19,2025-09-19,06:19,Chole Bhature,Main Course,5,199,995,Cash,Rainy,26,171,24,147,199.0,350,No,Friday,No,No,New,Dine-In,1493.5
2260,2025-05-08,2025-05-08,01:40,French Fries,Snacks,5,129,645,Cash,Windy,20,140,54,86,129.0,300,Yes,Thursday,No,No,Returning,Takeaway,912.5
2261,2025-09-15,2025-09-15,09:29,Chole Bhature,Main Course,5,199,995,Credit Card,Sunny,35,83,54,29,199.0,486,Yes,Monday,No,No,Returning,Dine-In,1432.5
2262,2025-05-11,2025-05-11,10:08,Veg Sandwich,Snacks,1,179,179,UPI,Windy,27,99,13,86,179.0,777,No,Sunday,Yes,No,New,Takeaway,558.9
2263,2025-09-17,2025-09-17,15:59,Soft Drink,Beverage,1,79,79,Credit Card,Sunny,29,90,10,80,79.0,893,No,Wednesday,No,No,Returning,Takeaway,247.9
2264,2025-09-03,2025-09-03,14:00,Soft Drink,Beverage,1,79,79,Debit Card,Windy,27,83,50,33,79.0,567,Yes,Wednesday,No,No,New,Dine-In,581.9
2265,2025-08-07,2025-08-07,07:34,Masala Dosa,South Indian,1,199,199,UPI,Sunny,18,95,53,42,199.0,740,No,Thursday,No,No,New,Takeaway,703.9
2266,2025-04-20,2025-04-20,13:14,Veg Burger,Burger,2,149,298,UPI,Rainy,34,155,41,114,149.0,615,No,Sunday,Yes,No,New,Takeaway,796.8
2267,2025-05-09,2025-05-09,01:32,Masala Dosa,South Indian,4,199,796,Credit Card,Cloudy,19,137,44,93,199.0,728,No,Friday,No,No,New,Takeaway,1302.6
2268,2025-01-28,2025-01-28,00:18,White Sauce Pasta,Pasta,1,249,249,Cash,Cloudy,28,154,13,141,249.0,541,Yes,Tuesday,No,No,Returning,Takeaway,380.9
2269,2025-12-20,2025-12-20,15:02,Cold Coffee,Beverage,3,149,447,Debit Card,Sunny,34,86,44,42,149.0,759,Yes,Saturday,Yes,No,Returning,Delivery,943.7
2270,2025-05-26,2025-05-26,21:19,Spring Rolls,Starter,5,229,1145,Credit Card,Sunny,21,102,39,63,229.0,309,Yes,Monday,No,No,New,Delivery,1578.5
2271,2025-11-24,2025-11-24,04:12,French Fries,Snacks,5,129,645,Credit Card,Cloudy,18,136,60,76,129.0,503,Yes,Monday,No,No,New,Delivery,1107.5
2272,2025-11-04,2025-11-04,23:53,Paneer Tikka,Starter,2,299,598,Credit Card,Sunny,23,103,37,66,299.0,740,Yes,Tuesday,No,No,New,Delivery,1040.8
2273,2025-09-23,2025-09-23,06:07,Masala Dosa,South Indian,4,199,796,Debit Card,Sunny,19,160,53,107,199.0,417,No,Tuesday,No,Yes,New,Delivery,1250.6
2274,2025-08-28,2025-08-28,21:43,Spring Rolls,Starter,1,229,229,Cash,Cloudy,21,99,14,85,229.0,493,Yes,Thursday,No,No,Returning,Takeaway,729.9
2275,2025-11-24,2025-11-24,12:57,Masala Dosa,South Indian,2,199,398,Credit Card,Rainy,26,165,31,134,199.0,679,Yes,Monday,No,No,New,Delivery,777.8
2276,2025-11-12,2025-11-12,13:36,Cheese Burger,Burger,3,199,597,Debit Card,Rainy,33,118,16,102,199.0,483,Yes,Wednesday,No,No,Returning,Takeaway,1030.7
2277,2025-10-30,2025-10-30,09:19,Margherita Pizza,Pizza,4,299,1196,Credit Card,Sunny,21,163,26,137,299.0,340,Yes,Thursday,No,No,Returning,Takeaway,1813.6
2278,2025-12-28,2025-12-28,10:43,Veg Sandwich,Snacks,1,179,179,Credit Card,Windy,24,145,19,126,179.0,544,Yes,Sunday,Yes,No,New,Dine-In,365.9
2279,2025-05-29,2025-05-29,23:07,Chocolate Shake,Beverage,5,179,895,Debit Card,Cloudy,22,123,15,108,179.0,328,Yes,Thursday,No,Yes,Returning,Takeaway,1198.5
2280,2025-10-09,2025-10-09,21:36,Spring Rolls,Starter,5,229,1145,Credit Card,Sunny,25,158,60,98,229.0,768,No,Thursday,No,No,New,Dine-In,1755.5
2281,2025-08-22,2025-08-22,01:36,Chocolate Shake,Beverage,5,179,895,UPI,Cloudy,28,140,28,112,179.0,667,No,Friday,No,No,Returning,Dine-In,1328.5
2282,2025-12-12,2025-12-12,13:52,Paneer Tikka,Starter,5,299,1495,Debit Card,Rainy,20,147,36,111,299.0,708,No,Friday,No,Yes,New,Dine-In,1786.5
2283,2025-03-25,2025-03-25,14:32,Veg Biryani,Main Course,2,249,498,Cash,Sunny,34,166,15,151,249.0,674,No,Tuesday,No,No,New,Dine-In,822.8
2284,2025-07-29,2025-07-29,18:09,Soft Drink,Beverage,3,79,237,Cash,Windy,18,107,53,54,79.0,662,Yes,Tuesday,No,Yes,New,Delivery,704.7
2285,2025-10-02,2025-10-02,07:13,Soft Drink,Beverage,5,79,395,Cash,Cloudy,20,147,30,117,79.0,611,No,Thursday,No,No,Returning,Takeaway,739.5
2286,2025-01-26,2025-01-26,17:36,Veg Sandwich,Snacks,2,179,358,Cash,Rainy,24,131,33,98,179.0,392,Yes,Sunday,Yes,No,New,Delivery,737.8
2287,2025-05-31,2025-05-31,10:54,White Sauce Pasta,Pasta,2,249,498,Cash,Windy,29,147,50,97,249.0,869,Yes,Saturday,Yes,No,Returning,Dine-In,975.8
2288,2025-11-11,2025-11-11,14:56,Chocolate Shake,Beverage,1,179,179,UPI,Windy,22,94,31,63,179.0,631,No,Tuesday,No,Yes,Returning,Takeaway,317.9
2289,2025-09-01,2025-09-01,03:13,Farmhouse Pizza,Pizza,2,399,798,Credit Card,Sunny,24,146,52,94,399.0,633,Yes,Monday,No,No,Returning,Delivery,1282.8
2290,2025-04-05,2025-04-05,08:26,Veg Sandwich,Snacks,4,179,716,Cash,Sunny,21,170,12,158,179.0,730,Yes,Saturday,Yes,No,Returning,Delivery,932.6
2291,2025-07-26,2025-07-26,03:08,Soft Drink,Beverage,2,79,158,Cash,Rainy,33,114,13,101,79.0,630,Yes,Saturday,Yes,Yes,Returning,Delivery,469.8
2292,2025-11-28,2025-11-28,03:55,Farmhouse Pizza,Pizza,4,399,1596,Debit Card,Cloudy,29,86,21,65,399.0,388,Yes,Friday,No,Yes,Returning,Delivery,2048.6
2293,2025-02-05,2025-02-05,09:11,Veg Sandwich,Snacks,2,179,358,UPI,Cloudy,35,161,30,131,179.0,513,No,Wednesday,No,No,Returning,Delivery,760.8
2294,2025-12-12,2025-12-12,17:19,Masala Dosa,South Indian,2,199,398,Debit Card,Windy,22,127,42,85,199.0,314,No,Friday,No,No,Returning,Dine-In,682.8
2295,2025-12-24,2025-12-24,11:52,Veg Biryani,Main Course,2,249,498,Debit Card,Cloudy,19,155,60,95,249.0,517,No,Wednesday,No,No,Returning,Delivery,723.8
2296,2025-04-11,2025-04-11,16:06,Spring Rolls,Starter,3,229,687,Credit Card,Windy,29,172,10,162,229.0,627,Yes,Friday,No,No,New,Delivery,962.7
2297,2025-07-22,2025-07-22,21:40,Cold Coffee,Beverage,4,149,596,Debit Card,Windy,23,160,58,102,149.0,735,No,Tuesday,No,No,Returning,Delivery,916.6
2298,2025-11-14,2025-11-14,17:37,Masala Dosa,South Indian,1,199,199,UPI,Cloudy,34,101,44,57,199.0,692,No,Friday,No,No,Returning,Takeaway,469.9
2299,2025-08-05,2025-08-05,08:56,Paneer Tikka,Starter,3,299,897,UPI,Windy,19,156,18,138,299.0,602,No,Tuesday,No,No,Returning,Delivery,1309.7
2300,2025-01-15,2025-01-15,09:29,White Sauce Pasta,Pasta,2,249,498,Debit Card,Sunny,23,148,41,107,249.0,486,No,Wednesday,No,No,Returning,Takeaway,786.8
2301,2025-10-05,2025-10-05,17:19,Soft Drink,Beverage,5,79,395,Credit Card,Sunny,19,105,20,85,79.0,584,Yes,Sunday,Yes,No,Returning,Delivery,853.5
2302,2025-05-17,2025-05-17,03:31,Spring Rolls,Starter,2,229,458,UPI,Cloudy,19,178,27,151,229.0,736,No,Saturday,Yes,No,New,Delivery,827.8
2303,2025-05-26,2025-05-26,06:18,Veg Sandwich,Snacks,3,179,537,Debit Card,Sunny,35,109,36,73,179.0,546,Yes,Monday,No,Yes,New,Takeaway,733.7
2304,2025-03-14,2025-03-14,13:44,Veg Biryani,Main Course,4,249,996,Credit Card,Cloudy,29,103,28,75,249.0,485,Yes,Friday,No,No,New,Takeaway,1493.6
2305,2025-09-19,2025-09-19,06:44,Veg Biryani,Main Course,5,249,1245,Cash,Windy,19,134,17,117,249.0,814,Yes,Friday,No,No,New,Takeaway,1858.5
2306,2025-01-03,2025-01-03,17:23,Veg Biryani,Main Course,5,249,1245,Credit Card,Rainy,31,180,20,160,249.0,815,No,Friday,No,No,New,Takeaway,1604.5
2307,2025-03-07,2025-03-07,00:46,French Fries,Snacks,5,129,645,Debit Card,Rainy,29,145,54,91,129.0,654,No,Friday,No,No,New,Delivery,1166.5
2308,2025-09-30,2025-09-30,19:57,Farmhouse Pizza,Pizza,2,399,798,UPI,Windy,18,180,10,170,399.0,754,Yes,Tuesday,No,No,Returning,Takeaway,1083.8
2309,2025-02-06,2025-02-06,12:54,Veg Sandwich,Snacks,1,179,179,Credit Card,Rainy,32,130,59,71,179.0,302,No,Thursday,No,No,Returning,Delivery,647.9
2310,2025-12-25,2025-12-25,00:38,Farmhouse Pizza,Pizza,4,399,1596,UPI,Cloudy,31,104,32,72,399.0,708,No,Thursday,No,No,Returning,Dine-In,1919.6
2311,2025-05-03,2025-05-03,00:54,Veg Biryani,Main Course,2,249,498,UPI,Sunny,28,148,33,115,249.0,494,No,Saturday,Yes,Yes,Returning,Delivery,934.8
2312,2025-02-16,2025-02-16,18:52,Paneer Tikka,Starter,3,299,897,Credit Card,Cloudy,27,112,29,83,299.0,406,Yes,Sunday,Yes,No,Returning,Delivery,1280.7
2313,2025-03-23,2025-03-23,19:53,Farmhouse Pizza,Pizza,5,399,1995,Debit Card,Sunny,32,112,26,86,399.0,377,No,Sunday,Yes,No,New,Takeaway,2602.5
2314,2025-01-14,2025-01-14,10:26,Cheese Burger,Burger,2,199,398,Debit Card,Rainy,28,112,59,53,199.0,696,No,Tuesday,No,No,Returning,Delivery,855.8
2315,2025-12-03,2025-12-03,14:49,Chocolate Shake,Beverage,3,179,537,Cash,Rainy,24,131,42,89,179.0,868,Yes,Wednesday,No,No,Returning,Dine-In,961.7
2316,2025-04-07,2025-04-07,15:48,Cold Coffee,Beverage,2,149,298,UPI,Cloudy,18,170,19,151,149.0,462,No,Monday,No,No,Returning,Delivery,694.8
2317,2025-06-10,2025-06-10,22:34,Veg Burger,Burger,4,149,596,Debit Card,Rainy,24,109,27,82,149.0,312,Yes,Tuesday,No,No,New,Takeaway,1052.6
2318,2025-11-02,2025-11-02,19:37,French Fries,Snacks,3,129,387,UPI,Rainy,18,132,34,98,129.0,485,No,Sunday,Yes,No,New,Takeaway,767.7
2319,2025-05-26,2025-05-26,23:56,Veg Burger,Burger,1,149,149,UPI,Windy,35,138,17,121,149.0,685,Yes,Monday,No,Yes,New,Dine-In,387.9
2320,2025-05-06,2025-05-06,00:16,Paneer Tikka,Starter,5,299,1495,Credit Card,Cloudy,25,108,14,94,299.0,811,No,Tuesday,No,No,Returning,Dine-In,2112.5
2321,2025-01-18,2025-01-18,16:51,Veg Biryani,Main Course,5,249,1245,Cash,Windy,32,95,31,64,249.0,632,Yes,Saturday,Yes,No,Returning,Dine-In,1711.5
2322,2025-01-07,2025-01-07,21:08,Paneer Tikka,Starter,4,299,1196,UPI,Windy,21,123,28,95,299.0,611,Yes,Tuesday,No,No,Returning,Takeaway,1783.6
2323,2025-11-02,2025-11-02,01:59,Masala Dosa,South Indian,2,199,398,Credit Card,Cloudy,22,152,34,118,199.0,468,Yes,Sunday,Yes,No,Returning,Delivery,584.8
2324,2025-09-14,2025-09-14,12:39,Spring Rolls,Starter,4,229,916,Cash,Cloudy,33,131,17,114,229.0,745,No,Sunday,Yes,No,New,Dine-In,1314.6
2325,2025-06-18,2025-06-18,00:41,Chocolate Shake,Beverage,5,179,895,Cash,Cloudy,23,170,56,114,179.0,406,No,Wednesday,No,No,Returning,Takeaway,1114.5
2326,2025-08-07,2025-08-07,08:06,Chole Bhature,Main Course,4,199,796,Debit Card,Windy,28,179,31,148,199.0,451,No,Thursday,No,No,Returning,Dine-In,1056.6
2327,2025-03-11,2025-03-11,18:47,Spring Rolls,Starter,4,229,916,Debit Card,Windy,33,154,27,127,229.0,317,Yes,Tuesday,No,No,New,Dine-In,1183.6
2328,2025-02-18,2025-02-18,09:32,Masala Dosa,South Indian,2,199,398,Cash,Rainy,32,161,38,123,199.0,755,No,Tuesday,No,No,New,Dine-In,765.8
2329,2025-04-24,2025-04-24,12:27,Veg Sandwich,Snacks,1,179,179,Credit Card,Rainy,33,145,49,96,179.0,469,No,Thursday,No,No,Returning,Takeaway,489.9
2330,2025-01-11,2025-01-11,05:55,Chocolate Shake,Beverage,2,179,358,UPI,Cloudy,28,153,21,132,179.0,659,Yes,Saturday,Yes,No,New,Delivery,666.8
2331,2025-06-16,2025-06-16,18:02,Chole Bhature,Main Course,5,199,995,UPI,Rainy,32,125,59,66,199.0,618,Yes,Monday,No,No,New,Delivery,1354.5
2332,2025-01-25,2025-01-25,13:29,Chocolate Shake,Beverage,4,179,716,Cash,Cloudy,20,150,28,122,179.0,723,No,Saturday,Yes,No,Returning,Takeaway,919.6
2333,2025-04-19,2025-04-19,11:55,Masala Dosa,South Indian,1,199,199,Debit Card,Rainy,31,86,11,75,199.0,683,Yes,Saturday,Yes,No,New,Takeaway,441.9
2334,2025-07-26,2025-07-26,02:57,French Fries,Snacks,4,129,516,UPI,Cloudy,32,80,33,47,129.0,522,No,Saturday,Yes,No,Returning,Delivery,848.6
2335,2025-10-08,2025-10-08,10:12,Soft Drink,Beverage,3,79,237,Debit Card,Cloudy,33,104,48,56,79.0,795,Yes,Wednesday,No,No,Returning,Takeaway,585.7
2336,2025-09-24,2025-09-24,23:56,Veg Burger,Burger,4,149,596,Debit Card,Windy,21,108,35,73,149.0,783,No,Wednesday,No,No,New,Dine-In,862.6
2337,2025-02-11,2025-02-11,02:01,Spring Rolls,Starter,4,229,916,Cash,Windy,26,92,30,62,229.0,620,No,Tuesday,No,No,Returning,Dine-In,1262.6
2338,2025-02-22,2025-02-22,21:43,Chocolate Shake,Beverage,3,179,537,Credit Card,Rainy,18,120,13,107,179.0,599,No,Saturday,Yes,Yes,Returning,Takeaway,953.7
2339,2025-07-08,2025-07-08,09:54,Veg Burger,Burger,2,149,298,UPI,Rainy,19,92,18,74,149.0,395,Yes,Tuesday,No,No,New,Delivery,780.8
2340,2025-11-20,2025-11-20,12:24,Chole Bhature,Main Course,4,199,796,Credit Card,Cloudy,27,130,15,115,199.0,514,No,Thursday,No,No,Returning,Takeaway,1287.6
2341,2025-02-11,2025-02-11,02:49,Veg Sandwich,Snacks,3,179,537,UPI,Sunny,26,176,26,150,179.0,646,No,Tuesday,No,No,Returning,Takeaway,764.7
2342,2025-04-16,2025-04-16,07:16,Masala Dosa,South Indian,3,199,597,Credit Card,Cloudy,33,107,28,79,199.0,631,No,Wednesday,No,Yes,Returning,Delivery,1126.7
2343,2025-11-20,2025-11-20,04:00,Veg Burger,Burger,4,149,596,Debit Card,Rainy,21,98,48,50,149.0,606,Yes,Thursday,No,No,New,Takeaway,766.6
2344,2025-12-01,2025-12-01,12:59,Farmhouse Pizza,Pizza,5,399,1995,UPI,Sunny,31,177,57,120,399.0,487,No,Monday,No,No,New,Dine-In,2646.5
2345,2025-10-26,2025-10-26,11:23,Margherita Pizza,Pizza,3,299,897,Cash,Rainy,18,145,36,109,299.0,613,No,Sunday,Yes,No,New,Dine-In,1360.7
2346,2025-11-04,2025-11-04,12:05,Veg Biryani,Main Course,4,249,996,Cash,Rainy,33,98,48,50,249.0,422,No,Tuesday,No,Yes,Returning,Dine-In,1515.6
2347,2025-07-19,2025-07-19,00:29,Spring Rolls,Starter,4,229,916,Cash,Rainy,34,103,55,48,229.0,303,Yes,Saturday,Yes,No,Returning,Delivery,1326.6
2348,2025-05-18,2025-05-18,04:25,Veg Sandwich,Snacks,4,179,716,UPI,Rainy,27,87,47,40,179.0,448,Yes,Sunday,Yes,No,New,Takeaway,1230.6
2349,2025-08-31,2025-08-31,16:26,White Sauce Pasta,Pasta,3,249,747,Credit Card,Windy,26,148,20,128,249.0,491,No,Sunday,Yes,No,New,Takeaway,1231.7
2350,2025-02-14,2025-02-14,09:51,Masala Dosa,South Indian,2,199,398,Cash,Rainy,19,144,14,130,199.0,842,No,Friday,No,No,New,Takeaway,876.8
2351,2025-03-12,2025-03-12,14:01,White Sauce Pasta,Pasta,1,249,249,Debit Card,Windy,19,143,17,126,249.0,677,No,Wednesday,No,No,New,Takeaway,514.9
2352,2025-06-02,2025-06-02,22:34,Farmhouse Pizza,Pizza,4,399,1596,Credit Card,Windy,31,141,47,94,399.0,775,Yes,Monday,No,Yes,New,Dine-In,1979.6
2353,2025-07-12,2025-07-12,20:28,Veg Sandwich,Snacks,4,179,716,Credit Card,Sunny,19,115,15,100,179.0,822,Yes,Saturday,Yes,No,New,Delivery,1254.6
2354,2025-05-31,2025-05-31,13:17,Chocolate Shake,Beverage,1,179,179,Credit Card,Windy,34,96,23,73,179.0,379,No,Saturday,Yes,No,New,Dine-In,398.9
2355,2025-11-20,2025-11-20,22:51,Farmhouse Pizza,Pizza,5,399,1995,Debit Card,Sunny,28,81,47,34,399.0,450,Yes,Thursday,No,No,Returning,Delivery,2400.5
2356,2025-10-13,2025-10-13,02:10,Cold Coffee,Beverage,5,149,745,Cash,Cloudy,20,133,51,82,149.0,897,No,Monday,No,No,New,Delivery,1307.5
2357,2025-02-10,2025-02-10,12:43,Cold Coffee,Beverage,5,149,745,UPI,Sunny,21,165,25,140,149.0,857,No,Monday,No,No,Returning,Delivery,1034.5
2358,2025-01-08,2025-01-08,01:24,Farmhouse Pizza,Pizza,1,399,399,Credit Card,Sunny,35,143,58,85,399.0,300,No,Wednesday,No,No,Returning,Takeaway,787.9
2359,2025-10-02,2025-10-02,18:15,Veg Biryani,Main Course,2,249,498,Cash,Rainy,31,134,26,108,249.0,712,Yes,Thursday,No,No,Returning,Delivery,1037.8
2360,2025-06-07,2025-06-07,01:15,Cold Coffee,Beverage,3,149,447,Credit Card,Cloudy,33,158,31,127,149.0,682,Yes,Saturday,Yes,Yes,Returning,Takeaway,775.7
2361,2025-08-26,2025-08-26,23:54,Cheese Burger,Burger,3,199,597,UPI,Sunny,22,174,54,120,199.0,581,Yes,Tuesday,No,No,New,Delivery,1081.7
2362,2025-11-07,2025-11-07,19:17,Paneer Tikka,Starter,1,299,299,UPI,Rainy,24,158,32,126,299.0,343,Yes,Friday,No,No,Returning,Delivery,652.9
2363,2025-05-28,2025-05-28,03:07,Veg Biryani,Main Course,3,249,747,Debit Card,Rainy,19,177,43,134,249.0,888,No,Wednesday,No,Yes,New,Delivery,1146.7
2364,2025-10-20,2025-10-20,18:30,Margherita Pizza,Pizza,4,299,1196,Debit Card,Windy,20,143,39,104,299.0,500,Yes,Monday,No,No,New,Dine-In,1669.6
2365,2025-01-27,2025-01-27,02:41,Masala Dosa,South Indian,2,199,398,UPI,Windy,21,110,10,100,199.0,854,Yes,Monday,No,No,Returning,Takeaway,798.8
2366,2025-07-22,2025-07-22,22:22,French Fries,Snacks,2,129,258,Credit Card,Windy,31,106,27,79,129.0,532,Yes,Tuesday,No,No,Returning,Takeaway,586.8
2367,2025-01-05,2025-01-05,07:23,French Fries,Snacks,4,129,516,Cash,Cloudy,31,163,32,131,129.0,512,No,Sunday,Yes,No,Returning,Dine-In,787.6
2368,2025-03-19,2025-03-19,21:13,Veg Biryani,Main Course,1,249,249,UPI,Sunny,26,106,26,80,249.0,579,No,Wednesday,No,No,New,Delivery,472.9
2369,2025-06-17,2025-06-17,00:14,White Sauce Pasta,Pasta,3,249,747,Debit Card,Cloudy,28,122,52,70,249.0,724,Yes,Tuesday,No,No,Returning,Takeaway,978.7
2370,2025-06-04,2025-06-04,10:08,Veg Biryani,Main Course,3,249,747,UPI,Rainy,18,159,22,137,249.0,593,No,Wednesday,No,No,New,Dine-In,1246.7
2371,2025-12-03,2025-12-03,20:00,Cheese Burger,Burger,3,199,597,Cash,Sunny,29,156,58,98,199.0,629,Yes,Wednesday,No,No,New,Takeaway,901.7
2372,2025-03-31,2025-03-31,07:42,French Fries,Snacks,2,129,258,UPI,Cloudy,31,149,32,117,129.0,887,Yes,Monday,No,No,New,Dine-In,480.8
2373,2025-11-02,2025-11-02,10:50,Spring Rolls,Starter,3,229,687,Credit Card,Windy,22,108,20,88,229.0,661,Yes,Sunday,Yes,No,New,Takeaway,990.7
2374,2025-12-18,2025-12-18,07:05,Veg Sandwich,Snacks,5,179,895,Credit Card,Windy,26,115,20,95,179.0,461,No,Thursday,No,No,New,Takeaway,1227.5
2375,2025-11-26,2025-11-26,06:09,Spring Rolls,Starter,3,229,687,Cash,Windy,28,170,19,151,229.0,511,No,Wednesday,No,No,Returning,Takeaway,1042.7
2376,2025-08-15,2025-08-15,17:41,Spring Rolls,Starter,2,229,458,Cash,Windy,22,119,51,68,229.0,310,No,Friday,No,Yes,Returning,Dine-In,926.8
2377,2025-10-12,2025-10-12,22:31,Margherita Pizza,Pizza,2,299,598,Credit Card,Windy,33,95,11,84,299.0,590,No,Sunday,Yes,No,Returning,Delivery,860.8
2378,2025-06-02,2025-06-02,12:21,Veg Biryani,Main Course,3,249,747,UPI,Sunny,19,113,19,94,249.0,534,Yes,Monday,No,No,New,Takeaway,1008.7
2379,2025-01-01,2025-01-01,22:23,Spring Rolls,Starter,2,229,458,Credit Card,Windy,33,96,41,55,229.0,770,Yes,Wednesday,No,No,Returning,Dine-In,689.8
2380,2025-09-26,2025-09-26,11:20,Cheese Burger,Burger,3,199,597,UPI,Windy,31,174,60,114,199.0,638,Yes,Friday,No,No,New,Dine-In,761.7
2381,2025-10-28,2025-10-28,06:28,Veg Sandwich,Snacks,1,179,179,Debit Card,Rainy,25,130,11,119,179.0,427,No,Tuesday,No,No,Returning,Takeaway,385.9
2382,2025-09-01,2025-09-01,02:42,Cold Coffee,Beverage,1,149,149,Debit Card,Rainy,21,80,18,62,149.0,796,No,Monday,No,No,Returning,Dine-In,583.9
2383,2025-12-02,2025-12-02,22:21,Veg Sandwich,Snacks,3,179,537,Credit Card,Windy,34,113,27,86,179.0,360,No,Tuesday,No,No,New,Delivery,742.7
2384,2025-03-15,2025-03-15,08:45,Margherita Pizza,Pizza,3,299,897,Cash,Cloudy,21,100,54,46,299.0,763,No,Saturday,Yes,Yes,Returning,Takeaway,1264.7
2385,2025-03-31,2025-03-31,02:01,Masala Dosa,South Indian,3,199,597,Cash,Rainy,25,144,29,115,199.0,615,No,Monday,No,No,New,Delivery,1155.7
2386,2025-02-09,2025-02-09,06:17,Cheese Burger,Burger,4,199,796,Cash,Windy,21,173,44,129,199.0,426,No,Sunday,Yes,Yes,New,Delivery,1058.6
2387,2025-01-05,2025-01-05,09:06,Soft Drink,Beverage,3,79,237,Cash,Windy,25,116,31,85,79.0,809,No,Sunday,Yes,Yes,Returning,Delivery,447.7
2388,2025-11-20,2025-11-20,12:18,White Sauce Pasta,Pasta,4,249,996,Cash,Windy,35,107,16,91,249.0,887,No,Thursday,No,No,Returning,Delivery,1283.6
2389,2025-05-01,2025-05-01,03:08,Masala Dosa,South Indian,1,199,199,Credit Card,Sunny,25,143,36,107,199.0,487,No,Thursday,No,Yes,Returning,Takeaway,410.9
2390,2025-07-24,2025-07-24,05:19,Cheese Burger,Burger,2,199,398,UPI,Windy,24,99,14,85,199.0,503,No,Thursday,No,No,Returning,Takeaway,867.8
2391,2025-05-20,2025-05-20,22:17,Cheese Burger,Burger,2,199,398,Cash,Sunny,35,104,20,84,199.0,369,No,Tuesday,No,Yes,New,Dine-In,637.8
2392,2025-04-19,2025-04-19,23:43,Masala Dosa,South Indian,5,199,995,Credit Card,Windy,28,126,59,67,199.0,642,Yes,Saturday,Yes,No,Returning,Dine-In,1300.5
2393,2025-02-05,2025-02-05,14:47,Spring Rolls,Starter,3,229,687,Credit Card,Windy,19,114,15,99,229.0,870,No,Wednesday,No,No,New,Takeaway,968.7
2394,2025-05-20,2025-05-20,14:12,Masala Dosa,South Indian,3,199,597,Cash,Cloudy,30,121,46,75,199.0,545,Yes,Tuesday,No,No,Returning,Takeaway,839.7
2395,2025-01-22,2025-01-22,02:58,Cheese Burger,Burger,4,199,796,UPI,Cloudy,34,86,20,66,199.0,609,Yes,Wednesday,No,No,New,Takeaway,1175.6
2396,2025-10-12,2025-10-12,20:55,Soft Drink,Beverage,4,79,316,Debit Card,Sunny,22,136,14,122,79.0,590,No,Sunday,Yes,No,New,Dine-In,471.6
2397,2025-10-24,2025-10-24,21:23,Spring Rolls,Starter,5,229,1145,UPI,Cloudy,28,166,14,152,229.0,314,Yes,Friday,No,Yes,New,Takeaway,1458.5
2398,2025-02-08,2025-02-08,23:37,Spring Rolls,Starter,2,229,458,Credit Card,Windy,18,130,21,109,229.0,621,Yes,Saturday,Yes,No,Returning,Dine-In,717.8
2399,2025-12-12,2025-12-12,01:00,Farmhouse Pizza,Pizza,5,399,1995,Credit Card,Cloudy,30,174,51,123,399.0,735,No,Friday,No,No,New,Dine-In,2557.5
2400,2025-02-20,2025-02-20,04:59,Veg Burger,Burger,2,149,298,UPI,Windy,35,147,42,105,149.0,620,No,Thursday,No,No,New,Takeaway,637.8
2401,2025-06-28,2025-06-28,11:40,Cold Coffee,Beverage,5,149,745,UPI,Windy,20,170,15,155,149.0,598,No,Saturday,Yes,No,New,Takeaway,991.5
2402,2025-01-24,2025-01-24,01:49,Margherita Pizza,Pizza,2,299,598,Cash,Rainy,26,169,45,124,299.0,549,No,Friday,No,No,New,Takeaway,976.8
2403,2025-06-16,2025-06-16,19:47,Soft Drink,Beverage,2,79,158,Credit Card,Rainy,18,112,35,77,79.0,323,No,Monday,No,No,Returning,Dine-In,485.8
2404,2025-06-13,2025-06-13,12:31,Cheese Burger,Burger,5,199,995,UPI,Rainy,34,151,31,120,199.0,881,Yes,Friday,No,No,Returning,Dine-In,1387.5
2405,2025-06-22,2025-06-22,18:31,Chocolate Shake,Beverage,4,179,716,Debit Card,Cloudy,23,140,40,100,179.0,753,No,Sunday,Yes,No,Returning,Dine-In,1231.6
2406,2025-12-27,2025-12-27,23:05,Chocolate Shake,Beverage,5,179,895,Credit Card,Windy,29,156,23,133,179.0,542,Yes,Saturday,Yes,No,New,Delivery,1329.5
2407,2025-01-27,2025-01-27,18:49,French Fries,Snacks,4,129,516,Cash,Cloudy,23,147,55,92,129.0,318,Yes,Monday,No,Yes,Returning,Takeaway,757.6
2408,2025-02-10,2025-02-10,08:51,Chocolate Shake,Beverage,1,179,179,UPI,Sunny,18,140,12,128,179.0,748,No,Monday,No,No,Returning,Delivery,679.9
2409,2025-04-28,2025-04-28,19:50,Chocolate Shake,Beverage,5,179,895,UPI,Cloudy,33,127,32,95,179.0,781,No,Monday,No,No,New,Dine-In,1481.5
2410,2025-10-17,2025-10-17,22:19,Spring Rolls,Starter,5,229,1145,Debit Card,Windy,25,90,38,52,229.0,539,Yes,Friday,No,No,New,Takeaway,1645.5
2411,2025-12-28,2025-12-28,17:01,Paneer Tikka,Starter,3,299,897,UPI,Sunny,26,153,17,136,299.0,444,No,Sunday,Yes,No,Returning,Delivery,1177.7
2412,2025-01-17,2025-01-17,06:42,Paneer Tikka,Starter,1,299,299,Cash,Rainy,35,129,43,86,299.0,795,Yes,Friday,No,No,Returning,Delivery,698.9
2413,2025-02-21,2025-02-21,10:29,Cheese Burger,Burger,2,199,398,Debit Card,Cloudy,19,87,53,34,199.0,835,Yes,Friday,No,No,New,Delivery,919.8
2414,2025-02-04,2025-02-04,17:14,Veg Biryani,Main Course,5,249,1245,Credit Card,Windy,25,94,17,77,249.0,324,No,Tuesday,No,No,New,Takeaway,1714.5
2415,2025-10-09,2025-10-09,17:47,Veg Sandwich,Snacks,2,179,358,Credit Card,Sunny,31,151,20,131,179.0,732,No,Thursday,No,Yes,New,Takeaway,651.8
2416,2025-11-30,2025-11-30,01:52,Spring Rolls,Starter,4,229,916,Credit Card,Windy,30,106,52,54,229.0,490,Yes,Sunday,Yes,No,New,Dine-In,1459.6
2417,2025-07-02,2025-07-02,19:41,Soft Drink,Beverage,2,79,158,Cash,Cloudy,27,90,31,59,79.0,444,Yes,Wednesday,No,No,Returning,Takeaway,301.8
2418,2025-10-10,2025-10-10,14:37,Farmhouse Pizza,Pizza,1,399,399,Debit Card,Windy,25,143,16,127,399.0,600,No,Friday,No,No,Returning,Dine-In,643.9
2419,2025-10-06,2025-10-06,16:22,Veg Sandwich,Snacks,1,179,179,Cash,Sunny,19,110,28,82,179.0,363,Yes,Monday,No,No,New,Dine-In,451.9
2420,2025-03-02,2025-03-02,10:30,Chocolate Shake,Beverage,3,179,537,Cash,Rainy,18,126,55,71,179.0,673,No,Sunday,Yes,No,New,Dine-In,763.7
2421,2025-08-09,2025-08-09,23:08,Veg Sandwich,Snacks,3,179,537,UPI,Cloudy,22,148,57,91,179.0,739,Yes,Saturday,Yes,No,New,Takeaway,840.7
2422,2025-03-12,2025-03-12,11:36,Masala Dosa,South Indian,4,199,796,Credit Card,Windy,32,136,54,82,199.0,704,No,Wednesday,No,No,Returning,Dine-In,1299.6
2423,2025-03-27,2025-03-27,14:11,White Sauce Pasta,Pasta,5,249,1245,UPI,Sunny,34,120,45,75,249.0,593,No,Thursday,No,No,Returning,Takeaway,1720.5
2424,2025-03-20,2025-03-20,09:33,White Sauce Pasta,Pasta,1,249,249,UPI,Rainy,24,123,56,67,249.0,535,No,Thursday,No,No,Returning,Takeaway,625.9
2425,2025-07-20,2025-07-20,00:28,Cold Coffee,Beverage,3,149,447,UPI,Sunny,31,154,54,100,149.0,507,No,Sunday,Yes,No,New,Delivery,800.7
2426,2025-04-19,2025-04-19,05:53,Veg Biryani,Main Course,5,249,1245,Cash,Windy,32,153,50,103,249.0,722,No,Saturday,Yes,No,New,Delivery,1852.5
2427,2025-10-20,2025-10-20,03:51,Farmhouse Pizza,Pizza,4,399,1596,Credit Card,Sunny,33,161,29,132,399.0,819,No,Monday,No,No,New,Dine-In,1886.6
2428,2025-10-10,2025-10-10,14:04,Chole Bhature,Main Course,5,199,995,Debit Card,Rainy,23,86,54,32,199.0,475,Yes,Friday,No,No,Returning,Takeaway,1284.5
2429,2025-08-07,2025-08-07,04:53,Paneer Tikka,Starter,3,299,897,Credit Card,Windy,24,129,22,107,299.0,362,No,Thursday,No,No,Returning,Dine-In,1157.7
2430,2025-04-19,2025-04-19,16:45,Veg Biryani,Main Course,5,249,1245,Credit Card,Windy,25,138,10,128,249.0,624,No,Saturday,Yes,No,Returning,Takeaway,1742.5
2431,2025-05-11,2025-05-11,02:35,Margherita Pizza,Pizza,1,299,299,Credit Card,Cloudy,35,108,30,78,299.0,669,No,Sunday,Yes,No,New,Delivery,641.9
2432,2025-11-21,2025-11-21,21:08,French Fries,Snacks,3,129,387,Cash,Sunny,32,80,29,51,129.0,807,Yes,Friday,No,No,Returning,Takeaway,781.7
2433,2025-06-07,2025-06-07,01:31,Veg Biryani,Main Course,3,249,747,UPI,Rainy,22,168,58,110,249.0,489,No,Saturday,Yes,No,Returning,Delivery,1218.7
2434,2025-04-23,2025-04-23,07:25,French Fries,Snacks,3,129,387,Debit Card,Rainy,27,117,33,84,129.0,635,No,Wednesday,No,Yes,New,Dine-In,576.7
2435,2025-09-22,2025-09-22,16:01,Chole Bhature,Main Course,4,199,796,Debit Card,Sunny,32,155,17,138,199.0,684,Yes,Monday,No,No,Returning,Delivery,1031.6
2436,2025-02-18,2025-02-18,20:44,Soft Drink,Beverage,2,79,158,Debit Card,Windy,24,117,25,92,79.0,376,No,Tuesday,No,No,Returning,Dine-In,356.8
2437,2025-12-07,2025-12-07,04:14,White Sauce Pasta,Pasta,1,249,249,Debit Card,Sunny,26,110,26,84,249.0,839,No,Sunday,Yes,Yes,Returning,Dine-In,746.9
2438,2025-05-19,2025-05-19,16:10,Veg Biryani,Main Course,4,249,996,Credit Card,Windy,29,145,44,101,249.0,890,Yes,Monday,No,No,Returning,Delivery,1472.6
2439,2025-03-10,2025-03-10,09:22,Veg Burger,Burger,5,149,745,UPI,Windy,23,103,54,49,149.0,689,Yes,Monday,No,No,New,Delivery,1025.5
2440,2025-07-30,2025-07-30,11:21,Veg Biryani,Main Course,2,249,498,Debit Card,Sunny,31,144,48,96,249.0,485,No,Wednesday,No,No,Returning,Dine-In,753.8
2441,2025-06-09,2025-06-09,09:34,Veg Biryani,Main Course,5,249,1245,Debit Card,Windy,23,88,32,56,249.0,490,No,Monday,No,No,New,Delivery,1665.5
2442,2025-09-20,2025-09-20,06:12,Cheese Burger,Burger,3,199,597,Debit Card,Rainy,34,146,22,124,199.0,477,Yes,Saturday,Yes,No,Returning,Dine-In,1150.7
2443,2025-03-30,2025-03-30,05:10,Chole Bhature,Main Course,1,199,199,Cash,Windy,23,178,52,126,199.0,864,Yes,Sunday,Yes,No,Returning,Delivery,703.9
2444,2025-02-11,2025-02-11,20:18,Masala Dosa,South Indian,1,199,199,Cash,Rainy,19,142,10,132,199.0,350,No,Tuesday,No,No,Returning,Delivery,668.9
2445,2025-06-29,2025-06-29,04:46,Margherita Pizza,Pizza,1,299,299,Cash,Sunny,23,119,40,79,299.0,561,No,Sunday,Yes,No,New,Dine-In,708.9
2446,2025-09-27,2025-09-27,16:02,Cold Coffee,Beverage,2,149,298,Cash,Windy,22,164,44,120,149.0,568,Yes,Saturday,Yes,No,New,Delivery,483.8
2447,2025-12-19,2025-12-19,02:44,Paneer Tikka,Starter,1,299,299,Debit Card,Cloudy,33,155,18,137,299.0,900,No,Friday,No,No,New,Dine-In,544.9
2448,2025-01-03,2025-01-03,09:28,Spring Rolls,Starter,5,229,1145,Cash,Rainy,32,174,39,135,229.0,686,Yes,Friday,No,Yes,New,Dine-In,1727.5
2449,2025-07-21,2025-07-21,00:23,Margherita Pizza,Pizza,5,299,1495,Debit Card,Windy,33,131,14,117,299.0,437,Yes,Monday,No,No,Returning,Takeaway,1876.5
2450,2025-10-30,2025-10-30,12:07,Farmhouse Pizza,Pizza,4,399,1596,UPI,Sunny,20,81,19,62,399.0,763,No,Thursday,No,No,Returning,Delivery,2115.6
2451,2025-09-19,2025-09-19,11:40,Masala Dosa,South Indian,1,199,199,UPI,Windy,31,100,45,55,199.0,558,Yes,Friday,No,No,New,Dine-In,605.9
2452,2025-08-16,2025-08-16,10:44,French Fries,Snacks,3,129,387,Credit Card,Cloudy,35,93,17,76,129.0,889,No,Saturday,Yes,No,Returning,Delivery,660.7
2453,2025-11-04,2025-11-04,12:33,Chole Bhature,Main Course,5,199,995,Credit Card,Sunny,32,140,12,128,199.0,506,Yes,Tuesday,No,Yes,New,Takeaway,1351.5
2454,2025-10-08,2025-10-08,18:08,White Sauce Pasta,Pasta,4,249,996,UPI,Windy,25,166,29,137,249.0,629,Yes,Wednesday,No,No,Returning,Delivery,1467.6
2455,2025-09-24,2025-09-24,06:13,Spring Rolls,Starter,2,229,458,Credit Card,Sunny,29,105,25,80,229.0,376,No,Wednesday,No,No,New,Delivery,710.8
2456,2025-01-03,2025-01-03,14:12,Chocolate Shake,Beverage,3,179,537,Credit Card,Cloudy,18,99,37,62,179.0,346,Yes,Friday,No,No,Returning,Delivery,929.7
2457,2025-02-26,2025-02-26,17:22,Soft Drink,Beverage,5,79,395,Cash,Sunny,32,150,49,101,79.0,755,Yes,Wednesday,No,No,New,Dine-In,925.5
2458,2025-08-21,2025-08-21,17:34,Paneer Tikka,Starter,2,299,598,Credit Card,Sunny,21,161,34,127,299.0,337,No,Thursday,No,No,Returning,Takeaway,1078.8
2459,2025-06-09,2025-06-09,22:56,French Fries,Snacks,5,129,645,Debit Card,Sunny,26,166,14,152,129.0,647,No,Monday,No,No,New,Delivery,828.5
2460,2025-01-24,2025-01-24,10:12,Veg Biryani,Main Course,4,249,996,Debit Card,Windy,18,114,53,61,249.0,872,No,Friday,No,No,Returning,Dine-In,1484.6
2461,2025-01-20,2025-01-20,17:48,Chocolate Shake,Beverage,3,179,537,Cash,Rainy,21,86,36,50,179.0,693,Yes,Monday,No,No,New,Delivery,1052.7
2462,2025-01-21,2025-01-21,00:50,Veg Burger,Burger,3,149,447,Debit Card,Windy,34,117,44,73,149.0,613,Yes,Tuesday,No,No,New,Delivery,626.7
2463,2025-07-19,2025-07-19,16:34,White Sauce Pasta,Pasta,4,249,996,Credit Card,Rainy,23,117,45,72,249.0,466,No,Saturday,Yes,No,New,Delivery,1556.6
2464,2025-05-08,2025-05-08,18:55,Veg Burger,Burger,1,149,149,Credit Card,Sunny,19,91,48,43,149.0,601,No,Thursday,No,No,New,Takeaway,599.9
2465,2025-04-27,2025-04-27,02:55,Veg Burger,Burger,4,149,596,Cash,Rainy,32,160,58,102,149.0,543,No,Sunday,Yes,No,Returning,Takeaway,911.6
2466,2025-10-22,2025-10-22,21:48,Veg Sandwich,Snacks,4,179,716,UPI,Cloudy,23,163,57,106,179.0,757,Yes,Wednesday,No,No,New,Dine-In,1241.6
2467,2025-08-04,2025-08-04,04:56,Paneer Tikka,Starter,5,299,1495,Debit Card,Cloudy,31,116,36,80,299.0,781,Yes,Monday,No,No,New,Dine-In,1825.5
2468,2025-02-08,2025-02-08,14:02,White Sauce Pasta,Pasta,2,249,498,Debit Card,Windy,31,152,22,130,249.0,568,No,Saturday,Yes,No,Returning,Dine-In,794.8
2469,2025-10-25,2025-10-25,14:21,Chole Bhature,Main Course,2,199,398,UPI,Rainy,20,171,22,149,199.0,630,Yes,Saturday,Yes,No,New,Takeaway,891.8
2470,2025-05-12,2025-05-12,09:45,Paneer Tikka,Starter,1,299,299,UPI,Sunny,18,149,55,94,299.0,542,Yes,Monday,No,No,Returning,Takeaway,646.9
2471,2025-03-01,2025-03-01,07:42,Chocolate Shake,Beverage,5,179,895,Credit Card,Cloudy,34,95,52,43,179.0,596,Yes,Saturday,Yes,No,New,Dine-In,1416.5
2472,2025-11-15,2025-11-15,06:52,Chocolate Shake,Beverage,5,179,895,UPI,Windy,19,166,11,155,179.0,444,Yes,Saturday,Yes,Yes,Returning,Takeaway,1314.5
2473,2025-12-30,2025-12-30,10:55,Veg Sandwich,Snacks,5,179,895,Credit Card,Cloudy,30,100,53,47,179.0,455,Yes,Tuesday,No,No,Returning,Dine-In,1316.5
2474,2025-10-31,2025-10-31,23:15,Soft Drink,Beverage,2,79,158,Credit Card,Windy,23,116,17,99,79.0,720,No,Friday,No,No,New,Dine-In,309.8
2475,2025-03-01,2025-03-01,10:30,Soft Drink,Beverage,2,79,158,Debit Card,Cloudy,32,168,30,138,79.0,424,No,Saturday,Yes,No,Returning,Delivery,395.8
2476,2025-04-18,2025-04-18,11:02,Paneer Tikka,Starter,2,299,598,Debit Card,Cloudy,29,175,28,147,299.0,843,No,Friday,No,No,Returning,Delivery,1080.8
2477,2025-10-21,2025-10-21,20:39,Paneer Tikka,Starter,1,299,299,UPI,Cloudy,29,178,17,161,299.0,750,Yes,Tuesday,No,No,Returning,Takeaway,515.9
2478,2025-11-29,2025-11-29,16:34,Soft Drink,Beverage,5,79,395,Credit Card,Cloudy,27,115,13,102,79.0,838,Yes,Saturday,Yes,Yes,New,Dine-In,870.5
2479,2025-07-13,2025-07-13,02:34,Paneer Tikka,Starter,4,299,1196,UPI,Windy,35,120,41,79,299.0,888,Yes,Sunday,Yes,No,Returning,Delivery,1453.6
2480,2025-05-24,2025-05-24,19:54,Soft Drink,Beverage,4,79,316,Credit Card,Rainy,27,90,20,70,79.0,479,No,Saturday,Yes,Yes,New,Takeaway,774.6
2481,2025-09-05,2025-09-05,17:09,White Sauce Pasta,Pasta,1,249,249,Debit Card,Cloudy,23,92,21,71,249.0,547,No,Friday,No,No,Returning,Takeaway,458.9
2482,2025-08-18,2025-08-18,03:44,Chole Bhature,Main Course,5,199,995,Credit Card,Windy,29,127,41,86,199.0,559,Yes,Monday,No,No,New,Takeaway,1567.5
2483,2025-01-31,2025-01-31,20:25,Farmhouse Pizza,Pizza,1,399,399,Debit Card,Cloudy,18,165,46,119,399.0,314,Yes,Friday,No,No,New,Takeaway,895.9
2484,2025-12-22,2025-12-22,13:09,Cheese Burger,Burger,5,199,995,Debit Card,Cloudy,20,132,34,98,199.0,301,Yes,Monday,No,Yes,Returning,Takeaway,1415.5
2485,2025-06-28,2025-06-28,21:13,Masala Dosa,South Indian,1,199,199,Cash,Sunny,33,151,23,128,199.0,362,No,Saturday,Yes,No,New,Takeaway,400.9
2486,2025-07-03,2025-07-03,06:40,Chole Bhature,Main Course,1,199,199,UPI,Sunny,29,153,47,106,199.0,390,No,Thursday,No,No,Returning,Takeaway,600.9
2487,2025-10-21,2025-10-21,23:26,Chole Bhature,Main Course,3,199,597,Cash,Windy,21,124,37,87,199.0,313,Yes,Tuesday,No,Yes,New,Delivery,914.7
2488,2025-05-30,2025-05-30,12:45,Soft Drink,Beverage,5,79,395,UPI,Rainy,23,177,20,157,79.0,469,Yes,Friday,No,No,Returning,Delivery,752.5
2489,2025-06-25,2025-06-25,12:13,Masala Dosa,South Indian,2,199,398,UPI,Sunny,34,150,14,136,199.0,325,Yes,Wednesday,No,Yes,Returning,Takeaway,604.8
2490,2025-12-07,2025-12-07,00:19,Veg Burger,Burger,1,149,149,UPI,Sunny,33,157,10,147,149.0,414,Yes,Sunday,Yes,No,New,Takeaway,375.9
2491,2025-03-13,2025-03-13,11:37,Masala Dosa,South Indian,3,199,597,Credit Card,Windy,34,150,47,103,199.0,814,Yes,Thursday,No,No,Returning,Delivery,918.7
2492,2025-10-07,2025-10-07,01:05,Margherita Pizza,Pizza,3,299,897,Cash,Rainy,23,175,43,132,299.0,617,No,Tuesday,No,No,Returning,Delivery,1444.7
2493,2025-01-14,2025-01-14,20:09,Paneer Tikka,Starter,5,299,1495,Credit Card,Sunny,18,167,33,134,299.0,640,No,Tuesday,No,No,New,Dine-In,1785.5
2494,2025-04-24,2025-04-24,14:47,French Fries,Snacks,5,129,645,Debit Card,Windy,21,135,59,76,129.0,746,No,Thursday,No,Yes,New,Takeaway,823.5
2495,2025-11-28,2025-11-28,21:34,French Fries,Snacks,4,129,516,Cash,Windy,23,113,51,62,129.0,550,No,Friday,No,No,Returning,Delivery,987.6
2496,2025-09-19,2025-09-19,07:42,Masala Dosa,South Indian,3,199,597,UPI,Windy,18,149,44,105,199.0,568,No,Friday,No,No,Returning,Delivery,987.7
2497,2025-06-02,2025-06-02,08:29,Chole Bhature,Main Course,2,199,398,UPI,Sunny,32,106,32,74,199.0,342,No,Monday,No,No,New,Takeaway,776.8
2498,2025-09-15,2025-09-15,13:50,Veg Biryani,Main Course,4,249,996,UPI,Rainy,34,162,54,108,249.0,635,Yes,Monday,No,No,New,Takeaway,1354.6
2499,2025-04-28,2025-04-28,20:20,Cheese Burger,Burger,5,199,995,Credit Card,Sunny,30,159,31,128,199.0,348,No,Monday,No,No,New,Delivery,1584.5
2500,2025-09-15,2025-09-15,02:14,Chole Bhature,Main Course,3,199,597,UPI,Rainy,28,157,13,144,199.0,550,Yes,Monday,No,No,Returning,Takeaway,873.7
2501,2025-12-09,2025-12-09,01:53,French Fries,Snacks,3,129,387,Debit Card,Rainy,33,148,23,125,129.0,400,Yes,Tuesday,No,No,New,Takeaway,545.7
2502,2025-07-09,2025-07-09,04:11,Chocolate Shake,Beverage,2,179,358,Credit Card,Windy,20,82,57,25,179.0,673,No,Wednesday,No,No,Returning,Delivery,605.8
2503,2025-06-07,2025-06-07,20:01,Chocolate Shake,Beverage,1,179,179,Credit Card,Windy,33,98,25,73,179.0,724,No,Saturday,Yes,No,New,Dine-In,344.9
2504,2025-10-01,2025-10-01,03:42,Margherita Pizza,Pizza,5,299,1495,Cash,Rainy,18,104,53,51,299.0,815,No,Wednesday,No,No,Returning,Delivery,2054.5
2505,2025-05-28,2025-05-28,10:39,Soft Drink,Beverage,2,79,158,Cash,Sunny,33,149,21,128,79.0,886,No,Wednesday,No,No,New,Delivery,644.8
2506,2025-05-19,2025-05-19,14:24,Veg Biryani,Main Course,1,249,249,Debit Card,Sunny,29,152,42,110,249.0,612,Yes,Monday,No,No,Returning,Dine-In,375.9
2507,2025-11-28,2025-11-28,16:35,Spring Rolls,Starter,5,229,1145,UPI,Windy,33,179,22,157,229.0,454,Yes,Friday,No,No,Returning,Delivery,1716.5
2508,2025-03-04,2025-03-04,13:32,Spring Rolls,Starter,2,229,458,Credit Card,Cloudy,31,111,27,84,229.0,309,Yes,Tuesday,No,Yes,Returning,Delivery,781.8
2509,2025-03-01,2025-03-01,02:32,Paneer Tikka,Starter,1,299,299,Cash,Windy,23,90,39,51,299.0,502,Yes,Saturday,Yes,No,Returning,Dine-In,521.9
2510,2025-01-29,2025-01-29,18:57,Veg Biryani,Main Course,4,249,996,Cash,Windy,28,161,13,148,249.0,762,No,Wednesday,No,No,New,Takeaway,1234.6
2511,2025-10-20,2025-10-20,02:34,White Sauce Pasta,Pasta,1,249,249,Debit Card,Windy,29,144,26,118,249.0,463,No,Monday,No,No,Returning,Delivery,649.9
2512,2025-04-15,2025-04-15,06:37,Spring Rolls,Starter,2,229,458,UPI,Rainy,21,116,45,71,229.0,642,Yes,Tuesday,No,No,New,Delivery,635.8
2513,2025-07-01,2025-07-01,05:57,Soft Drink,Beverage,1,79,79,Cash,Sunny,26,111,51,60,79.0,485,Yes,Tuesday,No,No,Returning,Delivery,385.9
2514,2025-08-14,2025-08-14,10:30,Chole Bhature,Main Course,1,199,199,UPI,Cloudy,31,117,11,106,199.0,450,No,Thursday,No,No,New,Dine-In,446.9
2515,2025-07-01,2025-07-01,09:42,Margherita Pizza,Pizza,2,299,598,UPI,Cloudy,21,99,35,64,299.0,752,Yes,Tuesday,No,No,Returning,Takeaway,850.8
2516,2025-11-26,2025-11-26,22:49,Spring Rolls,Starter,5,229,1145,UPI,Cloudy,34,125,19,106,229.0,574,No,Wednesday,No,No,Returning,Takeaway,1497.5
2517,2025-06-18,2025-06-18,09:21,Farmhouse Pizza,Pizza,1,399,399,Cash,Sunny,31,149,35,114,399.0,710,No,Wednesday,No,No,Returning,Dine-In,917.9
2518,2025-11-19,2025-11-19,11:01,Paneer Tikka,Starter,4,299,1196,UPI,Rainy,34,141,10,131,299.0,658,Yes,Wednesday,No,No,New,Delivery,1635.6
2519,2025-10-10,2025-10-10,03:49,Soft Drink,Beverage,3,79,237,Credit Card,Sunny,35,130,34,96,79.0,595,Yes,Friday,No,No,New,Dine-In,718.7
2520,2025-10-03,2025-10-03,19:44,Masala Dosa,South Indian,5,199,995,Debit Card,Windy,19,93,53,40,199.0,315,Yes,Friday,No,No,New,Delivery,1337.5
2521,2025-11-17,2025-11-17,05:52,Margherita Pizza,Pizza,5,299,1495,Credit Card,Windy,22,88,13,75,299.0,474,Yes,Monday,No,No,Returning,Dine-In,2061.5
2522,2025-09-21,2025-09-21,13:05,French Fries,Snacks,4,129,516,Credit Card,Windy,26,85,52,33,129.0,369,Yes,Sunday,Yes,No,New,Takeaway,973.6
2523,2025-02-15,2025-02-15,03:46,Masala Dosa,South Indian,2,199,398,UPI,Rainy,19,163,57,106,199.0,489,Yes,Saturday,Yes,No,New,Delivery,797.8
2524,2025-11-08,2025-11-08,02:16,Masala Dosa,South Indian,5,199,995,UPI,Rainy,33,154,52,102,199.0,586,Yes,Saturday,Yes,No,Returning,Delivery,1516.5
2525,2025-07-30,2025-07-30,23:21,Chole Bhature,Main Course,2,199,398,Credit Card,Sunny,33,179,55,124,199.0,423,Yes,Wednesday,No,No,Returning,Takeaway,852.8
2526,2025-09-30,2025-09-30,17:10,Soft Drink,Beverage,5,79,395,Cash,Rainy,28,106,27,79,79.0,553,No,Tuesday,No,No,New,Dine-In,826.5
2527,2025-09-15,2025-09-15,11:36,Veg Biryani,Main Course,5,249,1245,Debit Card,Sunny,33,99,46,53,249.0,485,Yes,Monday,No,No,Returning,Takeaway,1632.5
2528,2025-12-07,2025-12-07,13:06,Veg Sandwich,Snacks,4,179,716,Credit Card,Windy,19,108,43,65,179.0,649,Yes,Sunday,Yes,No,New,Dine-In,893.6
2529,2025-11-17,2025-11-17,23:43,White Sauce Pasta,Pasta,1,249,249,Debit Card,Sunny,22,121,51,70,249.0,638,Yes,Monday,No,No,New,Delivery,637.9
2530,2025-08-22,2025-08-22,05:24,Margherita Pizza,Pizza,3,299,897,Cash,Rainy,31,107,53,54,299.0,884,No,Friday,No,No,New,Delivery,1370.7
2531,2025-12-14,2025-12-14,08:30,Paneer Tikka,Starter,2,299,598,Cash,Cloudy,21,175,40,135,299.0,863,Yes,Sunday,Yes,No,New,Takeaway,1119.8
2532,2025-02-18,2025-02-18,09:02,Veg Biryani,Main Course,2,249,498,Credit Card,Cloudy,25,82,17,65,249.0,856,No,Tuesday,No,Yes,Returning,Delivery,833.8
2533,2025-02-28,2025-02-28,00:42,Chocolate Shake,Beverage,2,179,358,Credit Card,Sunny,28,80,38,42,179.0,730,Yes,Friday,No,No,Returning,Delivery,510.8
2534,2025-01-10,2025-01-10,03:08,Farmhouse Pizza,Pizza,1,399,399,Cash,Sunny,27,86,29,57,399.0,311,No,Friday,No,No,New,Takeaway,577.9
2535,2025-03-20,2025-03-20,08:36,Spring Rolls,Starter,5,229,1145,Debit Card,Rainy,19,82,50,32,229.0,821,Yes,Thursday,No,No,New,Dine-In,1589.5
2536,2025-10-28,2025-10-28,13:54,Veg Burger,Burger,5,149,745,Credit Card,Rainy,27,105,54,51,149.0,491,No,Tuesday,No,No,Returning,Delivery,1292.5
2537,2025-01-19,2025-01-19,06:42,Masala Dosa,South Indian,4,199,796,Cash,Sunny,19,161,26,135,199.0,787,Yes,Sunday,Yes,No,New,Dine-In,1095.6
2538,2025-03-14,2025-03-14,16:50,French Fries,Snacks,1,129,129,Credit Card,Rainy,29,117,27,90,129.0,413,Yes,Friday,No,No,New,Dine-In,474.9
2539,2025-01-30,2025-01-30,07:37,Spring Rolls,Starter,4,229,916,Debit Card,Sunny,33,156,58,98,229.0,458,No,Thursday,No,No,New,Dine-In,1292.6
2540,2025-02-22,2025-02-22,14:25,Farmhouse Pizza,Pizza,1,399,399,Credit Card,Rainy,27,176,49,127,399.0,337,Yes,Saturday,Yes,No,New,Takeaway,648.9
2541,2025-06-14,2025-06-14,09:02,Chole Bhature,Main Course,2,199,398,Credit Card,Rainy,32,160,23,137,199.0,317,Yes,Saturday,Yes,No,New,Takeaway,829.8
2542,2025-07-24,2025-07-24,06:49,Veg Burger,Burger,4,149,596,Cash,Windy,32,138,22,116,149.0,824,Yes,Thursday,No,No,New,Delivery,966.6
2543,2025-11-05,2025-11-05,11:04,Veg Sandwich,Snacks,3,179,537,Credit Card,Windy,18,137,16,121,179.0,446,No,Wednesday,No,No,Returning,Dine-In,1035.7
2544,2025-09-09,2025-09-09,15:19,Masala Dosa,South Indian,2,199,398,UPI,Rainy,22,177,39,138,199.0,799,No,Tuesday,No,No,New,Takeaway,748.8
2545,2025-04-13,2025-04-13,18:38,Margherita Pizza,Pizza,4,299,1196,UPI,Sunny,34,158,23,135,299.0,439,Yes,Sunday,Yes,No,New,Delivery,1781.6
2546,2025-03-17,2025-03-17,19:35,Soft Drink,Beverage,5,79,395,Debit Card,Rainy,33,141,51,90,79.0,435,Yes,Monday,No,No,Returning,Dine-In,696.5
2547,2025-07-23,2025-07-23,13:05,Cheese Burger,Burger,1,199,199,UPI,Cloudy,28,172,56,116,199.0,880,No,Wednesday,No,No,Returning,Takeaway,383.9
2548,2025-08-25,2025-08-25,05:48,Farmhouse Pizza,Pizza,3,399,1197,Debit Card,Rainy,18,134,53,81,399.0,394,No,Monday,No,Yes,Returning,Delivery,1717.7
2549,2025-04-17,2025-04-17,23:09,Spring Rolls,Starter,5,229,1145,Credit Card,Cloudy,30,174,21,153,229.0,521,No,Thursday,No,No,New,Takeaway,1484.5
2550,2025-09-29,2025-09-29,02:04,French Fries,Snacks,4,129,516,Credit Card,Rainy,19,121,43,78,129.0,382,No,Monday,No,No,New,Delivery,709.6
2551,2025-05-11,2025-05-11,20:36,Masala Dosa,South Indian,2,199,398,UPI,Sunny,18,113,28,85,199.0,814,Yes,Sunday,Yes,No,New,Takeaway,901.8
2552,2025-03-10,2025-03-10,05:52,Chole Bhature,Main Course,1,199,199,Debit Card,Cloudy,19,140,21,119,199.0,584,Yes,Monday,No,No,New,Takeaway,325.9
2553,2025-08-04,2025-08-04,06:29,Veg Burger,Burger,3,149,447,Credit Card,Windy,26,127,38,89,149.0,723,Yes,Monday,No,No,New,Dine-In,877.7
2554,2025-11-14,2025-11-14,03:33,Margherita Pizza,Pizza,1,299,299,Cash,Rainy,23,85,17,68,299.0,340,No,Friday,No,No,Returning,Delivery,601.9
2555,2025-01-22,2025-01-22,06:31,White Sauce Pasta,Pasta,5,249,1245,Debit Card,Cloudy,29,140,11,129,249.0,373,Yes,Wednesday,No,Yes,New,Delivery,1684.5
2556,2025-01-16,2025-01-16,14:50,Cold Coffee,Beverage,4,149,596,Debit Card,Cloudy,19,147,27,120,149.0,380,No,Thursday,No,No,Returning,Dine-In,922.6
2557,2025-07-11,2025-07-11,21:42,Chocolate Shake,Beverage,3,179,537,Credit Card,Rainy,22,107,46,61,179.0,667,Yes,Friday,No,No,New,Delivery,974.7
2558,2025-01-31,2025-01-31,16:57,White Sauce Pasta,Pasta,5,249,1245,Credit Card,Rainy,20,139,21,118,249.0,813,Yes,Friday,No,No,New,Takeaway,1574.5
2559,2025-02-16,2025-02-16,16:51,Masala Dosa,South Indian,5,199,995,Debit Card,Sunny,35,116,49,67,199.0,721,Yes,Sunday,Yes,No,New,Dine-In,1327.5
2560,2025-02-07,2025-02-07,01:28,Masala Dosa,South Indian,1,199,199,Debit Card,Windy,25,165,16,149,199.0,383,No,Friday,No,No,Returning,Delivery,352.9
2561,2025-03-15,2025-03-15,09:09,Paneer Tikka,Starter,4,299,1196,Credit Card,Sunny,27,119,30,89,299.0,464,Yes,Saturday,Yes,No,Returning,Delivery,1756.6
2562,2025-05-12,2025-05-12,21:57,Margherita Pizza,Pizza,2,299,598,Cash,Cloudy,18,83,34,49,299.0,538,Yes,Monday,No,Yes,New,Delivery,1121.8
2563,2025-09-29,2025-09-29,00:02,Spring Rolls,Starter,3,229,687,Debit Card,Cloudy,23,141,41,100,229.0,685,No,Monday,No,No,New,Delivery,1039.7
2564,2025-03-07,2025-03-07,15:09,Veg Sandwich,Snacks,2,179,358,Cash,Windy,18,84,48,36,179.0,753,No,Friday,No,No,Returning,Dine-In,578.8
2565,2025-03-23,2025-03-23,09:43,Veg Burger,Burger,4,149,596,Cash,Cloudy,35,142,53,89,149.0,386,No,Sunday,Yes,No,Returning,Takeaway,858.6
2566,2025-03-31,2025-03-31,10:13,Cold Coffee,Beverage,4,149,596,Credit Card,Rainy,21,178,13,165,149.0,842,No,Monday,No,No,New,Takeaway,985.6
2567,2025-04-01,2025-04-01,04:55,Chole Bhature,Main Course,1,199,199,Debit Card,Rainy,32,81,45,36,199.0,831,Yes,Tuesday,No,No,New,Dine-In,561.9
2568,2025-07-25,2025-07-25,03:47,Veg Burger,Burger,1,149,149,Debit Card,Windy,34,111,35,76,149.0,412,No,Friday,No,No,Returning,Delivery,426.9
2569,2025-04-29,2025-04-29,17:41,Cold Coffee,Beverage,4,149,596,UPI,Rainy,32,177,55,122,149.0,769,No,Tuesday,No,No,Returning,Delivery,781.6
2570,2025-09-17,2025-09-17,15:43,Farmhouse Pizza,Pizza,2,399,798,Cash,Windy,20,82,13,69,399.0,826,Yes,Wednesday,No,No,New,Delivery,1178.8
2571,2025-02-03,2025-02-03,13:30,Veg Sandwich,Snacks,2,179,358,UPI,Windy,24,87,25,62,179.0,789,No,Monday,No,No,Returning,Dine-In,865.8
2572,2025-11-12,2025-11-12,22:27,French Fries,Snacks,2,129,258,Credit Card,Cloudy,34,82,11,71,129.0,406,No,Wednesday,No,No,New,Delivery,437.8
2573,2025-10-18,2025-10-18,09:02,Spring Rolls,Starter,4,229,916,Credit Card,Sunny,31,153,47,106,229.0,604,Yes,Saturday,Yes,No,Returning,Takeaway,1392.6
2574,2025-02-24,2025-02-24,17:07,Veg Burger,Burger,3,149,447,Debit Card,Rainy,27,109,33,76,149.0,844,Yes,Monday,No,No,New,Takeaway,952.7
2575,2025-11-11,2025-11-11,11:30,Soft Drink,Beverage,3,79,237,Cash,Rainy,28,180,46,134,79.0,726,No,Tuesday,No,No,Returning,Takeaway,550.7
2576,2025-10-28,2025-10-28,18:28,Masala Dosa,South Indian,2,199,398,Cash,Cloudy,35,167,31,136,199.0,564,Yes,Tuesday,No,No,New,Delivery,636.8
2577,2025-10-11,2025-10-11,18:45,Veg Biryani,Main Course,2,249,498,Debit Card,Cloudy,25,179,24,155,249.0,764,No,Saturday,Yes,No,New,Dine-In,962.8
2578,2025-04-04,2025-04-04,03:10,Veg Burger,Burger,1,149,149,Credit Card,Cloudy,23,80,27,53,149.0,815,Yes,Friday,No,Yes,New,Delivery,347.9
2579,2025-05-02,2025-05-02,20:38,Chole Bhature,Main Course,4,199,796,Debit Card,Cloudy,22,166,38,128,199.0,515,No,Friday,No,No,Returning,Dine-In,1018.6
2580,2025-03-05,2025-03-05,14:31,Chocolate Shake,Beverage,2,179,358,Debit Card,Cloudy,18,170,42,128,179.0,706,No,Wednesday,No,No,New,Takeaway,596.8
2581,2025-07-15,2025-07-15,08:12,Farmhouse Pizza,Pizza,2,399,798,UPI,Cloudy,31,85,15,70,399.0,425,Yes,Tuesday,No,No,Returning,Takeaway,1182.8
2582,2025-08-05,2025-08-05,06:06,Veg Sandwich,Snacks,2,179,358,Cash,Cloudy,34,161,47,114,179.0,593,Yes,Tuesday,No,No,Returning,Takeaway,882.8
2583,2025-10-09,2025-10-09,16:06,White Sauce Pasta,Pasta,3,249,747,UPI,Rainy,35,157,36,121,249.0,699,Yes,Thursday,No,No,New,Dine-In,1129.7
2584,2025-03-28,2025-03-28,16:30,Farmhouse Pizza,Pizza,1,399,399,UPI,Cloudy,23,99,34,65,399.0,330,Yes,Friday,No,No,Returning,Delivery,562.9
2585,2025-03-23,2025-03-23,08:09,French Fries,Snacks,5,129,645,UPI,Rainy,29,162,54,108,129.0,764,No,Sunday,Yes,No,New,Delivery,872.5
2586,2025-03-03,2025-03-03,07:18,French Fries,Snacks,3,129,387,Credit Card,Rainy,22,170,27,143,129.0,477,No,Monday,No,No,New,Delivery,647.7
2587,2025-12-15,2025-12-15,17:23,Masala Dosa,South Indian,1,199,199,Cash,Rainy,33,168,50,118,199.0,746,No,Monday,No,No,New,Dine-In,624.9
2588,2025-03-14,2025-03-14,14:56,Chocolate Shake,Beverage,1,179,179,Credit Card,Windy,23,84,39,45,179.0,688,Yes,Friday,No,No,New,Dine-In,406.9
2589,2025-11-06,2025-11-06,10:25,Cheese Burger,Burger,5,199,995,Debit Card,Windy,19,106,16,90,199.0,827,Yes,Thursday,No,No,New,Delivery,1433.5
2590,2025-01-02,2025-01-02,05:00,Soft Drink,Beverage,4,79,316,Debit Card,Sunny,20,157,12,145,79.0,675,No,Thursday,No,No,New,Dine-In,500.6
2591,2025-06-03,2025-06-03,08:18,Soft Drink,Beverage,3,79,237,UPI,Windy,19,137,39,98,79.0,406,Yes,Tuesday,No,Yes,New,Dine-In,517.7
2592,2025-12-25,2025-12-25,17:37,Spring Rolls,Starter,1,229,229,Cash,Rainy,31,142,55,87,229.0,823,No,Thursday,No,No,Returning,Delivery,578.9
2593,2025-09-27,2025-09-27,15:14,Margherita Pizza,Pizza,4,299,1196,UPI,Rainy,27,101,46,55,299.0,330,No,Saturday,Yes,No,Returning,Takeaway,1688.6
2594,2025-03-11,2025-03-11,17:13,Masala Dosa,South Indian,4,199,796,Cash,Windy,25,84,50,34,199.0,445,Yes,Tuesday,No,No,New,Delivery,1325.6
2595,2025-09-23,2025-09-23,13:11,Chocolate Shake,Beverage,2,179,358,UPI,Rainy,35,108,10,98,179.0,681,Yes,Tuesday,No,No,Returning,Delivery,495.8
2596,2025-07-29,2025-07-29,01:35,Soft Drink,Beverage,4,79,316,Credit Card,Sunny,32,163,24,139,79.0,496,No,Tuesday,No,No,New,Delivery,727.6
2597,2025-05-30,2025-05-30,09:40,French Fries,Snacks,1,129,129,Credit Card,Cloudy,25,119,56,63,129.0,659,No,Friday,No,No,New,Dine-In,549.9
2598,2025-08-01,2025-08-01,23:33,Paneer Tikka,Starter,4,299,1196,Debit Card,Windy,18,83,15,68,299.0,760,No,Friday,No,No,New,Dine-In,1709.6
2599,2025-02-26,2025-02-26,23:16,Farmhouse Pizza,Pizza,3,399,1197,UPI,Rainy,32,81,21,60,399.0,615,Yes,Wednesday,No,No,Returning,Delivery,1615.7
2600,2025-05-23,2025-05-23,16:14,Paneer Tikka,Starter,4,299,1196,UPI,Sunny,19,179,14,165,299.0,794,No,Friday,No,No,Returning,Takeaway,1589.6
2601,2025-09-03,2025-09-03,04:48,Margherita Pizza,Pizza,2,299,598,Cash,Rainy,18,126,35,91,299.0,520,No,Wednesday,No,Yes,New,Takeaway,1090.8
2602,2025-12-16,2025-12-16,04:26,Veg Biryani,Main Course,2,249,498,Cash,Rainy,32,166,42,124,249.0,748,No,Tuesday,No,No,Returning,Dine-In,806.8
2603,2025-08-17,2025-08-17,03:19,Chocolate Shake,Beverage,5,179,895,UPI,Windy,25,141,29,112,179.0,882,Yes,Sunday,Yes,No,New,Takeaway,1357.5
2604,2025-04-06,2025-04-06,18:00,Chole Bhature,Main Course,3,199,597,Credit Card,Windy,19,158,19,139,199.0,482,No,Sunday,Yes,Yes,Returning,Takeaway,1114.7
2605,2025-05-11,2025-05-11,02:30,Margherita Pizza,Pizza,2,299,598,Credit Card,Windy,29,160,59,101,299.0,869,Yes,Sunday,Yes,No,New,Delivery,901.8
2606,2025-11-24,2025-11-24,15:04,White Sauce Pasta,Pasta,3,249,747,Cash,Sunny,20,93,31,62,249.0,321,No,Monday,No,No,Returning,Dine-In,1119.7
2607,2025-03-14,2025-03-14,09:55,French Fries,Snacks,2,129,258,Cash,Cloudy,18,103,21,82,129.0,886,Yes,Friday,No,No,Returning,Delivery,564.8
2608,2025-05-30,2025-05-30,01:43,Soft Drink,Beverage,5,79,395,Cash,Sunny,35,161,42,119,79.0,521,No,Friday,No,No,New,Delivery,770.5
2609,2025-01-06,2025-01-06,14:23,Spring Rolls,Starter,1,229,229,UPI,Sunny,31,139,37,102,229.0,755,Yes,Monday,No,No,New,Delivery,671.9
2610,2025-12-27,2025-12-27,15:14,French Fries,Snacks,5,129,645,Credit Card,Cloudy,30,156,37,119,129.0,800,No,Saturday,Yes,No,Returning,Dine-In,830.5
2611,2025-10-03,2025-10-03,23:03,Veg Burger,Burger,5,149,745,Cash,Cloudy,27,167,59,108,149.0,656,No,Friday,No,No,New,Delivery,1074.5
2612,2025-10-03,2025-10-03,17:25,Chole Bhature,Main Course,5,199,995,Debit Card,Sunny,18,147,59,88,199.0,396,Yes,Friday,No,No,New,Delivery,1357.5
2613,2025-11-17,2025-11-17,11:40,Veg Sandwich,Snacks,4,179,716,UPI,Windy,27,141,42,99,179.0,830,Yes,Monday,No,No,Returning,Takeaway,1017.6
2614,2025-08-03,2025-08-03,10:13,Paneer Tikka,Starter,2,299,598,UPI,Sunny,18,138,23,115,299.0,770,No,Sunday,Yes,No,New,Takeaway,995.8
2615,2025-11-14,2025-11-14,21:39,Veg Sandwich,Snacks,3,179,537,Credit Card,Windy,24,177,38,139,179.0,767,Yes,Friday,No,No,New,Takeaway,940.7
2616,2025-10-24,2025-10-24,04:25,Chocolate Shake,Beverage,1,179,179,Debit Card,Cloudy,20,100,24,76,179.0,300,No,Friday,No,No,New,Dine-In,367.9
2617,2025-11-26,2025-11-26,18:43,Soft Drink,Beverage,2,79,158,Debit Card,Sunny,26,136,51,85,79.0,662,Yes,Wednesday,No,No,New,Takeaway,624.8
2618,2025-02-26,2025-02-26,09:52,Chocolate Shake,Beverage,2,179,358,Cash,Windy,27,108,34,74,179.0,300,Yes,Wednesday,No,No,Returning,Dine-In,568.8
2619,2025-12-26,2025-12-26,20:51,Cheese Burger,Burger,3,199,597,Cash,Cloudy,34,153,22,131,199.0,731,Yes,Friday,No,No,Returning,Delivery,796.7
2620,2025-06-19,2025-06-19,09:39,Veg Biryani,Main Course,2,249,498,UPI,Windy,29,128,28,100,249.0,468,No,Thursday,No,No,New,Dine-In,753.8
2621,2025-10-24,2025-10-24,13:54,Masala Dosa,South Indian,5,199,995,UPI,Rainy,18,101,36,65,199.0,779,Yes,Friday,No,No,New,Dine-In,1313.5
2622,2025-05-23,2025-05-23,14:03,Veg Burger,Burger,3,149,447,Credit Card,Windy,26,170,35,135,149.0,367,No,Friday,No,No,Returning,Takeaway,956.7
2623,2025-01-01,2025-01-01,14:45,Margherita Pizza,Pizza,1,299,299,UPI,Rainy,19,86,50,36,299.0,816,No,Wednesday,No,No,New,Takeaway,747.9
2624,2025-07-13,2025-07-13,00:31,Chole Bhature,Main Course,3,199,597,Cash,Windy,25,153,20,133,199.0,868,No,Sunday,Yes,No,Returning,Delivery,941.7
2625,2025-04-04,2025-04-04,21:26,Veg Biryani,Main Course,5,249,1245,Debit Card,Cloudy,23,131,19,112,249.0,544,Yes,Friday,No,No,Returning,Delivery,1644.5
2626,2025-07-12,2025-07-12,10:44,Paneer Tikka,Starter,3,299,897,Debit Card,Sunny,27,154,33,121,299.0,503,Yes,Saturday,Yes,No,Returning,Dine-In,1273.7
2627,2025-10-26,2025-10-26,17:51,Cheese Burger,Burger,3,199,597,Cash,Cloudy,20,110,54,56,199.0,624,Yes,Sunday,Yes,No,New,Dine-In,985.7
2628,2025-09-27,2025-09-27,15:24,French Fries,Snacks,3,129,387,Credit Card,Sunny,20,151,26,125,129.0,350,Yes,Saturday,Yes,Yes,Returning,Takeaway,584.7
2629,2025-06-19,2025-06-19,19:31,Cheese Burger,Burger,5,199,995,Debit Card,Windy,28,137,20,117,199.0,716,Yes,Thursday,No,No,New,Delivery,1579.5
2630,2025-10-16,2025-10-16,23:21,Cheese Burger,Burger,2,199,398,UPI,Cloudy,32,162,41,121,199.0,399,No,Thursday,No,No,Returning,Delivery,870.8
2631,2025-07-03,2025-07-03,19:44,Spring Rolls,Starter,5,229,1145,Debit Card,Rainy,25,99,41,58,229.0,666,Yes,Thursday,No,No,New,Delivery,1613.5
2632,2025-07-31,2025-07-31,17:16,Margherita Pizza,Pizza,1,299,299,Cash,Rainy,24,99,56,43,299.0,482,Yes,Thursday,No,No,Returning,Dine-In,445.9
2633,2025-02-19,2025-02-19,03:07,Paneer Tikka,Starter,2,299,598,Debit Card,Windy,22,132,46,86,299.0,805,No,Wednesday,No,No,New,Delivery,857.8
2634,2025-04-10,2025-04-10,04:08,Masala Dosa,South Indian,3,199,597,UPI,Cloudy,35,156,43,113,199.0,689,Yes,Thursday,No,No,Returning,Takeaway,765.7
2635,2025-12-06,2025-12-06,05:27,Spring Rolls,Starter,4,229,916,UPI,Cloudy,22,148,53,95,229.0,882,No,Saturday,Yes,Yes,New,Delivery,1393.6
2636,2025-01-30,2025-01-30,19:55,Veg Sandwich,Snacks,4,179,716,UPI,Cloudy,34,83,17,66,179.0,679,No,Thursday,No,No,Returning,Takeaway,947.6
2637,2025-08-28,2025-08-28,06:43,French Fries,Snacks,5,129,645,Debit Card,Rainy,34,147,50,97,129.0,682,Yes,Thursday,No,No,Returning,Dine-In,902.5
2638,2025-02-23,2025-02-23,05:55,Veg Burger,Burger,2,149,298,Debit Card,Cloudy,24,148,35,113,149.0,414,Yes,Sunday,Yes,No,New,Delivery,431.8
2639,2025-02-21,2025-02-21,15:18,White Sauce Pasta,Pasta,5,249,1245,Credit Card,Sunny,35,103,57,46,249.0,612,No,Friday,No,No,Returning,Dine-In,1747.5
2640,2025-06-01,2025-06-01,07:45,Soft Drink,Beverage,1,79,79,Credit Card,Cloudy,32,131,16,115,79.0,382,No,Sunday,Yes,No,New,Dine-In,414.9
2641,2025-03-29,2025-03-29,14:46,Chocolate Shake,Beverage,1,179,179,UPI,Rainy,18,83,36,47,179.0,863,Yes,Saturday,Yes,No,Returning,Takeaway,612.9
2642,2025-07-20,2025-07-20,08:28,Chole Bhature,Main Course,4,199,796,Cash,Rainy,30,139,31,108,199.0,596,No,Sunday,Yes,No,New,Dine-In,1150.6
2643,2025-02-14,2025-02-14,09:46,Paneer Tikka,Starter,3,299,897,UPI,Cloudy,20,117,13,104,299.0,777,No,Friday,No,No,New,Dine-In,1369.7
2644,2025-05-15,2025-05-15,11:36,Chole Bhature,Main Course,4,199,796,UPI,Cloudy,19,147,20,127,199.0,617,No,Thursday,No,No,Returning,Takeaway,1238.6
2645,2025-05-26,2025-05-26,20:36,Paneer Tikka,Starter,3,299,897,Debit Card,Sunny,22,150,42,108,299.0,591,No,Monday,No,No,New,Delivery,1254.7
2646,2025-12-21,2025-12-21,05:04,Cheese Burger,Burger,2,199,398,UPI,Windy,33,84,37,47,199.0,371,No,Sunday,Yes,No,Returning,Takeaway,763.8
2647,2025-11-03,2025-11-03,14:33,Soft Drink,Beverage,3,79,237,UPI,Windy,22,177,21,156,79.0,654,Yes,Monday,No,No,New,Dine-In,421.7
2648,2025-05-25,2025-05-25,12:52,White Sauce Pasta,Pasta,4,249,996,Credit Card,Windy,24,97,35,62,249.0,831,No,Sunday,Yes,No,Returning,Takeaway,1255.6
2649,2025-03-12,2025-03-12,05:49,Chole Bhature,Main Course,3,199,597,Debit Card,Sunny,25,147,54,93,199.0,809,No,Wednesday,No,No,New,Takeaway,775.7
2650,2025-04-21,2025-04-21,18:32,French Fries,Snacks,4,129,516,Debit Card,Cloudy,20,143,34,109,129.0,645,Yes,Monday,No,No,Returning,Takeaway,757.6
2651,2025-10-13,2025-10-13,09:46,White Sauce Pasta,Pasta,5,249,1245,Cash,Rainy,24,127,54,73,249.0,372,Yes,Monday,No,No,Returning,Dine-In,1758.5
2652,2025-09-28,2025-09-28,17:57,Chole Bhature,Main Course,1,199,199,Credit Card,Cloudy,31,141,20,121,199.0,518,No,Sunday,Yes,No,New,Dine-In,388.9
2653,2025-12-04,2025-12-04,16:29,French Fries,Snacks,3,129,387,Cash,Rainy,28,137,31,106,129.0,726,No,Thursday,No,Yes,Returning,Delivery,559.7
2654,2025-10-31,2025-10-31,20:19,White Sauce Pasta,Pasta,1,249,249,Credit Card,Cloudy,32,137,30,107,249.0,472,Yes,Friday,No,No,Returning,Dine-In,648.9
2655,2025-07-15,2025-07-15,11:31,Spring Rolls,Starter,4,229,916,Debit Card,Cloudy,21,180,17,163,229.0,354,Yes,Tuesday,No,No,New,Delivery,1317.6
2656,2025-10-08,2025-10-08,22:50,White Sauce Pasta,Pasta,1,249,249,Debit Card,Sunny,35,110,12,98,249.0,619,No,Wednesday,No,No,Returning,Delivery,596.9
2657,2025-08-01,2025-08-01,12:55,Spring Rolls,Starter,4,229,916,Credit Card,Sunny,28,108,48,60,229.0,737,Yes,Friday,No,No,New,Dine-In,1233.6
2658,2025-10-15,2025-10-15,04:28,Veg Burger,Burger,4,149,596,Cash,Rainy,35,158,22,136,149.0,736,Yes,Wednesday,No,No,Returning,Takeaway,801.6
2659,2025-01-09,2025-01-09,03:26,Cold Coffee,Beverage,3,149,447,Debit Card,Rainy,26,168,52,116,149.0,875,Yes,Thursday,No,No,New,Dine-In,835.7
2660,2025-04-05,2025-04-05,14:10,Cheese Burger,Burger,4,199,796,Credit Card,Cloudy,23,180,19,161,199.0,648,No,Saturday,Yes,No,Returning,Dine-In,1138.6
2661,2025-10-21,2025-10-21,13:33,White Sauce Pasta,Pasta,2,249,498,Debit Card,Sunny,35,138,41,97,249.0,402,No,Tuesday,No,No,Returning,Dine-In,914.8
2662,2025-04-13,2025-04-13,08:33,Veg Biryani,Main Course,1,249,249,Debit Card,Windy,35,146,25,121,249.0,453,Yes,Sunday,Yes,No,New,Dine-In,770.9
2663,2025-04-16,2025-04-16,23:19,French Fries,Snacks,2,129,258,Credit Card,Sunny,25,97,17,80,129.0,541,Yes,Wednesday,No,No,New,Delivery,758.8
2664,2025-04-09,2025-04-09,10:07,Margherita Pizza,Pizza,1,299,299,Cash,Rainy,25,83,60,23,299.0,391,No,Wednesday,No,No,Returning,Takeaway,692.9
2665,2025-08-25,2025-08-25,09:06,Margherita Pizza,Pizza,5,299,1495,Cash,Sunny,35,164,29,135,299.0,431,Yes,Monday,No,No,New,Delivery,2101.5
2666,2025-11-23,2025-11-23,20:24,Spring Rolls,Starter,5,229,1145,Credit Card,Windy,24,131,45,86,229.0,440,No,Sunday,Yes,No,Returning,Dine-In,1641.5
2667,2025-03-28,2025-03-28,06:06,Chocolate Shake,Beverage,2,179,358,UPI,Windy,20,101,60,41,179.0,586,No,Friday,No,No,Returning,Delivery,755.8
2668,2025-04-18,2025-04-18,13:14,Veg Sandwich,Snacks,1,179,179,Debit Card,Cloudy,31,98,39,59,179.0,557,Yes,Friday,No,No,New,Dine-In,386.9
2669,2025-09-19,2025-09-19,00:38,Chole Bhature,Main Course,2,199,398,Debit Card,Rainy,29,83,10,73,199.0,403,No,Friday,No,No,Returning,Delivery,694.8
2670,2025-06-06,2025-06-06,13:02,Cheese Burger,Burger,4,199,796,Credit Card,Sunny,18,158,13,145,199.0,817,Yes,Friday,No,No,Returning,Dine-In,1343.6
2671,2025-11-07,2025-11-07,09:21,White Sauce Pasta,Pasta,2,249,498,Debit Card,Cloudy,35,174,52,122,249.0,423,No,Friday,No,No,New,Delivery,841.8
2672,2025-05-17,2025-05-17,04:49,Spring Rolls,Starter,4,229,916,Debit Card,Sunny,33,146,55,91,229.0,660,Yes,Saturday,Yes,No,Returning,Dine-In,1213.6
2673,2025-11-22,2025-11-22,12:02,French Fries,Snacks,4,129,516,UPI,Rainy,21,137,26,111,129.0,313,No,Saturday,Yes,No,Returning,Dine-In,1017.6
2674,2025-07-11,2025-07-11,18:39,Veg Burger,Burger,5,149,745,Credit Card,Windy,29,92,50,42,149.0,602,Yes,Friday,No,No,Returning,Delivery,1150.5
2675,2025-11-15,2025-11-15,02:42,Spring Rolls,Starter,1,229,229,Cash,Sunny,35,176,11,165,229.0,618,Yes,Saturday,Yes,No,Returning,Delivery,479.9
2676,2025-12-10,2025-12-10,05:02,Paneer Tikka,Starter,2,299,598,Credit Card,Sunny,32,152,43,109,299.0,434,No,Wednesday,No,Yes,New,Dine-In,1118.8
2677,2025-07-31,2025-07-31,01:37,White Sauce Pasta,Pasta,2,249,498,Debit Card,Windy,24,161,19,142,249.0,382,No,Thursday,No,No,New,Dine-In,967.8
2678,2025-08-20,2025-08-20,03:10,Soft Drink,Beverage,5,79,395,Debit Card,Rainy,33,99,45,54,79.0,475,Yes,Wednesday,No,No,Returning,Dine-In,815.5
2679,2025-04-26,2025-04-26,04:45,Veg Burger,Burger,3,149,447,Debit Card,Cloudy,19,145,25,120,149.0,864,Yes,Saturday,Yes,No,New,Dine-In,885.7
2680,2025-05-26,2025-05-26,03:11,Chole Bhature,Main Course,5,199,995,Cash,Rainy,35,89,37,52,199.0,867,No,Monday,No,No,New,Dine-In,1489.5
2681,2025-05-09,2025-05-09,23:51,Cheese Burger,Burger,5,199,995,Debit Card,Windy,31,145,41,104,199.0,676,No,Friday,No,No,New,Takeaway,1386.5
2682,2025-03-27,2025-03-27,15:39,Farmhouse Pizza,Pizza,5,399,1995,Credit Card,Rainy,18,110,23,87,399.0,416,No,Thursday,No,No,New,Dine-In,2373.5
2683,2025-01-22,2025-01-22,03:47,Paneer Tikka,Starter,1,299,299,Debit Card,Cloudy,20,125,53,72,299.0,327,Yes,Wednesday,No,Yes,Returning,Delivery,569.9
2684,2025-10-13,2025-10-13,11:03,White Sauce Pasta,Pasta,5,249,1245,Credit Card,Cloudy,26,122,27,95,249.0,553,Yes,Monday,No,No,New,Takeaway,1675.5
2685,2025-12-26,2025-12-26,21:53,White Sauce Pasta,Pasta,5,249,1245,UPI,Cloudy,23,138,45,93,249.0,653,No,Friday,No,No,New,Delivery,1777.5
2686,2025-09-11,2025-09-11,06:39,French Fries,Snacks,2,129,258,UPI,Windy,26,157,20,137,129.0,583,Yes,Thursday,No,No,New,Dine-In,548.8
2687,2025-06-26,2025-06-26,05:55,Spring Rolls,Starter,5,229,1145,Credit Card,Rainy,22,90,58,32,229.0,843,No,Thursday,No,No,New,Delivery,1508.5
2688,2025-08-31,2025-08-31,04:07,Chole Bhature,Main Course,1,199,199,Debit Card,Sunny,25,121,33,88,199.0,724,Yes,Sunday,Yes,No,New,Takeaway,658.9
2689,2025-03-03,2025-03-03,09:14,Masala Dosa,South Indian,4,199,796,UPI,Windy,21,148,31,117,199.0,319,Yes,Monday,No,Yes,New,Dine-In,1040.6
2690,2025-02-23,2025-02-23,05:26,Masala Dosa,South Indian,2,199,398,Credit Card,Sunny,30,93,39,54,199.0,898,Yes,Sunday,Yes,No,New,Delivery,698.8
2691,2025-06-24,2025-06-24,15:55,Paneer Tikka,Starter,3,299,897,UPI,Rainy,35,117,57,60,299.0,785,No,Tuesday,No,No,Returning,Takeaway,1213.7
2692,2025-10-20,2025-10-20,22:35,French Fries,Snacks,5,129,645,Credit Card,Rainy,23,87,53,34,129.0,640,Yes,Monday,No,No,Returning,Delivery,978.5
2693,2025-12-21,2025-12-21,18:09,French Fries,Snacks,5,129,645,UPI,Rainy,33,146,31,115,129.0,841,Yes,Sunday,Yes,No,Returning,Dine-In,1185.5
2694,2025-04-01,2025-04-01,05:57,Paneer Tikka,Starter,3,299,897,Cash,Sunny,27,124,48,76,299.0,858,Yes,Tuesday,No,No,Returning,Delivery,1212.7
2695,2025-05-21,2025-05-21,16:59,Chole Bhature,Main Course,1,199,199,Debit Card,Sunny,26,168,49,119,199.0,517,Yes,Wednesday,No,No,New,Delivery,675.9
2696,2025-12-24,2025-12-24,00:39,Cold Coffee,Beverage,3,149,447,Debit Card,Windy,25,87,51,36,149.0,803,Yes,Wednesday,No,No,Returning,Takeaway,826.7
2697,2025-02-23,2025-02-23,20:37,Cheese Burger,Burger,3,199,597,UPI,Sunny,20,135,60,75,199.0,532,No,Sunday,Yes,No,New,Delivery,908.7
2698,2025-09-11,2025-09-11,18:44,Paneer Tikka,Starter,3,299,897,Cash,Windy,30,94,27,67,299.0,855,No,Thursday,No,Yes,New,Takeaway,1170.7
2699,2025-01-28,2025-01-28,21:55,Cheese Burger,Burger,5,199,995,Credit Card,Cloudy,33,103,60,43,199.0,328,No,Tuesday,No,No,Returning,Dine-In,1227.5
2700,2025-05-31,2025-05-31,15:18,Spring Rolls,Starter,1,229,229,UPI,Rainy,18,162,47,115,229.0,664,No,Saturday,Yes,No,Returning,Takeaway,550.9
2701,2025-06-21,2025-06-21,06:21,Masala Dosa,South Indian,5,199,995,Cash,Rainy,22,172,58,114,199.0,368,No,Saturday,Yes,No,Returning,Dine-In,1292.5
2702,2025-05-02,2025-05-02,18:05,French Fries,Snacks,4,129,516,Credit Card,Rainy,26,96,14,82,129.0,373,Yes,Friday,No,Yes,New,Dine-In,696.6
2703,2025-10-25,2025-10-25,01:11,Cold Coffee,Beverage,1,149,149,Cash,Cloudy,28,141,27,114,149.0,611,Yes,Saturday,Yes,No,Returning,Delivery,549.9
2704,2025-12-10,2025-12-10,21:18,Veg Sandwich,Snacks,3,179,537,Debit Card,Sunny,19,133,23,110,179.0,846,No,Wednesday,No,No,Returning,Dine-In,728.7
2705,2025-10-07,2025-10-07,01:09,Soft Drink,Beverage,2,79,158,UPI,Sunny,19,80,17,63,79.0,781,No,Tuesday,No,No,Returning,Dine-In,664.8
2706,2025-05-13,2025-05-13,07:43,Cold Coffee,Beverage,3,149,447,Credit Card,Sunny,33,176,15,161,149.0,514,No,Tuesday,No,No,New,Delivery,939.7
2707,2025-11-23,2025-11-23,23:39,Soft Drink,Beverage,4,79,316,Credit Card,Windy,31,82,42,40,79.0,473,Yes,Sunday,Yes,No,New,Takeaway,820.6
2708,2025-06-06,2025-06-06,00:43,Chole Bhature,Main Course,1,199,199,Debit Card,Cloudy,27,143,55,88,199.0,379,Yes,Friday,No,No,Returning,Delivery,631.9
2709,2025-07-07,2025-07-07,22:27,White Sauce Pasta,Pasta,3,249,747,Debit Card,Rainy,21,142,45,97,249.0,390,Yes,Monday,No,No,Returning,Dine-In,1205.7
2710,2025-07-30,2025-07-30,07:29,French Fries,Snacks,4,129,516,Cash,Cloudy,31,106,24,82,129.0,826,Yes,Wednesday,No,No,New,Dine-In,998.6
2711,2025-01-02,2025-01-02,03:02,Chole Bhature,Main Course,1,199,199,UPI,Cloudy,21,108,11,97,199.0,321,Yes,Thursday,No,No,Returning,Dine-In,641.9
2712,2025-09-02,2025-09-02,11:52,Masala Dosa,South Indian,4,199,796,Credit Card,Windy,28,89,26,63,199.0,456,Yes,Tuesday,No,No,Returning,Takeaway,1318.6
2713,2025-01-30,2025-01-30,10:17,Paneer Tikka,Starter,4,299,1196,Credit Card,Cloudy,22,110,22,88,299.0,447,Yes,Thursday,No,No,Returning,Delivery,1595.6
2714,2025-05-01,2025-05-01,08:41,Veg Biryani,Main Course,3,249,747,UPI,Windy,20,173,14,159,249.0,629,No,Thursday,No,No,Returning,Dine-In,1144.7
2715,2025-09-16,2025-09-16,22:13,Cheese Burger,Burger,4,199,796,Credit Card,Rainy,30,99,13,86,199.0,825,No,Tuesday,No,No,Returning,Dine-In,1053.6
2716,2025-12-06,2025-12-06,03:58,French Fries,Snacks,3,129,387,UPI,Cloudy,32,165,42,123,129.0,350,No,Saturday,Yes,No,New,Takeaway,771.7
2717,2025-07-05,2025-07-05,21:08,Chocolate Shake,Beverage,5,179,895,Cash,Rainy,25,176,49,127,179.0,450,No,Saturday,Yes,No,Returning,Takeaway,1180.5
2718,2025-11-07,2025-11-07,12:23,Masala Dosa,South Indian,2,199,398,UPI,Rainy,20,121,33,88,199.0,358,Yes,Friday,No,No,New,Takeaway,772.8
2719,2025-08-24,2025-08-24,20:41,Margherita Pizza,Pizza,5,299,1495,Cash,Cloudy,19,139,13,126,299.0,344,No,Sunday,Yes,Yes,Returning,Dine-In,1809.5
2720,2025-07-18,2025-07-18,08:37,Farmhouse Pizza,Pizza,1,399,399,UPI,Sunny,35,110,58,52,399.0,326,No,Friday,No,No,New,Delivery,895.9
2721,2025-01-05,2025-01-05,22:22,Veg Sandwich,Snacks,4,179,716,Credit Card,Cloudy,26,174,24,150,179.0,411,No,Sunday,Yes,No,New,Dine-In,980.6
2722,2025-10-05,2025-10-05,22:51,Veg Burger,Burger,4,149,596,Cash,Rainy,32,176,46,130,149.0,417,Yes,Sunday,Yes,No,Returning,Takeaway,1049.6
2723,2025-08-04,2025-08-04,06:13,Soft Drink,Beverage,3,79,237,UPI,Rainy,35,146,10,136,79.0,618,No,Monday,No,No,Returning,Dine-In,729.7
2724,2025-08-13,2025-08-13,04:38,Veg Biryani,Main Course,5,249,1245,Debit Card,Sunny,23,132,17,115,249.0,355,Yes,Wednesday,No,No,Returning,Takeaway,1664.5
2725,2025-11-27,2025-11-27,07:27,French Fries,Snacks,4,129,516,UPI,Sunny,19,124,19,105,129.0,606,No,Thursday,No,No,New,Takeaway,900.6
2726,2025-03-31,2025-03-31,15:33,Veg Sandwich,Snacks,3,179,537,Debit Card,Rainy,26,152,52,100,179.0,430,Yes,Monday,No,No,Returning,Dine-In,845.7
2727,2025-04-24,2025-04-24,21:30,Paneer Tikka,Starter,2,299,598,UPI,Windy,34,179,32,147,299.0,338,No,Thursday,No,No,Returning,Takeaway,1070.8
2728,2025-03-16,2025-03-16,16:10,Cheese Burger,Burger,2,199,398,UPI,Cloudy,32,114,30,84,199.0,673,No,Sunday,Yes,No,New,Dine-In,753.8
2729,2025-11-13,2025-11-13,19:51,Cold Coffee,Beverage,2,149,298,Credit Card,Rainy,20,105,18,87,149.0,715,Yes,Thursday,No,No,Returning,Takeaway,483.8
2730,2025-01-01,2025-01-01,14:05,Farmhouse Pizza,Pizza,2,399,798,Cash,Rainy,25,133,34,99,399.0,776,Yes,Wednesday,No,No,New,Dine-In,1006.8
2731,2025-07-10,2025-07-10,09:14,Veg Sandwich,Snacks,5,179,895,UPI,Rainy,34,176,18,158,179.0,836,No,Thursday,No,No,New,Dine-In,1214.5
2732,2025-01-13,2025-01-13,10:13,Chole Bhature,Main Course,2,199,398,Debit Card,Sunny,18,179,34,145,199.0,471,Yes,Monday,No,No,Returning,Takeaway,595.8
2733,2025-01-12,2025-01-12,21:28,Farmhouse Pizza,Pizza,3,399,1197,Debit Card,Sunny,30,115,54,61,399.0,521,Yes,Sunday,Yes,No,Returning,Dine-In,1739.7
2734,2025-03-29,2025-03-29,06:15,White Sauce Pasta,Pasta,3,249,747,Cash,Sunny,26,175,29,146,249.0,331,Yes,Saturday,Yes,No,Returning,Dine-In,1220.7
2735,2025-11-18,2025-11-18,13:31,Veg Biryani,Main Course,1,249,249,Credit Card,Windy,32,120,45,75,249.0,402,No,Tuesday,No,No,New,Dine-In,444.9
2736,2025-06-23,2025-06-23,15:27,Paneer Tikka,Starter,3,299,897,UPI,Cloudy,33,117,22,95,299.0,663,Yes,Monday,No,No,New,Delivery,1211.7
2737,2025-04-12,2025-04-12,21:57,Veg Biryani,Main Course,1,249,249,Debit Card,Cloudy,23,139,37,102,249.0,445,No,Saturday,Yes,No,Returning,Takeaway,635.9
2738,2025-02-21,2025-02-21,18:23,Cold Coffee,Beverage,5,149,745,UPI,Cloudy,25,155,53,102,149.0,493,Yes,Friday,No,No,New,Delivery,1188.5
2739,2025-05-12,2025-05-12,20:04,Veg Biryani,Main Course,5,249,1245,Cash,Windy,18,147,12,135,249.0,766,No,Monday,No,No,Returning,Takeaway,1591.5
2740,2025-11-03,2025-11-03,18:35,Cold Coffee,Beverage,2,149,298,UPI,Cloudy,26,171,52,119,149.0,695,No,Monday,No,No,New,Delivery,703.8
2741,2025-08-12,2025-08-12,03:18,Veg Burger,Burger,1,149,149,Cash,Cloudy,29,121,44,77,149.0,458,Yes,Tuesday,No,No,Returning,Dine-In,581.9
2742,2025-04-14,2025-04-14,22:56,White Sauce Pasta,Pasta,4,249,996,Debit Card,Cloudy,25,85,21,64,249.0,668,Yes,Monday,No,No,New,Delivery,1213.6
2743,2025-01-12,2025-01-12,20:24,Veg Biryani,Main Course,2,249,498,Credit Card,Windy,25,124,25,99,249.0,862,Yes,Sunday,Yes,No,Returning,Takeaway,679.8
2744,2025-01-18,2025-01-18,03:03,Cold Coffee,Beverage,3,149,447,Cash,Rainy,21,96,15,81,149.0,869,No,Saturday,Yes,No,New,Dine-In,634.7
2745,2025-01-02,2025-01-02,09:05,Veg Burger,Burger,1,149,149,Debit Card,Cloudy,28,154,38,116,149.0,349,Yes,Thursday,No,No,New,Delivery,355.9
2746,2025-06-20,2025-06-20,02:46,Cheese Burger,Burger,5,199,995,UPI,Cloudy,23,161,35,126,199.0,603,Yes,Friday,No,No,Returning,Takeaway,1498.5
2747,2025-12-12,2025-12-12,11:24,Veg Sandwich,Snacks,2,179,358,Debit Card,Rainy,26,171,56,115,179.0,604,No,Friday,No,No,Returning,Delivery,505.8
2748,2025-03-31,2025-03-31,23:05,Cheese Burger,Burger,3,199,597,Credit Card,Rainy,26,166,38,128,199.0,672,Yes,Monday,No,No,Returning,Takeaway,914.7
2749,2025-06-01,2025-06-01,06:55,Veg Burger,Burger,4,149,596,Credit Card,Sunny,29,94,28,66,149.0,437,No,Sunday,Yes,Yes,Returning,Delivery,773.6
2750,2025-12-25,2025-12-25,05:38,Margherita Pizza,Pizza,5,299,1495,UPI,Windy,23,160,43,117,299.0,890,Yes,Thursday,No,No,Returning,Delivery,2033.5
2751,2025-08-08,2025-08-08,22:43,Chocolate Shake,Beverage,2,179,358,Credit Card,Windy,22,111,15,96,179.0,631,Yes,Friday,No,No,New,Delivery,834.8
2752,2025-02-14,2025-02-14,12:10,Cheese Burger,Burger,3,199,597,Credit Card,Windy,18,84,13,71,199.0,469,Yes,Friday,No,No,New,Delivery,1117.7
2753,2025-04-19,2025-04-19,17:47,Spring Rolls,Starter,5,229,1145,Cash,Rainy,28,90,23,67,229.0,764,No,Saturday,Yes,No,New,Dine-In,1455.5
2754,2025-01-30,2025-01-30,22:26,Margherita Pizza,Pizza,3,299,897,Credit Card,Windy,28,111,43,68,299.0,810,Yes,Thursday,No,No,New,Dine-In,1208.7
2755,2025-06-29,2025-06-29,01:57,Paneer Tikka,Starter,1,299,299,UPI,Cloudy,22,177,51,126,299.0,321,Yes,Sunday,Yes,Yes,New,Dine-In,438.9
2756,2025-02-05,2025-02-05,01:49,Chocolate Shake,Beverage,3,179,537,UPI,Windy,20,158,18,140,179.0,438,No,Wednesday,No,No,New,Takeaway,948.7
2757,2025-04-17,2025-04-17,09:33,Chole Bhature,Main Course,5,199,995,Cash,Cloudy,21,173,17,156,199.0,320,No,Thursday,No,No,New,Takeaway,1569.5
2758,2025-02-19,2025-02-19,13:26,White Sauce Pasta,Pasta,3,249,747,Cash,Rainy,29,140,38,102,249.0,772,Yes,Wednesday,No,No,New,Takeaway,1057.7
2759,2025-08-22,2025-08-22,00:01,Soft Drink,Beverage,4,79,316,Cash,Windy,31,163,54,109,79.0,622,No,Friday,No,No,Returning,Takeaway,634.6
2760,2025-01-18,2025-01-18,02:11,Chocolate Shake,Beverage,2,179,358,UPI,Rainy,26,88,32,56,179.0,669,Yes,Saturday,Yes,No,New,Takeaway,833.8
2761,2025-11-06,2025-11-06,07:27,Spring Rolls,Starter,4,229,916,UPI,Rainy,33,89,13,76,229.0,659,No,Thursday,No,No,Returning,Dine-In,1301.6
2762,2025-08-17,2025-08-17,09:21,Chole Bhature,Main Course,4,199,796,UPI,Sunny,33,173,28,145,199.0,545,Yes,Sunday,Yes,Yes,Returning,Takeaway,1162.6
2763,2025-06-30,2025-06-30,03:08,French Fries,Snacks,2,129,258,Credit Card,Cloudy,24,128,10,118,129.0,530,Yes,Monday,No,No,Returning,Takeaway,776.8
2764,2025-07-05,2025-07-05,06:17,Veg Biryani,Main Course,3,249,747,UPI,Cloudy,26,161,10,151,249.0,851,No,Saturday,Yes,No,New,Dine-In,1238.7
2765,2025-08-14,2025-08-14,07:09,French Fries,Snacks,5,129,645,UPI,Sunny,26,131,15,116,129.0,552,Yes,Thursday,No,No,New,Dine-In,892.5
2766,2025-03-19,2025-03-19,01:29,Chocolate Shake,Beverage,1,179,179,Credit Card,Cloudy,25,136,41,95,179.0,578,No,Wednesday,No,No,Returning,Dine-In,529.9
2767,2025-09-23,2025-09-23,12:29,French Fries,Snacks,4,129,516,UPI,Windy,22,137,24,113,129.0,604,No,Tuesday,No,No,New,Takeaway,890.6
2768,2025-12-14,2025-12-14,20:52,Cheese Burger,Burger,1,199,199,Cash,Cloudy,28,108,60,48,199.0,686,No,Sunday,Yes,No,Returning,Takeaway,640.9
2769,2025-08-06,2025-08-06,18:36,Veg Sandwich,Snacks,5,179,895,UPI,Sunny,25,133,23,110,179.0,395,No,Wednesday,No,No,Returning,Dine-In,1150.5
2770,2025-11-17,2025-11-17,05:35,Chocolate Shake,Beverage,3,179,537,UPI,Windy,32,87,28,59,179.0,880,Yes,Monday,No,No,New,Takeaway,702.7
2771,2025-06-22,2025-06-22,10:37,White Sauce Pasta,Pasta,2,249,498,Debit Card,Cloudy,24,122,22,100,249.0,458,Yes,Sunday,Yes,No,New,Delivery,1013.8
2772,2025-03-24,2025-03-24,22:55,Veg Burger,Burger,2,149,298,Debit Card,Windy,32,153,36,117,149.0,507,No,Monday,No,Yes,Returning,Delivery,607.8
2773,2025-04-08,2025-04-08,07:56,Veg Sandwich,Snacks,5,179,895,Credit Card,Sunny,19,149,37,112,179.0,562,No,Tuesday,No,No,Returning,Delivery,1253.5
2774,2025-04-25,2025-04-25,22:48,Veg Burger,Burger,4,149,596,UPI,Rainy,30,159,31,128,149.0,546,Yes,Friday,No,No,New,Dine-In,884.6
2775,2025-11-22,2025-11-22,20:33,Soft Drink,Beverage,4,79,316,Cash,Rainy,34,146,20,126,79.0,811,No,Saturday,Yes,No,Returning,Dine-In,739.6
2776,2025-06-15,2025-06-15,12:23,Chole Bhature,Main Course,1,199,199,Credit Card,Sunny,25,146,36,110,199.0,810,No,Sunday,Yes,No,Returning,Takeaway,603.9
2777,2025-06-29,2025-06-29,14:13,Margherita Pizza,Pizza,4,299,1196,Debit Card,Sunny,28,149,19,130,299.0,441,No,Sunday,Yes,No,New,Takeaway,1446.6
2778,2025-05-04,2025-05-04,22:13,Veg Biryani,Main Course,2,249,498,Debit Card,Cloudy,18,110,25,85,249.0,722,Yes,Sunday,Yes,No,New,Dine-In,794.8
2779,2025-03-19,2025-03-19,11:38,Veg Biryani,Main Course,1,249,249,Debit Card,Sunny,24,91,40,51,249.0,756,No,Wednesday,No,No,New,Dine-In,727.9
2780,2025-07-30,2025-07-30,13:56,Veg Burger,Burger,1,149,149,Debit Card,Windy,35,101,56,45,149.0,875,Yes,Wednesday,No,No,New,Takeaway,478.9
2781,2025-03-29,2025-03-29,02:27,Margherita Pizza,Pizza,2,299,598,Cash,Rainy,31,133,47,86,299.0,872,No,Saturday,Yes,No,New,Delivery,993.8
2782,2025-05-29,2025-05-29,04:27,Paneer Tikka,Starter,2,299,598,Debit Card,Cloudy,24,116,17,99,299.0,563,Yes,Thursday,No,No,Returning,Takeaway,838.8
2783,2025-08-10,2025-08-10,10:10,Masala Dosa,South Indian,5,199,995,Debit Card,Sunny,21,115,23,92,199.0,589,Yes,Sunday,Yes,Yes,Returning,Delivery,1404.5
2784,2025-10-07,2025-10-07,22:05,Soft Drink,Beverage,2,79,158,Debit Card,Sunny,27,107,47,60,79.0,600,No,Tuesday,No,No,Returning,Delivery,399.8
2785,2025-12-14,2025-12-14,03:33,Farmhouse Pizza,Pizza,4,399,1596,Debit Card,Sunny,24,161,28,133,399.0,699,Yes,Sunday,Yes,No,Returning,Dine-In,2061.6
2786,2025-01-25,2025-01-25,17:08,Veg Burger,Burger,4,149,596,Debit Card,Rainy,30,95,25,70,149.0,482,Yes,Saturday,Yes,No,Returning,Takeaway,1108.6
2787,2025-09-22,2025-09-22,20:03,Chole Bhature,Main Course,1,199,199,Cash,Windy,24,169,41,128,199.0,377,No,Monday,No,No,New,Dine-In,551.9
2788,2025-03-05,2025-03-05,11:21,Chocolate Shake,Beverage,4,179,716,Cash,Cloudy,19,96,40,56,179.0,332,Yes,Wednesday,No,No,Returning,Delivery,900.6
2789,2025-11-05,2025-11-05,02:36,Veg Sandwich,Snacks,4,179,716,UPI,Cloudy,20,118,28,90,179.0,773,No,Wednesday,No,No,Returning,Dine-In,1115.6
2790,2025-09-06,2025-09-06,13:00,Cold Coffee,Beverage,1,149,149,Credit Card,Rainy,21,81,13,68,149.0,672,No,Saturday,Yes,No,New,Dine-In,296.9
2791,2025-09-11,2025-09-11,19:57,Paneer Tikka,Starter,4,299,1196,Debit Card,Rainy,20,116,40,76,299.0,565,Yes,Thursday,No,No,New,Delivery,1653.6
2792,2025-07-27,2025-07-27,20:51,French Fries,Snacks,2,129,258,UPI,Cloudy,35,105,37,68,129.0,372,Yes,Sunday,Yes,No,Returning,Dine-In,666.8
2793,2025-05-31,2025-05-31,16:40,Farmhouse Pizza,Pizza,4,399,1596,Cash,Cloudy,22,165,38,127,399.0,462,Yes,Saturday,Yes,Yes,New,Delivery,2108.6
2794,2025-04-12,2025-04-12,00:06,Margherita Pizza,Pizza,3,299,897,Cash,Sunny,19,172,53,119,299.0,623,No,Saturday,Yes,No,New,Dine-In,1306.7
2795,2025-08-05,2025-08-05,01:10,Cheese Burger,Burger,1,199,199,Cash,Cloudy,18,161,59,102,199.0,570,No,Tuesday,No,Yes,New,Dine-In,530.9
2796,2025-11-25,2025-11-25,19:08,Veg Biryani,Main Course,2,249,498,Credit Card,Cloudy,26,146,59,87,249.0,780,Yes,Tuesday,No,No,Returning,Dine-In,893.8
2797,2025-07-19,2025-07-19,09:28,Soft Drink,Beverage,1,79,79,Cash,Cloudy,28,140,37,103,79.0,829,Yes,Saturday,Yes,No,Returning,Takeaway,462.9
2798,2025-01-30,2025-01-30,07:43,Paneer Tikka,Starter,2,299,598,Debit Card,Windy,30,148,45,103,299.0,817,Yes,Thursday,No,No,New,Delivery,780.8
2799,2025-06-16,2025-06-16,09:43,Chole Bhature,Main Course,4,199,796,Debit Card,Sunny,22,125,32,93,199.0,645,Yes,Monday,No,No,New,Delivery,1124.6
2800,2025-06-25,2025-06-25,04:13,French Fries,Snacks,3,129,387,UPI,Sunny,31,143,20,123,129.0,765,Yes,Wednesday,No,No,Returning,Takeaway,656.7
2801,2025-02-21,2025-02-21,08:46,Masala Dosa,South Indian,1,199,199,Debit Card,Rainy,32,173,48,125,199.0,762,No,Friday,No,No,Returning,Delivery,372.9
2802,2025-11-07,2025-11-07,18:39,Chocolate Shake,Beverage,2,179,358,Cash,Cloudy,35,115,23,92,179.0,577,Yes,Friday,No,No,Returning,Dine-In,731.8
2803,2025-03-29,2025-03-29,03:32,Veg Sandwich,Snacks,2,179,358,UPI,Windy,30,110,57,53,179.0,410,Yes,Saturday,Yes,No,Returning,Delivery,792.8
2804,2025-04-22,2025-04-22,00:43,French Fries,Snacks,3,129,387,Cash,Sunny,21,121,15,106,129.0,345,No,Tuesday,No,No,Returning,Dine-In,882.7
2805,2025-11-28,2025-11-28,13:47,Cold Coffee,Beverage,3,149,447,Cash,Cloudy,26,121,44,77,149.0,327,No,Friday,No,No,Returning,Takeaway,885.7
2806,2025-09-11,2025-09-11,21:13,Spring Rolls,Starter,2,229,458,Cash,Sunny,35,153,51,102,229.0,718,Yes,Thursday,No,No,New,Dine-In,715.8
2807,2025-10-02,2025-10-02,08:11,Margherita Pizza,Pizza,5,299,1495,Cash,Windy,27,134,54,80,299.0,713,Yes,Thursday,No,No,New,Dine-In,1800.5
2808,2025-03-05,2025-03-05,03:54,Chole Bhature,Main Course,3,199,597,Debit Card,Sunny,28,108,19,89,199.0,765,Yes,Wednesday,No,No,New,Takeaway,807.7
2809,2025-05-23,2025-05-23,19:10,Margherita Pizza,Pizza,3,299,897,Debit Card,Windy,28,109,11,98,299.0,396,No,Friday,No,No,New,Delivery,1300.7
2810,2025-07-09,2025-07-09,21:37,Veg Biryani,Main Course,3,249,747,Debit Card,Sunny,28,150,20,130,249.0,571,Yes,Wednesday,No,No,New,Dine-In,1180.7
2811,2025-09-07,2025-09-07,20:06,Paneer Tikka,Starter,2,299,598,Cash,Rainy,21,101,53,48,299.0,474,No,Sunday,Yes,No,New,Takeaway,999.8
2812,2025-09-10,2025-09-10,02:31,Cheese Burger,Burger,5,199,995,UPI,Windy,26,163,15,148,199.0,742,Yes,Wednesday,No,No,New,Delivery,1380.5
2813,2025-01-12,2025-01-12,02:39,Veg Biryani,Main Course,5,249,1245,Cash,Windy,27,179,41,138,249.0,389,Yes,Sunday,Yes,Yes,New,Delivery,1766.5
2814,2025-02-10,2025-02-10,07:26,Soft Drink,Beverage,4,79,316,Credit Card,Windy,28,86,32,54,79.0,403,No,Monday,No,No,New,Delivery,822.6
2815,2025-09-14,2025-09-14,23:24,Spring Rolls,Starter,3,229,687,Credit Card,Rainy,26,127,14,113,229.0,414,Yes,Sunday,Yes,No,New,Delivery,894.7
2816,2025-06-30,2025-06-30,18:03,Paneer Tikka,Starter,2,299,598,Credit Card,Sunny,32,155,18,137,299.0,512,Yes,Monday,No,No,New,Delivery,804.8
2817,2025-10-04,2025-10-04,10:35,Paneer Tikka,Starter,2,299,598,Debit Card,Sunny,21,157,12,145,299.0,328,No,Saturday,Yes,No,Returning,Delivery,1009.8
2818,2025-01-12,2025-01-12,17:31,Farmhouse Pizza,Pizza,3,399,1197,Cash,Sunny,33,126,39,87,399.0,878,No,Sunday,Yes,No,Returning,Delivery,1715.7
2819,2025-12-01,2025-12-01,01:47,Chole Bhature,Main Course,2,199,398,Cash,Windy,18,105,11,94,199.0,847,No,Monday,No,No,Returning,Takeaway,871.8
2820,2025-02-21,2025-02-21,05:04,Masala Dosa,South Indian,5,199,995,Credit Card,Windy,25,120,19,101,199.0,488,No,Friday,No,No,Returning,Dine-In,1336.5
2821,2025-12-21,2025-12-21,22:59,Paneer Tikka,Starter,1,299,299,Credit Card,Sunny,32,163,44,119,299.0,842,Yes,Sunday,Yes,Yes,Returning,Takeaway,654.9
2822,2025-03-09,2025-03-09,03:37,Cheese Burger,Burger,5,199,995,UPI,Sunny,34,105,59,46,199.0,616,Yes,Sunday,Yes,No,New,Delivery,1390.5
2823,2025-11-21,2025-11-21,08:33,Cheese Burger,Burger,1,199,199,Debit Card,Rainy,30,123,49,74,199.0,798,Yes,Friday,No,No,New,Delivery,669.9
2824,2025-11-04,2025-11-04,05:09,Margherita Pizza,Pizza,2,299,598,UPI,Rainy,35,157,54,103,299.0,648,Yes,Tuesday,No,No,New,Delivery,808.8
2825,2025-02-01,2025-02-01,08:26,Spring Rolls,Starter,3,229,687,Debit Card,Cloudy,28,163,53,110,229.0,335,Yes,Saturday,Yes,No,Returning,Delivery,1080.7
2826,2025-10-18,2025-10-18,22:00,White Sauce Pasta,Pasta,3,249,747,Debit Card,Sunny,32,163,29,134,249.0,431,Yes,Saturday,Yes,No,New,Dine-In,984.7
2827,2025-12-23,2025-12-23,01:19,Margherita Pizza,Pizza,4,299,1196,Debit Card,Rainy,23,95,29,66,299.0,704,Yes,Tuesday,No,No,New,Dine-In,1548.6
2828,2025-01-23,2025-01-23,08:59,Chocolate Shake,Beverage,2,179,358,Credit Card,Rainy,27,115,57,58,179.0,861,No,Thursday,No,Yes,New,Takeaway,754.8
2829,2025-10-16,2025-10-16,19:16,Chole Bhature,Main Course,3,199,597,Cash,Windy,20,135,44,91,199.0,673,Yes,Thursday,No,No,Returning,Takeaway,854.7
2830,2025-08-08,2025-08-08,18:22,Soft Drink,Beverage,1,79,79,Cash,Rainy,20,147,26,121,79.0,527,Yes,Friday,No,No,Returning,Takeaway,243.9
2831,2025-11-03,2025-11-03,03:43,Chocolate Shake,Beverage,4,179,716,Debit Card,Sunny,23,165,20,145,179.0,622,No,Monday,No,No,Returning,Delivery,1222.6
2832,2025-11-30,2025-11-30,17:55,French Fries,Snacks,2,129,258,Debit Card,Sunny,22,176,21,155,129.0,574,Yes,Sunday,Yes,No,New,Dine-In,505.8
2833,2025-01-11,2025-01-11,09:27,Chole Bhature,Main Course,4,199,796,Debit Card,Cloudy,31,130,15,115,199.0,645,Yes,Saturday,Yes,No,New,Delivery,1327.6
2834,2025-05-02,2025-05-02,18:14,Chocolate Shake,Beverage,3,179,537,Cash,Windy,27,82,10,72,179.0,824,Yes,Friday,No,No,New,Dine-In,693.7
2835,2025-10-19,2025-10-19,17:43,Spring Rolls,Starter,2,229,458,Debit Card,Sunny,23,137,16,121,229.0,779,Yes,Sunday,Yes,No,Returning,Takeaway,941.8
2836,2025-10-06,2025-10-06,11:10,Chocolate Shake,Beverage,3,179,537,Cash,Cloudy,34,110,45,65,179.0,412,Yes,Monday,No,No,Returning,Delivery,749.7
2837,2025-10-05,2025-10-05,20:52,Masala Dosa,South Indian,2,199,398,Cash,Cloudy,23,126,40,86,199.0,610,No,Sunday,Yes,No,Returning,Delivery,551.8
2838,2025-11-24,2025-11-24,10:14,French Fries,Snacks,3,129,387,Credit Card,Cloudy,26,123,41,82,129.0,399,Yes,Monday,No,No,New,Dine-In,764.7
2839,2025-04-08,2025-04-08,03:47,Margherita Pizza,Pizza,4,299,1196,Credit Card,Windy,29,100,53,47,299.0,787,No,Tuesday,No,No,New,Delivery,1778.6
2840,2025-12-19,2025-12-19,18:42,Cold Coffee,Beverage,2,149,298,Debit Card,Cloudy,28,154,57,97,149.0,397,Yes,Friday,No,No,Returning,Takeaway,529.8
2841,2025-01-03,2025-01-03,14:44,Cold Coffee,Beverage,4,149,596,Debit Card,Cloudy,27,169,18,151,149.0,525,No,Friday,No,No,Returning,Dine-In,1023.6
2842,2025-02-26,2025-02-26,17:50,Veg Sandwich,Snacks,4,179,716,Debit Card,Rainy,22,128,16,112,179.0,503,No,Wednesday,No,No,New,Dine-In,1200.6
2843,2025-10-16,2025-10-16,18:00,Paneer Tikka,Starter,1,299,299,Credit Card,Windy,34,141,52,89,299.0,828,No,Thursday,No,No,Returning,Takeaway,430.9
2844,2025-05-24,2025-05-24,15:58,Chocolate Shake,Beverage,3,179,537,UPI,Windy,33,175,55,120,179.0,592,Yes,Saturday,Yes,Yes,New,Delivery,991.7
2845,2025-05-01,2025-05-01,07:29,Chocolate Shake,Beverage,1,179,179,Credit Card,Sunny,31,124,59,65,179.0,677,Yes,Thursday,No,Yes,Returning,Dine-In,620.9
2846,2025-04-23,2025-04-23,15:48,White Sauce Pasta,Pasta,5,249,1245,Cash,Windy,23,176,56,120,249.0,736,Yes,Wednesday,No,No,New,Takeaway,1820.5
2847,2025-03-30,2025-03-30,04:44,Veg Biryani,Main Course,4,249,996,Debit Card,Cloudy,24,94,42,52,249.0,819,No,Sunday,Yes,No,Returning,Takeaway,1427.6
2848,2025-06-30,2025-06-30,15:05,Cold Coffee,Beverage,3,149,447,Credit Card,Rainy,21,143,43,100,149.0,518,Yes,Monday,No,No,Returning,Takeaway,905.7
2849,2025-01-09,2025-01-09,23:14,Veg Sandwich,Snacks,1,179,179,Credit Card,Cloudy,22,147,33,114,179.0,363,No,Thursday,No,No,Returning,Takeaway,565.9
2850,2025-08-22,2025-08-22,22:13,Masala Dosa,South Indian,1,199,199,Cash,Cloudy,35,143,44,99,199.0,530,No,Friday,No,Yes,New,Delivery,501.9
2851,2025-07-11,2025-07-11,04:15,White Sauce Pasta,Pasta,2,249,498,UPI,Sunny,26,108,56,52,249.0,388,No,Friday,No,No,Returning,Takeaway,770.8
2852,2025-03-09,2025-03-09,02:12,Veg Burger,Burger,2,149,298,Credit Card,Cloudy,28,176,33,143,149.0,659,No,Sunday,Yes,No,Returning,Dine-In,461.8
2853,2025-12-08,2025-12-08,11:35,Farmhouse Pizza,Pizza,1,399,399,Credit Card,Windy,33,84,16,68,399.0,486,No,Monday,No,No,Returning,Dine-In,793.9
2854,2025-07-27,2025-07-27,09:04,Masala Dosa,South Indian,1,199,199,Cash,Cloudy,20,85,18,67,199.0,354,No,Sunday,Yes,No,Returning,Takeaway,605.9
2855,2025-10-10,2025-10-10,00:31,Farmhouse Pizza,Pizza,5,399,1995,Credit Card,Rainy,26,171,20,151,399.0,773,Yes,Friday,No,No,Returning,Delivery,2413.5
2856,2025-11-01,2025-11-01,16:35,Veg Biryani,Main Course,3,249,747,Credit Card,Rainy,19,161,44,117,249.0,849,No,Saturday,Yes,No,Returning,Dine-In,1305.7
2857,2025-04-12,2025-04-12,03:51,Cheese Burger,Burger,3,199,597,Credit Card,Cloudy,35,103,60,43,199.0,311,Yes,Saturday,Yes,No,Returning,Takeaway,1034.7
2858,2025-07-04,2025-07-04,23:45,Veg Burger,Burger,3,149,447,Debit Card,Windy,35,168,28,140,149.0,861,Yes,Friday,No,No,Returning,Takeaway,733.7
2859,2025-10-22,2025-10-22,14:16,Veg Burger,Burger,3,149,447,Credit Card,Sunny,25,140,24,116,149.0,363,Yes,Wednesday,No,No,Returning,Takeaway,725.7
2860,2025-04-19,2025-04-19,00:20,Chole Bhature,Main Course,3,199,597,Cash,Cloudy,34,151,27,124,199.0,529,Yes,Saturday,Yes,No,New,Delivery,1027.7
2861,2025-08-07,2025-08-07,06:24,Veg Sandwich,Snacks,5,179,895,Debit Card,Windy,21,108,33,75,179.0,787,No,Thursday,No,No,New,Dine-In,1335.5
2862,2025-01-30,2025-01-30,01:47,Cheese Burger,Burger,3,199,597,Cash,Windy,34,117,28,89,199.0,741,Yes,Thursday,No,Yes,Returning,Takeaway,793.7
2863,2025-01-17,2025-01-17,00:53,Veg Biryani,Main Course,1,249,249,UPI,Sunny,30,81,23,58,249.0,413,Yes,Friday,No,No,New,Dine-In,687.9
2864,2025-08-13,2025-08-13,05:26,Cold Coffee,Beverage,4,149,596,Credit Card,Cloudy,28,143,29,114,149.0,781,No,Wednesday,No,No,New,Takeaway,1109.6
2865,2025-09-17,2025-09-17,02:05,Veg Burger,Burger,1,149,149,Debit Card,Sunny,21,145,22,123,149.0,671,Yes,Wednesday,No,No,Returning,Delivery,625.9
2866,2025-11-06,2025-11-06,08:21,Farmhouse Pizza,Pizza,2,399,798,UPI,Windy,28,166,41,125,399.0,542,Yes,Thursday,No,Yes,New,Delivery,1238.8
2867,2025-04-17,2025-04-17,05:38,Chocolate Shake,Beverage,3,179,537,Credit Card,Rainy,20,144,34,110,179.0,758,No,Thursday,No,No,Returning,Dine-In,785.7
2868,2025-08-13,2025-08-13,11:36,Cold Coffee,Beverage,5,149,745,UPI,Sunny,19,93,36,57,149.0,497,No,Wednesday,No,No,Returning,Takeaway,1082.5
2869,2025-04-02,2025-04-02,13:37,Cold Coffee,Beverage,4,149,596,Debit Card,Cloudy,26,102,28,74,149.0,551,Yes,Wednesday,No,No,Returning,Delivery,1062.6
2870,2025-09-19,2025-09-19,05:30,Spring Rolls,Starter,5,229,1145,Cash,Cloudy,18,169,54,115,229.0,562,No,Friday,No,No,Returning,Dine-In,1533.5
2871,2025-08-17,2025-08-17,07:40,Masala Dosa,South Indian,2,199,398,Credit Card,Windy,26,171,49,122,199.0,839,Yes,Sunday,Yes,No,New,Delivery,794.8
2872,2025-05-24,2025-05-24,06:59,Margherita Pizza,Pizza,2,299,598,Credit Card,Sunny,25,166,18,148,299.0,311,No,Saturday,Yes,No,New,Dine-In,980.8
2873,2025-10-11,2025-10-11,18:45,Farmhouse Pizza,Pizza,4,399,1596,Debit Card,Cloudy,34,180,22,158,399.0,877,Yes,Saturday,Yes,No,Returning,Takeaway,2061.6
2874,2025-03-06,2025-03-06,03:32,Veg Burger,Burger,3,149,447,Cash,Sunny,22,84,22,62,149.0,342,Yes,Thursday,No,No,New,Dine-In,918.7
2875,2025-07-22,2025-07-22,17:49,Paneer Tikka,Starter,3,299,897,Credit Card,Cloudy,31,138,22,116,299.0,755,Yes,Tuesday,No,Yes,New,Takeaway,1239.7
2876,2025-11-18,2025-11-18,04:56,Veg Burger,Burger,1,149,149,Cash,Windy,32,179,18,161,149.0,624,Yes,Tuesday,No,No,Returning,Dine-In,521.9
2877,2025-01-30,2025-01-30,07:01,Spring Rolls,Starter,1,229,229,Credit Card,Cloudy,28,156,29,127,229.0,474,Yes,Thursday,No,No,New,Dine-In,573.9
2878,2025-08-02,2025-08-02,16:42,Spring Rolls,Starter,5,229,1145,Debit Card,Sunny,30,142,45,97,229.0,627,Yes,Saturday,Yes,No,New,Dine-In,1627.5
2879,2025-09-21,2025-09-21,19:10,Veg Biryani,Main Course,2,249,498,Cash,Cloudy,35,145,31,114,249.0,646,No,Sunday,Yes,No,New,Delivery,903.8
2880,2025-12-25,2025-12-25,12:56,Spring Rolls,Starter,5,229,1145,Cash,Rainy,28,121,26,95,229.0,856,No,Thursday,No,No,Returning,Takeaway,1492.5
2881,2025-07-08,2025-07-08,01:11,Spring Rolls,Starter,3,229,687,Cash,Windy,31,143,55,88,229.0,880,Yes,Tuesday,No,No,Returning,Takeaway,972.7
2882,2025-04-01,2025-04-01,15:52,Margherita Pizza,Pizza,5,299,1495,Cash,Sunny,31,114,58,56,299.0,725,Yes,Tuesday,No,No,New,Delivery,1859.5
2883,2025-11-28,2025-11-28,21:05,Cheese Burger,Burger,2,199,398,Credit Card,Sunny,32,145,30,115,199.0,743,Yes,Friday,No,No,New,Dine-In,767.8
2884,2025-11-29,2025-11-29,05:17,Chocolate Shake,Beverage,3,179,537,Debit Card,Cloudy,18,144,46,98,179.0,300,No,Saturday,Yes,No,Returning,Dine-In,883.7
2885,2025-12-15,2025-12-15,21:59,Chole Bhature,Main Course,4,199,796,Debit Card,Rainy,20,132,56,76,199.0,397,Yes,Monday,No,No,Returning,Takeaway,1122.6
2886,2025-11-16,2025-11-16,18:04,French Fries,Snacks,3,129,387,Cash,Windy,20,91,38,53,129.0,568,Yes,Sunday,Yes,No,New,Takeaway,723.7
2887,2025-09-13,2025-09-13,04:27,Margherita Pizza,Pizza,5,299,1495,UPI,Cloudy,24,88,15,73,299.0,618,Yes,Saturday,Yes,No,New,Takeaway,1751.5
2888,2025-03-07,2025-03-07,08:11,French Fries,Snacks,5,129,645,UPI,Cloudy,35,123,30,93,129.0,750,No,Friday,No,No,Returning,Dine-In,1093.5
2889,2025-01-05,2025-01-05,18:02,Veg Sandwich,Snacks,3,179,537,Cash,Sunny,24,167,20,147,179.0,735,Yes,Sunday,Yes,No,Returning,Delivery,716.7
2890,2025-06-05,2025-06-05,04:05,Chole Bhature,Main Course,2,199,398,Debit Card,Rainy,28,129,36,93,199.0,617,No,Thursday,No,No,New,Delivery,698.8
2891,2025-05-03,2025-05-03,09:53,Veg Sandwich,Snacks,3,179,537,Debit Card,Rainy,31,99,16,83,179.0,535,No,Saturday,Yes,No,Returning,Dine-In,694.7
2892,2025-03-17,2025-03-17,23:11,Margherita Pizza,Pizza,3,299,897,Credit Card,Windy,20,130,14,116,299.0,431,Yes,Monday,No,No,New,Takeaway,1414.7
2893,2025-09-27,2025-09-27,12:06,White Sauce Pasta,Pasta,5,249,1245,Credit Card,Rainy,25,159,56,103,249.0,805,No,Saturday,Yes,Yes,Returning,Delivery,1636.5
2894,2025-11-16,2025-11-16,03:50,Paneer Tikka,Starter,3,299,897,Credit Card,Windy,26,157,46,111,299.0,620,Yes,Sunday,Yes,No,Returning,Delivery,1470.7
2895,2025-02-22,2025-02-22,12:24,Margherita Pizza,Pizza,3,299,897,UPI,Cloudy,18,105,22,83,299.0,334,No,Saturday,Yes,No,Returning,Takeaway,1421.7
2896,2025-05-14,2025-05-14,09:13,Margherita Pizza,Pizza,2,299,598,Cash,Sunny,19,146,49,97,299.0,420,No,Wednesday,No,No,Returning,Takeaway,1064.8
2897,2025-03-21,2025-03-21,21:21,Chocolate Shake,Beverage,2,179,358,Cash,Rainy,25,99,33,66,179.0,755,Yes,Friday,No,No,New,Dine-In,702.8
2898,2025-09-22,2025-09-22,10:38,Veg Burger,Burger,3,149,447,Cash,Rainy,34,174,32,142,149.0,874,Yes,Monday,No,No,Returning,Dine-In,757.7
2899,2025-01-18,2025-01-18,08:14,Veg Biryani,Main Course,3,249,747,Debit Card,Rainy,31,119,31,88,249.0,652,Yes,Saturday,Yes,No,Returning,Dine-In,1186.7
2900,2025-12-07,2025-12-07,07:24,Chole Bhature,Main Course,4,199,796,UPI,Rainy,29,117,20,97,199.0,598,No,Sunday,Yes,No,Returning,Takeaway,1092.6
2901,2025-11-13,2025-11-13,18:08,Veg Burger,Burger,2,149,298,Cash,Rainy,32,127,24,103,149.0,772,No,Thursday,No,No,Returning,Dine-In,664.8
2902,2025-08-20,2025-08-20,06:25,Chocolate Shake,Beverage,3,179,537,Credit Card,Sunny,27,177,53,124,179.0,516,Yes,Wednesday,No,No,New,Dine-In,719.7
2903,2025-11-07,2025-11-07,19:23,White Sauce Pasta,Pasta,2,249,498,UPI,Sunny,34,81,53,28,249.0,802,Yes,Friday,No,No,New,Delivery,866.8
2904,2025-05-26,2025-05-26,00:52,Veg Biryani,Main Course,3,249,747,Credit Card,Sunny,26,174,23,151,249.0,431,No,Monday,No,No,New,Dine-In,1159.7
2905,2025-09-11,2025-09-11,11:46,Paneer Tikka,Starter,4,299,1196,UPI,Sunny,21,129,57,72,299.0,881,Yes,Thursday,No,No,Returning,Delivery,1506.6
2906,2025-01-31,2025-01-31,11:12,Margherita Pizza,Pizza,4,299,1196,Credit Card,Sunny,35,111,44,67,299.0,415,Yes,Friday,No,Yes,Returning,Takeaway,1462.6
2907,2025-03-12,2025-03-12,13:24,Farmhouse Pizza,Pizza,1,399,399,Credit Card,Cloudy,30,159,54,105,399.0,483,No,Wednesday,No,No,Returning,Dine-In,844.9
2908,2025-05-11,2025-05-11,15:05,Veg Biryani,Main Course,5,249,1245,Cash,Rainy,30,121,35,86,249.0,765,No,Sunday,Yes,No,Returning,Takeaway,1724.5
2909,2025-12-21,2025-12-21,01:12,Veg Burger,Burger,2,149,298,Cash,Rainy,35,104,16,88,149.0,471,Yes,Sunday,Yes,Yes,New,Delivery,533.8
2910,2025-12-30,2025-12-30,04:11,Veg Biryani,Main Course,2,249,498,UPI,Sunny,30,81,41,40,249.0,558,No,Tuesday,No,No,New,Takeaway,818.8
2911,2025-06-16,2025-06-16,13:12,White Sauce Pasta,Pasta,5,249,1245,Debit Card,Sunny,20,157,32,125,249.0,663,No,Monday,No,No,Returning,Delivery,1663.5
2912,2025-05-17,2025-05-17,22:27,Masala Dosa,South Indian,1,199,199,Cash,Sunny,34,89,44,45,199.0,341,No,Saturday,Yes,No,Returning,Delivery,385.9
2913,2025-06-12,2025-06-12,16:20,Margherita Pizza,Pizza,4,299,1196,Debit Card,Rainy,25,121,33,88,299.0,784,No,Thursday,No,No,New,Dine-In,1447.6
2914,2025-06-23,2025-06-23,11:34,Veg Sandwich,Snacks,5,179,895,Debit Card,Rainy,18,174,16,158,179.0,305,Yes,Monday,No,No,Returning,Dine-In,1278.5
2915,2025-08-20,2025-08-20,04:16,Paneer Tikka,Starter,4,299,1196,Debit Card,Cloudy,28,118,37,81,299.0,379,No,Wednesday,No,No,Returning,Dine-In,1445.6
2916,2025-04-01,2025-04-01,18:20,Paneer Tikka,Starter,4,299,1196,Debit Card,Windy,23,111,44,67,299.0,579,No,Tuesday,No,No,New,Delivery,1487.6
2917,2025-03-24,2025-03-24,01:43,Cold Coffee,Beverage,5,149,745,UPI,Rainy,28,168,24,144,149.0,456,Yes,Monday,No,No,Returning,Delivery,1022.5
2918,2025-08-24,2025-08-24,11:00,Paneer Tikka,Starter,1,299,299,Debit Card,Windy,30,110,19,91,299.0,305,No,Sunday,Yes,No,New,Dine-In,802.9
2919,2025-06-20,2025-06-20,00:27,Chocolate Shake,Beverage,4,179,716,Cash,Sunny,30,110,57,53,179.0,401,No,Friday,No,No,New,Delivery,1225.6
2920,2025-04-18,2025-04-18,21:41,Masala Dosa,South Indian,2,199,398,Debit Card,Sunny,23,151,49,102,199.0,776,Yes,Friday,No,No,New,Delivery,748.8
2921,2025-09-03,2025-09-03,12:25,Cold Coffee,Beverage,4,149,596,Credit Card,Rainy,20,117,28,89,149.0,757,Yes,Wednesday,No,No,New,Delivery,866.6
2922,2025-11-15,2025-11-15,15:58,Margherita Pizza,Pizza,1,299,299,UPI,Windy,33,147,48,99,299.0,485,Yes,Saturday,Yes,No,Returning,Delivery,807.9
2923,2025-10-09,2025-10-09,15:32,Farmhouse Pizza,Pizza,4,399,1596,Debit Card,Cloudy,28,90,42,48,399.0,608,Yes,Thursday,No,Yes,Returning,Dine-In,2141.6
2924,2025-05-30,2025-05-30,10:39,Chocolate Shake,Beverage,1,179,179,Cash,Windy,28,90,59,31,179.0,614,No,Friday,No,No,New,Takeaway,319.9
2925,2025-02-20,2025-02-20,09:57,Farmhouse Pizza,Pizza,3,399,1197,Credit Card,Sunny,34,87,44,43,399.0,777,No,Thursday,No,No,New,Dine-In,1772.7
2926,2025-05-29,2025-05-29,16:23,Chole Bhature,Main Course,3,199,597,UPI,Cloudy,19,169,35,134,199.0,516,No,Thursday,No,No,New,Delivery,978.7
2927,2025-10-30,2025-10-30,10:37,Chocolate Shake,Beverage,5,179,895,UPI,Rainy,32,114,53,61,179.0,394,Yes,Thursday,No,No,Returning,Delivery,1394.5
2928,2025-01-16,2025-01-16,09:17,Veg Biryani,Main Course,5,249,1245,UPI,Sunny,21,162,17,145,249.0,400,Yes,Thursday,No,No,New,Delivery,1531.5
2929,2025-11-29,2025-11-29,02:30,Soft Drink,Beverage,3,79,237,Credit Card,Sunny,33,120,36,84,79.0,427,Yes,Saturday,Yes,No,New,Takeaway,389.7
2930,2025-08-23,2025-08-23,16:19,Chocolate Shake,Beverage,4,179,716,Credit Card,Rainy,29,85,55,30,179.0,645,No,Saturday,Yes,No,Returning,Takeaway,1228.6
2931,2025-06-16,2025-06-16,22:07,Masala Dosa,South Indian,1,199,199,UPI,Windy,20,163,17,146,199.0,306,Yes,Monday,No,No,Returning,Takeaway,587.9
2932,2025-01-22,2025-01-22,21:55,Margherita Pizza,Pizza,2,299,598,Debit Card,Cloudy,31,164,32,132,299.0,371,No,Wednesday,No,No,Returning,Dine-In,985.8
2933,2025-01-20,2025-01-20,03:14,Margherita Pizza,Pizza,3,299,897,Cash,Cloudy,31,92,28,64,299.0,706,No,Monday,No,No,Returning,Dine-In,1474.7
2934,2025-11-06,2025-11-06,12:41,Margherita Pizza,Pizza,4,299,1196,Debit Card,Windy,22,152,45,107,299.0,833,Yes,Thursday,No,No,Returning,Delivery,1691.6
2935,2025-04-07,2025-04-07,11:47,Veg Burger,Burger,3,149,447,Cash,Rainy,35,155,23,132,149.0,897,Yes,Monday,No,Yes,Returning,Takeaway,828.7
2936,2025-05-30,2025-05-30,15:58,Veg Biryani,Main Course,2,249,498,UPI,Rainy,24,91,57,34,249.0,715,Yes,Friday,No,No,New,Dine-In,673.8
2937,2025-12-18,2025-12-18,04:08,Veg Sandwich,Snacks,5,179,895,Debit Card,Rainy,22,94,27,67,179.0,529,Yes,Thursday,No,Yes,New,Takeaway,1407.5
2938,2025-05-30,2025-05-30,11:11,White Sauce Pasta,Pasta,2,249,498,Credit Card,Rainy,20,137,56,81,249.0,627,No,Friday,No,No,New,Delivery,752.8
2939,2025-12-08,2025-12-08,00:48,Cheese Burger,Burger,2,199,398,UPI,Rainy,21,140,16,124,199.0,651,No,Monday,No,No,Returning,Takeaway,915.8
2940,2025-10-11,2025-10-11,09:20,Veg Biryani,Main Course,4,249,996,Debit Card,Cloudy,23,131,38,93,249.0,529,Yes,Saturday,Yes,No,Returning,Dine-In,1234.6
2941,2025-04-04,2025-04-04,22:30,Chocolate Shake,Beverage,3,179,537,UPI,Cloudy,22,177,27,150,179.0,501,No,Friday,No,No,New,Takeaway,1056.7
2942,2025-07-29,2025-07-29,18:32,Chole Bhature,Main Course,5,199,995,Debit Card,Windy,28,94,52,42,199.0,512,Yes,Tuesday,No,No,New,Delivery,1275.5
2943,2025-08-08,2025-08-08,03:39,Paneer Tikka,Starter,2,299,598,Cash,Cloudy,22,100,53,47,299.0,432,No,Friday,No,No,Returning,Dine-In,875.8
2944,2025-03-18,2025-03-18,05:46,French Fries,Snacks,2,129,258,Debit Card,Sunny,27,83,26,57,129.0,442,No,Tuesday,No,Yes,New,Dine-In,736.8
2945,2025-03-02,2025-03-02,00:52,Veg Burger,Burger,1,149,149,Cash,Cloudy,22,131,31,100,149.0,825,Yes,Sunday,Yes,No,Returning,Takeaway,601.9
2946,2025-04-29,2025-04-29,13:54,White Sauce Pasta,Pasta,3,249,747,Credit Card,Rainy,20,105,51,54,249.0,425,Yes,Tuesday,No,No,Returning,Dine-In,957.7
2947,2025-01-25,2025-01-25,13:00,Chocolate Shake,Beverage,3,179,537,Cash,Cloudy,33,123,18,105,179.0,761,Yes,Saturday,Yes,No,New,Dine-In,1090.7
2948,2025-12-23,2025-12-23,00:14,French Fries,Snacks,5,129,645,Cash,Cloudy,33,177,32,145,129.0,544,Yes,Tuesday,No,No,New,Delivery,834.5
2949,2025-06-17,2025-06-17,20:19,White Sauce Pasta,Pasta,2,249,498,UPI,Rainy,24,123,49,74,249.0,455,Yes,Tuesday,No,Yes,Returning,Takeaway,726.8
2950,2025-12-17,2025-12-17,13:11,Cheese Burger,Burger,1,199,199,UPI,Sunny,35,177,53,124,199.0,303,No,Wednesday,No,No,New,Dine-In,691.9
2951,2025-04-14,2025-04-14,13:18,Masala Dosa,South Indian,1,199,199,Cash,Windy,19,80,55,25,199.0,610,Yes,Monday,No,No,New,Delivery,423.9
2952,2025-11-02,2025-11-02,11:02,Chocolate Shake,Beverage,5,179,895,Credit Card,Sunny,33,127,20,107,179.0,433,Yes,Sunday,Yes,Yes,Returning,Dine-In,1415.5
2953,2025-12-18,2025-12-18,10:23,Masala Dosa,South Indian,4,199,796,UPI,Cloudy,25,100,60,40,199.0,851,No,Thursday,No,No,Returning,Delivery,1158.6
2954,2025-07-10,2025-07-10,15:30,Paneer Tikka,Starter,5,299,1495,UPI,Sunny,21,111,59,52,299.0,828,No,Thursday,No,No,Returning,Delivery,2131.5
2955,2025-09-06,2025-09-06,14:58,French Fries,Snacks,3,129,387,Credit Card,Cloudy,21,114,39,75,129.0,722,Yes,Saturday,Yes,No,New,Takeaway,644.7
2956,2025-03-22,2025-03-22,19:45,Veg Sandwich,Snacks,4,179,716,UPI,Sunny,30,86,23,63,179.0,390,Yes,Saturday,Yes,No,Returning,Takeaway,1267.6
2957,2025-08-05,2025-08-05,11:19,Masala Dosa,South Indian,2,199,398,UPI,Windy,21,156,13,143,199.0,500,No,Tuesday,No,No,Returning,Delivery,717.8
2958,2025-06-10,2025-06-10,15:02,Cheese Burger,Burger,5,199,995,Debit Card,Rainy,20,178,49,129,199.0,532,No,Tuesday,No,No,New,Takeaway,1282.5
2959,2025-03-20,2025-03-20,01:25,White Sauce Pasta,Pasta,4,249,996,Debit Card,Rainy,18,156,11,145,249.0,640,Yes,Thursday,No,No,New,Takeaway,1376.6
2960,2025-05-15,2025-05-15,00:53,Soft Drink,Beverage,3,79,237,UPI,Cloudy,24,128,12,116,79.0,382,Yes,Thursday,No,No,New,Delivery,731.7
2961,2025-04-04,2025-04-04,10:18,Veg Burger,Burger,5,149,745,Cash,Rainy,30,131,13,118,149.0,440,Yes,Friday,No,No,Returning,Delivery,1262.5
2962,2025-08-20,2025-08-20,13:32,Masala Dosa,South Indian,3,199,597,Credit Card,Rainy,35,136,36,100,199.0,412,No,Wednesday,No,Yes,Returning,Dine-In,940.7
2963,2025-09-17,2025-09-17,16:40,Paneer Tikka,Starter,4,299,1196,Credit Card,Cloudy,30,157,27,130,299.0,739,No,Wednesday,No,No,New,Takeaway,1519.6
2964,2025-02-11,2025-02-11,11:16,Veg Biryani,Main Course,2,249,498,UPI,Rainy,25,105,15,90,249.0,798,No,Tuesday,No,Yes,Returning,Takeaway,995.8
2965,2025-10-14,2025-10-14,03:48,Soft Drink,Beverage,4,79,316,Cash,Sunny,26,128,42,86,79.0,717,Yes,Tuesday,No,No,New,Dine-In,581.6
2966,2025-05-30,2025-05-30,10:33,Margherita Pizza,Pizza,4,299,1196,Cash,Cloudy,18,96,10,86,299.0,323,Yes,Friday,No,No,Returning,Takeaway,1733.6
2967,2025-01-15,2025-01-15,19:47,Spring Rolls,Starter,5,229,1145,Debit Card,Rainy,28,155,43,112,229.0,773,No,Wednesday,No,No,New,Takeaway,1711.5
2968,2025-11-26,2025-11-26,11:26,Cold Coffee,Beverage,3,149,447,Debit Card,Rainy,30,178,48,130,149.0,574,Yes,Wednesday,No,No,New,Takeaway,771.7
2969,2025-07-29,2025-07-29,07:56,Cold Coffee,Beverage,4,149,596,UPI,Sunny,33,162,21,141,149.0,623,Yes,Tuesday,No,No,New,Delivery,1088.6
2970,2025-02-16,2025-02-16,19:20,Farmhouse Pizza,Pizza,3,399,1197,Debit Card,Rainy,20,147,27,120,399.0,867,No,Sunday,Yes,No,Returning,Takeaway,1768.7
2971,2025-06-25,2025-06-25,15:31,French Fries,Snacks,2,129,258,Credit Card,Sunny,27,130,40,90,129.0,665,No,Wednesday,No,No,Returning,Dine-In,658.8
2972,2025-03-26,2025-03-26,20:30,Chocolate Shake,Beverage,4,179,716,UPI,Cloudy,18,154,38,116,179.0,549,Yes,Wednesday,No,No,New,Takeaway,1011.6
2973,2025-12-25,2025-12-25,10:11,White Sauce Pasta,Pasta,1,249,249,Debit Card,Cloudy,28,157,26,131,249.0,882,Yes,Thursday,No,No,Returning,Takeaway,704.9
2974,2025-11-30,2025-11-30,12:27,Margherita Pizza,Pizza,2,299,598,UPI,Rainy,31,80,28,52,299.0,638,Yes,Sunday,Yes,No,New,Takeaway,974.8
2975,2025-06-28,2025-06-28,00:51,Cold Coffee,Beverage,4,149,596,UPI,Cloudy,35,92,29,63,149.0,775,Yes,Saturday,Yes,No,Returning,Takeaway,1121.6
2976,2025-06-12,2025-06-12,19:51,Margherita Pizza,Pizza,5,299,1495,Debit Card,Sunny,27,148,20,128,299.0,571,Yes,Thursday,No,No,New,Dine-In,1763.5
2977,2025-06-08,2025-06-08,22:58,Cold Coffee,Beverage,4,149,596,Cash,Cloudy,23,103,54,49,149.0,701,Yes,Sunday,Yes,No,Returning,Takeaway,965.6
2978,2025-12-01,2025-12-01,08:22,Chole Bhature,Main Course,2,199,398,Cash,Sunny,34,108,16,92,199.0,447,Yes,Monday,No,No,New,Dine-In,907.8
2979,2025-11-30,2025-11-30,12:56,White Sauce Pasta,Pasta,5,249,1245,UPI,Cloudy,32,155,10,145,249.0,616,No,Sunday,Yes,No,Returning,Takeaway,1566.5
2980,2025-06-07,2025-06-07,22:12,Farmhouse Pizza,Pizza,2,399,798,Cash,Rainy,31,157,56,101,399.0,800,Yes,Saturday,Yes,No,New,Dine-In,1064.8
2981,2025-12-10,2025-12-10,00:30,Cheese Burger,Burger,2,199,398,Debit Card,Cloudy,23,161,26,135,199.0,345,Yes,Wednesday,No,No,Returning,Delivery,551.8
2982,2025-06-19,2025-06-19,06:48,Chole Bhature,Main Course,2,199,398,Debit Card,Rainy,25,165,49,116,199.0,500,Yes,Thursday,No,No,New,Dine-In,802.8
2983,2025-10-12,2025-10-12,20:03,French Fries,Snacks,1,129,129,Debit Card,Rainy,22,147,46,101,129.0,566,Yes,Sunday,Yes,No,New,Takeaway,267.9
2984,2025-04-29,2025-04-29,08:09,Soft Drink,Beverage,3,79,237,Cash,Rainy,32,169,46,123,79.0,540,Yes,Tuesday,No,No,Returning,Takeaway,661.7
2985,2025-03-27,2025-03-27,17:27,Chocolate Shake,Beverage,1,179,179,Debit Card,Sunny,34,101,43,58,179.0,851,Yes,Thursday,No,No,New,Takeaway,344.9
2986,2025-02-09,2025-02-09,16:00,Chole Bhature,Main Course,1,199,199,Credit Card,Windy,27,90,24,66,199.0,576,No,Sunday,Yes,No,New,Takeaway,695.9
2987,2025-06-22,2025-06-22,18:23,Cheese Burger,Burger,1,199,199,Debit Card,Cloudy,25,172,48,124,199.0,561,Yes,Sunday,Yes,Yes,Returning,Delivery,506.9
2988,2025-12-20,2025-12-20,08:48,Chole Bhature,Main Course,1,199,199,Credit Card,Windy,28,131,16,115,199.0,895,Yes,Saturday,Yes,No,New,Delivery,550.9
2989,2025-03-06,2025-03-06,20:59,Soft Drink,Beverage,1,79,79,Debit Card,Sunny,29,115,38,77,79.0,447,No,Thursday,No,No,New,Dine-In,360.9
2990,2025-12-18,2025-12-18,23:19,Veg Biryani,Main Course,1,249,249,Credit Card,Windy,19,179,46,133,249.0,670,Yes,Thursday,No,No,Returning,Delivery,497.9
2991,2025-04-04,2025-04-04,06:25,Paneer Tikka,Starter,3,299,897,Credit Card,Sunny,27,149,42,107,299.0,478,Yes,Friday,No,No,New,Delivery,1090.7
2992,2025-03-20,2025-03-20,14:35,Chole Bhature,Main Course,4,199,796,UPI,Windy,19,93,31,62,199.0,794,No,Thursday,No,No,Returning,Dine-In,1043.6
2993,2025-05-01,2025-05-01,06:52,Paneer Tikka,Starter,3,299,897,Cash,Sunny,32,89,56,33,299.0,419,Yes,Thursday,No,No,Returning,Dine-In,1324.7
2994,2025-08-30,2025-08-30,03:08,Soft Drink,Beverage,4,79,316,UPI,Windy,32,177,23,154,79.0,702,Yes,Saturday,Yes,No,Returning,Dine-In,647.6
2995,2025-12-18,2025-12-18,01:35,Masala Dosa,South Indian,3,199,597,Credit Card,Cloudy,32,159,31,128,199.0,393,Yes,Thursday,No,No,New,Delivery,1155.7
2996,2025-02-22,2025-02-22,04:26,Soft Drink,Beverage,1,79,79,Cash,Windy,24,161,56,105,79.0,354,Yes,Saturday,Yes,No,Returning,Takeaway,228.9
2997,2025-12-02,2025-12-02,21:13,Chocolate Shake,Beverage,3,179,537,Cash,Cloudy,22,161,32,129,179.0,704,No,Tuesday,No,Yes,Returning,Dine-In,1062.7
2998,2025-07-12,2025-07-12,23:09,French Fries,Snacks,1,129,129,Debit Card,Sunny,27,152,14,138,129.0,900,No,Saturday,Yes,No,Returning,Takeaway,579.9
2999,2025-12-18,2025-12-18,01:18,Margherita Pizza,Pizza,1,299,299,Credit Card,Rainy,32,150,22,128,299.0,602,Yes,Thursday,No,No,Returning,Delivery,663.9
3000,2025-01-22,2025-01-22,10:00,Veg Burger,Burger,3,149,447,UPI,Cloudy,26,86,47,39,149.0,681,No,Wednesday,No,Yes,New,Takeaway,665.7
3001,2025-07-30,2025-07-30,16:29,Veg Biryani,Main Course,4,249,996,Debit Card,Windy,29,175,23,152,249.0,883,Yes,Wednesday,No,No,New,Takeaway,1545.6
3002,2025-07-29,2025-07-29,17:58,Paneer Tikka,Starter,1,299,299,Credit Card,Cloudy,32,103,47,56,299.0,546,No,Tuesday,No,No,New,Delivery,737.9
3003,2025-01-21,2025-01-21,22:14,Chocolate Shake,Beverage,2,179,358,UPI,Rainy,19,88,52,36,179.0,764,No,Tuesday,No,No,Returning,Delivery,639.8
3004,2025-06-06,2025-06-06,01:24,White Sauce Pasta,Pasta,1,249,249,Credit Card,Rainy,20,175,56,119,249.0,485,Yes,Friday,No,No,New,Takeaway,658.9
3005,2025-01-11,2025-01-11,07:40,Farmhouse Pizza,Pizza,4,399,1596,Cash,Rainy,33,129,19,110,399.0,823,Yes,Saturday,Yes,No,Returning,Dine-In,1871.6
3006,2025-04-20,2025-04-20,00:19,Margherita Pizza,Pizza,1,299,299,Debit Card,Rainy,22,165,49,116,299.0,454,Yes,Sunday,Yes,No,Returning,Delivery,485.9
3007,2025-06-13,2025-06-13,02:23,Spring Rolls,Starter,1,229,229,UPI,Sunny,21,124,34,90,229.0,657,Yes,Friday,No,No,New,Takeaway,722.9
3008,2025-04-16,2025-04-16,18:14,Soft Drink,Beverage,3,79,237,UPI,Sunny,31,170,60,110,79.0,547,No,Wednesday,No,No,Returning,Delivery,559.7
3009,2025-10-14,2025-10-14,21:02,Veg Biryani,Main Course,3,249,747,UPI,Cloudy,29,133,26,107,249.0,887,Yes,Tuesday,No,No,New,Delivery,947.7
3010,2025-05-03,2025-05-03,12:41,Veg Burger,Burger,1,149,149,Cash,Sunny,25,108,25,83,149.0,381,Yes,Saturday,Yes,No,New,Dine-In,367.9
3011,2025-03-17,2025-03-17,16:54,Farmhouse Pizza,Pizza,4,399,1596,Credit Card,Sunny,29,179,27,152,399.0,815,Yes,Monday,No,No,New,Dine-In,2227.6
3012,2025-06-15,2025-06-15,17:27,French Fries,Snacks,5,129,645,Cash,Rainy,31,171,20,151,129.0,457,No,Sunday,Yes,No,New,Dine-In,1144.5
3013,2025-09-22,2025-09-22,02:58,Margherita Pizza,Pizza,5,299,1495,Credit Card,Rainy,23,125,20,105,299.0,767,Yes,Monday,No,No,Returning,Delivery,1916.5
3014,2025-05-27,2025-05-27,17:33,Veg Biryani,Main Course,1,249,249,UPI,Rainy,22,136,20,116,249.0,504,No,Tuesday,No,No,Returning,Delivery,483.9
3015,2025-11-06,2025-11-06,08:35,Cold Coffee,Beverage,4,149,596,Cash,Cloudy,34,168,22,146,149.0,488,No,Thursday,No,No,New,Delivery,964.6
3016,2025-01-29,2025-01-29,04:42,Veg Burger,Burger,5,149,745,Credit Card,Sunny,27,165,21,144,149.0,560,Yes,Wednesday,No,No,New,Delivery,1212.5
3017,2025-05-17,2025-05-17,22:21,White Sauce Pasta,Pasta,1,249,249,Debit Card,Sunny,24,82,44,38,249.0,552,No,Saturday,Yes,No,New,Takeaway,643.9
3018,2025-04-12,2025-04-12,21:43,Spring Rolls,Starter,2,229,458,Credit Card,Sunny,22,120,10,110,229.0,628,Yes,Saturday,Yes,No,New,Dine-In,806.8
3019,2025-07-22,2025-07-22,01:54,Margherita Pizza,Pizza,3,299,897,Cash,Windy,32,148,36,112,299.0,768,No,Tuesday,No,No,Returning,Dine-In,1479.7
3020,2025-09-15,2025-09-15,21:31,Veg Sandwich,Snacks,3,179,537,Credit Card,Cloudy,20,131,46,85,179.0,577,No,Monday,No,No,Returning,Dine-In,898.7
3021,2025-07-11,2025-07-11,17:13,Cold Coffee,Beverage,5,149,745,UPI,Rainy,25,145,51,94,149.0,709,Yes,Friday,No,No,New,Takeaway,995.5
3022,2025-07-13,2025-07-13,17:03,Farmhouse Pizza,Pizza,5,399,1995,Credit Card,Rainy,27,154,43,111,399.0,543,Yes,Sunday,Yes,No,New,Delivery,2506.5
3023,2025-10-02,2025-10-02,13:32,Veg Sandwich,Snacks,2,179,358,Credit Card,Windy,25,81,51,30,179.0,806,No,Thursday,No,No,New,Dine-In,527.8
3024,2025-12-22,2025-12-22,20:02,Farmhouse Pizza,Pizza,2,399,798,UPI,Sunny,32,156,13,143,399.0,794,Yes,Monday,No,No,Returning,Takeaway,990.8
3025,2025-11-28,2025-11-28,00:39,Spring Rolls,Starter,4,229,916,Cash,Rainy,23,155,13,142,229.0,864,Yes,Friday,No,No,Returning,Delivery,1325.6
3026,2025-03-22,2025-03-22,03:13,Masala Dosa,South Indian,3,199,597,Credit Card,Rainy,31,141,29,112,199.0,739,Yes,Saturday,Yes,No,Returning,Dine-In,1114.7
3027,2025-06-07,2025-06-07,19:53,Cheese Burger,Burger,1,199,199,Debit Card,Sunny,32,115,17,98,199.0,858,No,Saturday,Yes,No,New,Takeaway,618.9
3028,2025-12-22,2025-12-22,06:41,Cheese Burger,Burger,1,199,199,Cash,Sunny,26,118,31,87,199.0,539,Yes,Monday,No,No,New,Dine-In,499.9
3029,2025-07-28,2025-07-28,16:58,Farmhouse Pizza,Pizza,4,399,1596,Cash,Cloudy,27,166,51,115,399.0,330,No,Monday,No,No,New,Delivery,2197.6
3030,2025-08-13,2025-08-13,10:50,Veg Burger,Burger,2,149,298,Credit Card,Sunny,35,82,54,28,149.0,433,No,Wednesday,No,No,Returning,Dine-In,604.8
3031,2025-02-16,2025-02-16,23:10,Farmhouse Pizza,Pizza,4,399,1596,UPI,Cloudy,31,81,51,30,399.0,829,No,Sunday,Yes,No,New,Takeaway,2154.6
3032,2025-09-06,2025-09-06,05:01,Veg Biryani,Main Course,2,249,498,Credit Card,Windy,27,137,21,116,249.0,429,No,Saturday,Yes,No,New,Takeaway,980.8
3033,2025-07-12,2025-07-12,20:20,Chocolate Shake,Beverage,1,179,179,Debit Card,Rainy,20,140,34,106,179.0,826,Yes,Saturday,Yes,No,New,Dine-In,323.9
3034,2025-02-15,2025-02-15,22:41,Paneer Tikka,Starter,1,299,299,Cash,Windy,22,136,60,76,299.0,733,No,Saturday,Yes,No,New,Delivery,438.9
3035,2025-10-14,2025-10-14,12:45,Masala Dosa,South Indian,3,199,597,Cash,Cloudy,28,81,53,28,199.0,383,Yes,Tuesday,No,Yes,Returning,Delivery,907.7
3036,2025-08-01,2025-08-01,06:40,Cheese Burger,Burger,3,199,597,UPI,Windy,19,124,10,114,199.0,692,No,Friday,No,No,Returning,Delivery,938.7
3037,2025-05-30,2025-05-30,02:06,French Fries,Snacks,2,129,258,Cash,Rainy,23,107,22,85,129.0,499,No,Friday,No,No,New,Dine-In,629.8
3038,2025-06-16,2025-06-16,18:31,Soft Drink,Beverage,5,79,395,Cash,Windy,35,87,26,61,79.0,664,No,Monday,No,No,New,Takeaway,548.5
3039,2025-05-19,2025-05-19,10:58,Masala Dosa,South Indian,2,199,398,UPI,Cloudy,23,111,11,100,199.0,477,No,Monday,No,No,New,Dine-In,561.8
3040,2025-02-20,2025-02-20,02:36,Veg Sandwich,Snacks,1,179,179,Debit Card,Rainy,30,127,38,89,179.0,786,No,Thursday,No,No,New,Takeaway,573.9
3041,2025-09-09,2025-09-09,09:19,Farmhouse Pizza,Pizza,1,399,399,UPI,Windy,34,133,12,121,399.0,559,Yes,Tuesday,No,No,Returning,Delivery,583.9
3042,2025-01-30,2025-01-30,00:04,Margherita Pizza,Pizza,1,299,299,UPI,Windy,24,146,57,89,299.0,878,Yes,Thursday,No,No,Returning,Dine-In,725.9
3043,2025-03-26,2025-03-26,05:44,Farmhouse Pizza,Pizza,4,399,1596,Cash,Cloudy,21,155,35,120,399.0,732,Yes,Wednesday,No,No,New,Dine-In,2231.6
3044,2025-08-21,2025-08-21,15:56,Soft Drink,Beverage,4,79,316,Credit Card,Sunny,26,173,45,128,79.0,723,Yes,Thursday,No,No,Returning,Takeaway,587.6
3045,2025-04-28,2025-04-28,23:00,Spring Rolls,Starter,1,229,229,Credit Card,Sunny,28,91,13,78,229.0,760,Yes,Monday,No,No,Returning,Takeaway,399.9
3046,2025-09-03,2025-09-03,09:37,Cheese Burger,Burger,4,199,796,Cash,Rainy,32,170,12,158,199.0,702,Yes,Wednesday,No,No,Returning,Delivery,1363.6
3047,2025-04-04,2025-04-04,10:49,Veg Sandwich,Snacks,4,179,716,Cash,Sunny,31,102,42,60,179.0,482,No,Friday,No,No,Returning,Takeaway,944.6
3048,2025-12-25,2025-12-25,11:25,Farmhouse Pizza,Pizza,2,399,798,Cash,Cloudy,20,119,24,95,399.0,630,No,Thursday,No,No,New,Takeaway,1364.8
3049,2025-09-14,2025-09-14,08:12,Veg Sandwich,Snacks,1,179,179,Credit Card,Cloudy,22,154,40,114,179.0,697,No,Sunday,Yes,No,Returning,Takeaway,462.9
3050,2025-12-01,2025-12-01,22:34,French Fries,Snacks,1,129,129,UPI,Windy,22,163,32,131,129.0,744,Yes,Monday,No,No,Returning,Dine-In,594.9
3051,2025-10-05,2025-10-05,15:03,Chole Bhature,Main Course,1,199,199,UPI,Cloudy,23,156,28,128,199.0,557,Yes,Sunday,Yes,No,New,Dine-In,565.9
3052,2025-08-29,2025-08-29,13:20,Cheese Burger,Burger,1,199,199,UPI,Sunny,21,156,46,110,199.0,449,No,Friday,No,No,New,Delivery,375.9
3053,2025-06-16,2025-06-16,16:28,Veg Burger,Burger,3,149,447,Debit Card,Cloudy,21,134,22,112,149.0,445,No,Monday,No,No,New,Takeaway,870.7
3054,2025-06-28,2025-06-28,16:43,Veg Burger,Burger,3,149,447,Credit Card,Windy,26,118,45,73,149.0,311,No,Saturday,Yes,Yes,Returning,Delivery,787.7
3055,2025-08-03,2025-08-03,22:40,White Sauce Pasta,Pasta,2,249,498,UPI,Windy,18,142,56,86,249.0,637,Yes,Sunday,Yes,No,New,Delivery,904.8
3056,2025-11-29,2025-11-29,12:42,White Sauce Pasta,Pasta,1,249,249,UPI,Rainy,19,120,59,61,249.0,509,No,Saturday,Yes,No,New,Delivery,405.9
3057,2025-03-05,2025-03-05,09:46,French Fries,Snacks,1,129,129,Cash,Windy,23,96,34,62,129.0,365,No,Wednesday,No,No,New,Dine-In,500.9
3058,2025-03-29,2025-03-29,14:07,Veg Biryani,Main Course,3,249,747,UPI,Windy,26,141,60,81,249.0,541,No,Saturday,Yes,No,New,Dine-In,1213.7
3059,2025-05-27,2025-05-27,09:31,Cold Coffee,Beverage,3,149,447,Debit Card,Cloudy,18,168,33,135,149.0,503,Yes,Tuesday,No,No,Returning,Delivery,827.7
3060,2025-03-03,2025-03-03,00:16,Veg Biryani,Main Course,2,249,498,Credit Card,Windy,25,156,47,109,249.0,773,No,Monday,No,No,New,Dine-In,781.8
3061,2025-04-15,2025-04-15,17:26,Cold Coffee,Beverage,4,149,596,Cash,Sunny,34,113,48,65,149.0,603,No,Tuesday,No,No,New,Delivery,966.6
3062,2025-10-04,2025-10-04,07:19,Paneer Tikka,Starter,1,299,299,Cash,Windy,27,174,34,140,299.0,644,No,Saturday,Yes,No,New,Takeaway,456.9
3063,2025-02-09,2025-02-09,17:56,Soft Drink,Beverage,1,79,79,Credit Card,Sunny,18,84,40,44,79.0,485,No,Sunday,Yes,No,New,Delivery,324.9
3064,2025-10-02,2025-10-02,17:02,White Sauce Pasta,Pasta,5,249,1245,Credit Card,Sunny,27,83,38,45,249.0,537,No,Thursday,No,Yes,Returning,Dine-In,1664.5
3065,2025-07-08,2025-07-08,13:47,Veg Biryani,Main Course,2,249,498,Credit Card,Rainy,21,112,41,71,249.0,562,Yes,Tuesday,No,No,New,Delivery,939.8
3066,2025-10-05,2025-10-05,15:02,French Fries,Snacks,3,129,387,Credit Card,Rainy,24,122,32,90,129.0,744,Yes,Sunday,Yes,No,Returning,Delivery,600.7
3067,2025-01-08,2025-01-08,00:31,Cold Coffee,Beverage,5,149,745,Debit Card,Windy,21,166,22,144,149.0,436,Yes,Wednesday,No,No,New,Delivery,1105.5
3068,2025-11-17,2025-11-17,05:24,Veg Biryani,Main Course,4,249,996,Debit Card,Windy,33,160,60,100,249.0,491,Yes,Monday,No,No,Returning,Delivery,1455.6
3069,2025-07-06,2025-07-06,08:49,Farmhouse Pizza,Pizza,1,399,399,Credit Card,Sunny,26,157,26,131,399.0,634,Yes,Sunday,Yes,No,Returning,Dine-In,657.9
3070,2025-03-12,2025-03-12,12:28,Veg Burger,Burger,1,149,149,Credit Card,Cloudy,32,162,51,111,149.0,604,Yes,Wednesday,No,No,New,Dine-In,264.9
3071,2025-10-28,2025-10-28,07:20,Soft Drink,Beverage,4,79,316,Debit Card,Rainy,31,91,40,51,79.0,861,No,Tuesday,No,Yes,Returning,Delivery,845.6
3072,2025-09-17,2025-09-17,17:01,Soft Drink,Beverage,4,79,316,UPI,Cloudy,34,86,56,30,79.0,812,Yes,Wednesday,No,No,New,Delivery,560.6
3073,2025-06-23,2025-06-23,01:04,Cold Coffee,Beverage,1,149,149,UPI,Sunny,33,137,17,120,149.0,768,No,Monday,No,No,New,Takeaway,541.9
3074,2025-08-30,2025-08-30,13:25,Chocolate Shake,Beverage,5,179,895,UPI,Windy,22,151,29,122,179.0,754,Yes,Saturday,Yes,No,New,Dine-In,1315.5
3075,2025-04-14,2025-04-14,18:25,Chocolate Shake,Beverage,5,179,895,UPI,Cloudy,27,102,17,85,179.0,551,No,Monday,No,No,Returning,Dine-In,1162.5
3076,2025-12-08,2025-12-08,12:48,French Fries,Snacks,5,129,645,UPI,Sunny,26,124,56,68,129.0,353,No,Monday,No,Yes,New,Takeaway,981.5
3077,2025-02-23,2025-02-23,02:21,Chole Bhature,Main Course,3,199,597,Cash,Windy,35,149,55,94,199.0,731,No,Sunday,Yes,No,New,Delivery,1113.7
3078,2025-11-02,2025-11-02,14:30,Cheese Burger,Burger,5,199,995,Credit Card,Sunny,18,155,53,102,199.0,513,Yes,Sunday,Yes,Yes,New,Takeaway,1405.5
3079,2025-05-19,2025-05-19,07:52,Spring Rolls,Starter,3,229,687,Cash,Sunny,32,107,24,83,229.0,503,No,Monday,No,No,Returning,Delivery,1238.7
3080,2025-01-20,2025-01-20,02:16,Veg Sandwich,Snacks,3,179,537,UPI,Cloudy,18,145,40,105,179.0,837,Yes,Monday,No,No,Returning,Delivery,984.7
3081,2025-08-20,2025-08-20,17:39,Margherita Pizza,Pizza,4,299,1196,Debit Card,Windy,34,84,55,29,299.0,780,Yes,Wednesday,No,No,Returning,Takeaway,1471.6
3082,2025-05-25,2025-05-25,22:12,Soft Drink,Beverage,5,79,395,Cash,Cloudy,26,86,59,27,79.0,790,No,Sunday,Yes,No,Returning,Takeaway,922.5
3083,2025-12-31,2025-12-31,02:39,Spring Rolls,Starter,2,229,458,Credit Card,Rainy,27,135,44,91,229.0,508,Yes,Wednesday,No,No,Returning,Delivery,990.8
3084,2025-07-20,2025-07-20,07:34,Veg Burger,Burger,3,149,447,Debit Card,Sunny,33,169,55,114,149.0,727,Yes,Sunday,Yes,No,Returning,Delivery,873.7
3085,2025-10-24,2025-10-24,07:00,Farmhouse Pizza,Pizza,1,399,399,Debit Card,Sunny,23,144,23,121,399.0,390,No,Friday,No,No,Returning,Delivery,588.9
3086,2025-02-23,2025-02-23,17:07,Chocolate Shake,Beverage,3,179,537,Credit Card,Windy,25,96,14,82,179.0,737,No,Sunday,Yes,No,New,Delivery,1043.7
3087,2025-10-01,2025-10-01,04:18,Veg Burger,Burger,4,149,596,Credit Card,Sunny,25,161,22,139,149.0,444,No,Wednesday,No,No,Returning,Dine-In,846.6
3088,2025-11-22,2025-11-22,22:04,White Sauce Pasta,Pasta,4,249,996,Credit Card,Sunny,28,85,20,65,249.0,673,Yes,Saturday,Yes,No,New,Dine-In,1294.6
3089,2025-03-16,2025-03-16,08:20,Veg Sandwich,Snacks,4,179,716,Credit Card,Rainy,35,99,54,45,179.0,459,Yes,Sunday,Yes,No,Returning,Takeaway,1009.6
3090,2025-06-25,2025-06-25,02:26,Veg Biryani,Main Course,3,249,747,Credit Card,Rainy,25,157,16,141,249.0,526,Yes,Wednesday,No,Yes,New,Delivery,1206.7
3091,2025-11-23,2025-11-23,04:43,Chole Bhature,Main Course,5,199,995,Cash,Cloudy,25,80,24,56,199.0,318,Yes,Sunday,Yes,No,Returning,Dine-In,1265.5
3092,2025-11-16,2025-11-16,01:49,Veg Biryani,Main Course,4,249,996,Credit Card,Windy,18,120,11,109,249.0,652,Yes,Sunday,Yes,No,New,Delivery,1374.6
3093,2025-08-14,2025-08-14,22:22,Cold Coffee,Beverage,1,149,149,Cash,Rainy,23,159,13,146,149.0,435,No,Thursday,No,No,New,Takeaway,344.9
3094,2025-04-16,2025-04-16,05:35,Paneer Tikka,Starter,2,299,598,Cash,Windy,34,155,18,137,299.0,603,Yes,Wednesday,No,No,Returning,Dine-In,1089.8
3095,2025-01-01,2025-01-01,21:59,Cold Coffee,Beverage,2,149,298,Debit Card,Cloudy,34,109,52,57,149.0,414,Yes,Wednesday,No,No,New,Takeaway,481.8
3096,2025-11-09,2025-11-09,00:55,French Fries,Snacks,1,129,129,Debit Card,Windy,21,100,44,56,129.0,855,Yes,Sunday,Yes,No,Returning,Delivery,437.9
3097,2025-07-29,2025-07-29,23:58,Masala Dosa,South Indian,4,199,796,Debit Card,Cloudy,27,161,30,131,199.0,375,Yes,Tuesday,No,No,New,Takeaway,1264.6
3098,2025-07-08,2025-07-08,10:55,French Fries,Snacks,2,129,258,Credit Card,Sunny,25,95,60,35,129.0,512,Yes,Tuesday,No,No,New,Delivery,677.8
3099,2025-07-12,2025-07-12,11:08,Cold Coffee,Beverage,3,149,447,Debit Card,Rainy,28,140,33,107,149.0,604,No,Saturday,Yes,No,Returning,Takeaway,708.7
3100,2025-01-16,2025-01-16,11:42,Cold Coffee,Beverage,1,149,149,UPI,Cloudy,32,87,35,52,149.0,646,No,Thursday,No,No,New,Dine-In,646.9
3101,2025-09-03,2025-09-03,19:37,Paneer Tikka,Starter,2,299,598,Credit Card,Cloudy,18,161,58,103,299.0,370,Yes,Wednesday,No,No,Returning,Dine-In,772.8
3102,2025-10-29,2025-10-29,17:59,Chole Bhature,Main Course,2,199,398,Cash,Cloudy,20,103,11,92,199.0,730,No,Wednesday,No,No,New,Takeaway,592.8
3103,2025-03-27,2025-03-27,14:23,Cheese Burger,Burger,2,199,398,Cash,Rainy,18,96,16,80,199.0,840,No,Thursday,No,No,New,Takeaway,582.8
3104,2025-05-20,2025-05-20,14:58,Veg Burger,Burger,5,149,745,UPI,Sunny,35,122,37,85,149.0,715,No,Tuesday,No,No,Returning,Delivery,1246.5
3105,2025-01-09,2025-01-09,11:59,Veg Burger,Burger,4,149,596,Credit Card,Rainy,29,121,59,62,149.0,642,Yes,Thursday,No,No,Returning,Dine-In,835.6
3106,2025-06-09,2025-06-09,21:10,Cold Coffee,Beverage,2,149,298,Cash,Sunny,29,105,37,68,149.0,687,Yes,Monday,No,No,New,Dine-In,644.8
3107,2025-08-25,2025-08-25,13:34,Cheese Burger,Burger,4,199,796,Cash,Sunny,22,96,25,71,199.0,328,No,Monday,No,No,New,Delivery,1267.6
3108,2025-09-07,2025-09-07,00:59,Veg Burger,Burger,5,149,745,Credit Card,Cloudy,29,171,36,135,149.0,523,No,Sunday,Yes,No,New,Delivery,1048.5
3109,2025-06-09,2025-06-09,13:08,Chole Bhature,Main Course,2,199,398,UPI,Rainy,19,167,60,107,199.0,490,No,Monday,No,No,Returning,Dine-In,923.8
3110,2025-05-20,2025-05-20,10:08,Cold Coffee,Beverage,4,149,596,UPI,Rainy,21,125,15,110,149.0,355,Yes,Tuesday,No,No,Returning,Dine-In,927.6
3111,2025-10-20,2025-10-20,06:36,Farmhouse Pizza,Pizza,1,399,399,Credit Card,Sunny,34,132,50,82,399.0,580,Yes,Monday,No,No,Returning,Dine-In,646.9
3112,2025-01-14,2025-01-14,18:37,Margherita Pizza,Pizza,4,299,1196,Credit Card,Sunny,25,179,42,137,299.0,584,Yes,Tuesday,No,No,Returning,Dine-In,1415.6
3113,2025-05-28,2025-05-28,11:27,Chole Bhature,Main Course,1,199,199,Debit Card,Sunny,31,111,35,76,199.0,376,No,Wednesday,No,No,Returning,Takeaway,495.9
3114,2025-06-16,2025-06-16,14:33,Chole Bhature,Main Course,2,199,398,Cash,Cloudy,30,95,22,73,199.0,511,No,Monday,No,No,Returning,Takeaway,887.8
3115,2025-07-27,2025-07-27,16:37,Veg Sandwich,Snacks,3,179,537,Cash,Rainy,21,140,55,85,179.0,459,Yes,Sunday,Yes,No,Returning,Takeaway,787.7
3116,2025-06-17,2025-06-17,17:26,Paneer Tikka,Starter,3,299,897,Debit Card,Cloudy,18,81,10,71,299.0,331,No,Tuesday,No,No,New,Dine-In,1428.7
3117,2025-12-21,2025-12-21,01:40,Veg Burger,Burger,1,149,149,Cash,Windy,24,154,12,142,149.0,312,No,Sunday,Yes,No,New,Delivery,263.9
3118,2025-01-30,2025-01-30,07:31,Spring Rolls,Starter,4,229,916,Cash,Cloudy,33,105,40,65,229.0,563,Yes,Thursday,No,No,New,Delivery,1121.6
3119,2025-02-22,2025-02-22,01:09,Paneer Tikka,Starter,1,299,299,Credit Card,Cloudy,29,144,36,108,299.0,467,Yes,Saturday,Yes,No,Returning,Takeaway,751.9
3120,2025-07-28,2025-07-28,10:34,White Sauce Pasta,Pasta,1,249,249,Credit Card,Rainy,19,126,23,103,249.0,874,No,Monday,No,No,New,Dine-In,468.9
3121,2025-10-25,2025-10-25,02:33,Veg Sandwich,Snacks,5,179,895,Debit Card,Rainy,32,84,50,34,179.0,881,Yes,Saturday,Yes,No,Returning,Takeaway,1234.5
3122,2025-11-10,2025-11-10,23:59,Veg Burger,Burger,5,149,745,Debit Card,Rainy,21,140,41,99,149.0,700,No,Monday,No,No,Returning,Dine-In,1056.5
3123,2025-02-13,2025-02-13,13:57,Veg Burger,Burger,4,149,596,UPI,Rainy,24,137,47,90,149.0,837,No,Thursday,No,No,Returning,Dine-In,1139.6
3124,2025-03-19,2025-03-19,21:31,Chocolate Shake,Beverage,2,179,358,Credit Card,Windy,31,134,39,95,179.0,846,No,Wednesday,No,No,Returning,Dine-In,569.8
3125,2025-05-14,2025-05-14,14:27,Masala Dosa,South Indian,4,199,796,Cash,Rainy,34,93,20,73,199.0,551,Yes,Wednesday,No,No,New,Takeaway,1144.6
3126,2025-11-10,2025-11-10,11:54,Masala Dosa,South Indian,5,199,995,Debit Card,Sunny,20,90,21,69,199.0,706,No,Monday,No,No,New,Delivery,1417.5
3127,2025-10-05,2025-10-05,14:33,Margherita Pizza,Pizza,3,299,897,Credit Card,Windy,31,154,13,141,299.0,471,Yes,Sunday,Yes,No,Returning,Dine-In,1276.7
3128,2025-03-14,2025-03-14,13:34,French Fries,Snacks,1,129,129,Debit Card,Cloudy,18,169,47,122,129.0,457,No,Friday,No,No,Returning,Delivery,358.9
3129,2025-07-13,2025-07-13,13:52,Veg Biryani,Main Course,5,249,1245,Cash,Windy,24,169,13,156,249.0,556,Yes,Sunday,Yes,No,New,Delivery,1537.5
3130,2025-09-24,2025-09-24,19:37,Chole Bhature,Main Course,3,199,597,Credit Card,Cloudy,24,107,40,67,199.0,618,Yes,Wednesday,No,No,Returning,Takeaway,968.7
3131,2025-10-04,2025-10-04,23:22,Masala Dosa,South Indian,2,199,398,Debit Card,Sunny,31,129,22,107,199.0,798,No,Saturday,Yes,No,Returning,Delivery,815.8
3132,2025-10-31,2025-10-31,07:34,Farmhouse Pizza,Pizza,3,399,1197,Cash,Windy,30,82,48,34,399.0,638,No,Friday,No,No,New,Delivery,1620.7
3133,2025-11-05,2025-11-05,02:18,Veg Biryani,Main Course,5,249,1245,Credit Card,Cloudy,19,123,17,106,249.0,898,Yes,Wednesday,No,No,Returning,Delivery,1711.5
3134,2025-11-22,2025-11-22,21:40,Spring Rolls,Starter,3,229,687,Debit Card,Windy,26,105,13,92,229.0,424,Yes,Saturday,Yes,No,Returning,Dine-In,1113.7
3135,2025-10-09,2025-10-09,04:31,Veg Sandwich,Snacks,5,179,895,Cash,Sunny,30,158,49,109,179.0,508,No,Thursday,No,No,Returning,Dine-In,1403.5
3136,2025-01-17,2025-01-17,02:22,Veg Burger,Burger,3,149,447,Credit Card,Sunny,27,109,57,52,149.0,563,No,Friday,No,No,New,Delivery,607.7
3137,2025-02-07,2025-02-07,00:48,Veg Burger,Burger,4,149,596,Debit Card,Windy,18,125,20,105,149.0,561,No,Friday,No,No,New,Takeaway,1085.6
3138,2025-03-17,2025-03-17,15:21,Chole Bhature,Main Course,3,199,597,UPI,Windy,21,142,32,110,199.0,420,No,Monday,No,No,Returning,Takeaway,921.7
3139,2025-01-28,2025-01-28,00:16,Masala Dosa,South Indian,3,199,597,Credit Card,Rainy,30,175,17,158,199.0,490,Yes,Tuesday,No,Yes,New,Dine-In,810.7
3140,2025-05-24,2025-05-24,01:31,Farmhouse Pizza,Pizza,3,399,1197,Debit Card,Rainy,19,144,51,93,399.0,330,Yes,Saturday,Yes,Yes,New,Delivery,1780.7
3141,2025-08-19,2025-08-19,04:02,Cold Coffee,Beverage,4,149,596,UPI,Sunny,23,135,12,123,149.0,317,Yes,Tuesday,No,Yes,Returning,Takeaway,1146.6
3142,2025-04-14,2025-04-14,06:56,Paneer Tikka,Starter,1,299,299,UPI,Sunny,24,132,11,121,299.0,468,Yes,Monday,No,No,New,Delivery,441.9
3143,2025-06-04,2025-06-04,16:20,Farmhouse Pizza,Pizza,5,399,1995,Credit Card,Windy,20,140,50,90,399.0,375,Yes,Wednesday,No,No,Returning,Takeaway,2452.5
3144,2025-11-18,2025-11-18,16:24,Spring Rolls,Starter,1,229,229,UPI,Rainy,35,114,13,101,229.0,520,Yes,Tuesday,No,No,Returning,Takeaway,470.9
3145,2025-10-21,2025-10-21,16:12,Farmhouse Pizza,Pizza,2,399,798,Cash,Sunny,20,103,54,49,399.0,479,No,Tuesday,No,No,Returning,Takeaway,1077.8
3146,2025-10-15,2025-10-15,09:50,Spring Rolls,Starter,5,229,1145,Cash,Rainy,35,141,33,108,229.0,601,Yes,Wednesday,No,No,New,Takeaway,1466.5
3147,2025-04-29,2025-04-29,02:04,Soft Drink,Beverage,1,79,79,Cash,Sunny,26,134,35,99,79.0,846,No,Tuesday,No,Yes,Returning,Delivery,397.9
3148,2025-06-26,2025-06-26,03:14,Veg Burger,Burger,4,149,596,UPI,Cloudy,20,171,45,126,149.0,487,No,Thursday,No,No,Returning,Dine-In,843.6
3149,2025-12-22,2025-12-22,07:37,Cheese Burger,Burger,1,199,199,UPI,Windy,30,133,55,78,199.0,331,No,Monday,No,No,New,Dine-In,715.9
3150,2025-03-17,2025-03-17,04:36,French Fries,Snacks,2,129,258,UPI,Sunny,32,133,54,79,129.0,745,No,Monday,No,No,Returning,Takeaway,411.8
3151,2025-04-11,2025-04-11,02:54,Margherita Pizza,Pizza,5,299,1495,Debit Card,Cloudy,33,161,27,134,299.0,379,No,Friday,No,No,New,Takeaway,2004.5
3152,2025-01-05,2025-01-05,13:32,White Sauce Pasta,Pasta,3,249,747,Credit Card,Windy,30,82,46,36,249.0,563,No,Sunday,Yes,Yes,New,Dine-In,1202.7
3153,2025-07-08,2025-07-08,08:49,Margherita Pizza,Pizza,3,299,897,Debit Card,Windy,30,104,47,57,299.0,781,No,Tuesday,No,No,New,Delivery,1484.7
3154,2025-01-03,2025-01-03,08:10,White Sauce Pasta,Pasta,1,249,249,Credit Card,Rainy,22,143,15,128,249.0,502,No,Friday,No,No,Returning,Dine-In,683.9
3155,2025-11-11,2025-11-11,04:25,Chocolate Shake,Beverage,2,179,358,Cash,Sunny,32,170,20,150,179.0,601,No,Tuesday,No,No,New,Takeaway,523.8
3156,2025-11-12,2025-11-12,08:03,Veg Burger,Burger,3,149,447,Debit Card,Sunny,21,174,20,154,149.0,541,Yes,Wednesday,No,No,Returning,Delivery,978.7
3157,2025-12-13,2025-12-13,22:34,Cold Coffee,Beverage,1,149,149,Credit Card,Windy,24,150,55,95,149.0,361,Yes,Saturday,Yes,Yes,New,Takeaway,629.9
3158,2025-06-06,2025-06-06,20:50,Farmhouse Pizza,Pizza,2,399,798,Debit Card,Cloudy,29,169,10,159,399.0,896,No,Friday,No,No,Returning,Delivery,1287.8
3159,2025-08-10,2025-08-10,22:57,Margherita Pizza,Pizza,4,299,1196,Debit Card,Rainy,33,105,24,81,299.0,670,No,Sunday,Yes,No,Returning,Takeaway,1574.6
3160,2025-05-03,2025-05-03,09:19,Cold Coffee,Beverage,4,149,596,Debit Card,Rainy,20,121,40,81,149.0,864,Yes,Saturday,Yes,No,New,Takeaway,789.6
3161,2025-08-18,2025-08-18,02:33,Soft Drink,Beverage,1,79,79,Credit Card,Sunny,31,96,42,54,79.0,514,No,Monday,No,No,Returning,Dine-In,575.9
3162,2025-03-09,2025-03-09,01:43,French Fries,Snacks,2,129,258,Credit Card,Rainy,35,116,56,60,129.0,572,No,Sunday,Yes,No,New,Delivery,779.8
3163,2025-07-17,2025-07-17,10:20,Veg Biryani,Main Course,2,249,498,Cash,Sunny,24,153,34,119,249.0,791,No,Thursday,No,Yes,Returning,Dine-In,709.8
3164,2025-10-02,2025-10-02,10:39,Chocolate Shake,Beverage,1,179,179,Credit Card,Cloudy,18,122,16,106,179.0,855,No,Thursday,No,No,New,Dine-In,587.9
3165,2025-08-21,2025-08-21,09:53,Farmhouse Pizza,Pizza,4,399,1596,Credit Card,Sunny,25,113,43,70,399.0,379,Yes,Thursday,No,No,Returning,Takeaway,1903.6
3166,2025-06-26,2025-06-26,15:10,Paneer Tikka,Starter,3,299,897,Credit Card,Sunny,28,173,33,140,299.0,710,Yes,Thursday,No,No,Returning,Takeaway,1417.7
3167,2025-04-09,2025-04-09,20:45,French Fries,Snacks,2,129,258,Cash,Cloudy,31,158,52,106,129.0,866,No,Wednesday,No,Yes,New,Delivery,773.8
3168,2025-10-27,2025-10-27,19:20,White Sauce Pasta,Pasta,4,249,996,Debit Card,Cloudy,27,141,23,118,249.0,721,Yes,Monday,No,No,New,Dine-In,1491.6
3169,2025-03-28,2025-03-28,12:12,Veg Burger,Burger,1,149,149,UPI,Cloudy,26,90,42,48,149.0,339,Yes,Friday,No,No,Returning,Dine-In,425.9
3170,2025-11-02,2025-11-02,03:35,Chole Bhature,Main Course,3,199,597,Cash,Windy,28,95,33,62,199.0,402,No,Sunday,Yes,No,New,Dine-In,962.7
3171,2025-02-25,2025-02-25,23:09,Farmhouse Pizza,Pizza,1,399,399,Credit Card,Sunny,34,97,21,76,399.0,789,No,Tuesday,No,No,Returning,Dine-In,908.9
3172,2025-04-28,2025-04-28,23:52,Farmhouse Pizza,Pizza,2,399,798,Cash,Windy,22,97,40,57,399.0,860,No,Monday,No,No,New,Dine-In,1050.8
3173,2025-01-21,2025-01-21,09:13,French Fries,Snacks,3,129,387,Cash,Windy,29,120,54,66,129.0,576,No,Tuesday,No,No,Returning,Dine-In,900.7
3174,2025-10-26,2025-10-26,23:11,Soft Drink,Beverage,1,79,79,Credit Card,Windy,23,88,55,33,79.0,810,No,Sunday,Yes,No,New,Takeaway,460.9
3175,2025-09-25,2025-09-25,20:42,Farmhouse Pizza,Pizza,2,399,798,Cash,Rainy,20,93,40,53,399.0,459,No,Thursday,No,No,Returning,Delivery,993.8
3176,2025-09-15,2025-09-15,08:29,Veg Burger,Burger,4,149,596,Cash,Windy,26,151,39,112,149.0,357,No,Monday,No,No,Returning,Delivery,1045.6
3177,2025-05-31,2025-05-31,22:46,French Fries,Snacks,2,129,258,Credit Card,Windy,22,177,13,164,129.0,364,Yes,Saturday,Yes,No,New,Delivery,613.8
3178,2025-10-08,2025-10-08,08:23,Veg Burger,Burger,4,149,596,Debit Card,Cloudy,18,168,59,109,149.0,394,Yes,Wednesday,No,No,New,Dine-In,813.6
3179,2025-07-21,2025-07-21,18:44,Spring Rolls,Starter,4,229,916,Credit Card,Cloudy,28,118,42,76,229.0,615,No,Monday,No,No,Returning,Takeaway,1278.6
3180,2025-11-15,2025-11-15,17:02,Masala Dosa,South Indian,1,199,199,Debit Card,Sunny,18,97,39,58,199.0,403,No,Saturday,Yes,No,New,Takeaway,496.9
3181,2025-10-24,2025-10-24,07:33,Paneer Tikka,Starter,4,299,1196,UPI,Rainy,33,171,31,140,299.0,644,Yes,Friday,No,No,Returning,Dine-In,1805.6
3182,2025-04-11,2025-04-11,04:22,Masala Dosa,South Indian,3,199,597,UPI,Cloudy,18,150,37,113,199.0,634,No,Friday,No,No,New,Takeaway,848.7
3183,2025-07-05,2025-07-05,04:30,Chole Bhature,Main Course,3,199,597,Debit Card,Cloudy,25,132,59,73,199.0,754,No,Saturday,Yes,No,New,Delivery,963.7
3184,2025-12-29,2025-12-29,04:49,Veg Burger,Burger,4,149,596,Cash,Rainy,27,109,13,96,149.0,578,No,Monday,No,No,Returning,Dine-In,1108.6
3185,2025-09-22,2025-09-22,10:24,White Sauce Pasta,Pasta,4,249,996,Cash,Sunny,25,80,20,60,249.0,556,No,Monday,No,No,Returning,Delivery,1213.6
3186,2025-09-19,2025-09-19,20:26,Cheese Burger,Burger,2,199,398,Credit Card,Sunny,19,137,31,106,199.0,441,No,Friday,No,No,New,Takeaway,722.8
3187,2025-06-22,2025-06-22,08:44,Chole Bhature,Main Course,2,199,398,Credit Card,Rainy,22,122,22,100,199.0,351,No,Sunday,Yes,No,Returning,Delivery,627.8
3188,2025-09-01,2025-09-01,04:55,Chocolate Shake,Beverage,4,179,716,Debit Card,Windy,18,131,35,96,179.0,672,Yes,Monday,No,No,Returning,Takeaway,1278.6
3189,2025-02-03,2025-02-03,06:57,Chole Bhature,Main Course,4,199,796,Debit Card,Rainy,31,112,18,94,199.0,900,Yes,Monday,No,No,Returning,Dine-In,1176.6
3190,2025-01-31,2025-01-31,07:08,White Sauce Pasta,Pasta,2,249,498,UPI,Rainy,23,119,10,109,249.0,740,Yes,Friday,No,No,Returning,Dine-In,953.8
3191,2025-10-30,2025-10-30,03:41,Masala Dosa,South Indian,5,199,995,Credit Card,Sunny,31,153,39,114,199.0,751,Yes,Thursday,No,No,Returning,Dine-In,1276.5
3192,2025-02-20,2025-02-20,17:03,White Sauce Pasta,Pasta,2,249,498,Cash,Cloudy,28,164,52,112,249.0,308,Yes,Thursday,No,No,New,Takeaway,890.8
3193,2025-11-24,2025-11-24,04:23,Chole Bhature,Main Course,4,199,796,Cash,Rainy,27,125,12,113,199.0,507,Yes,Monday,No,No,Returning,Delivery,1333.6
3194,2025-09-16,2025-09-16,05:24,Veg Burger,Burger,2,149,298,Cash,Windy,34,154,16,138,149.0,495,No,Tuesday,No,No,Returning,Dine-In,517.8
3195,2025-08-05,2025-08-05,03:32,White Sauce Pasta,Pasta,4,249,996,Credit Card,Sunny,28,149,31,118,249.0,883,Yes,Tuesday,No,No,New,Takeaway,1344.6
3196,2025-11-19,2025-11-19,17:01,Paneer Tikka,Starter,5,299,1495,Debit Card,Windy,24,93,60,33,299.0,797,Yes,Wednesday,No,No,New,Delivery,2005.5
3197,2025-04-06,2025-04-06,03:28,French Fries,Snacks,1,129,129,Cash,Cloudy,28,108,25,83,129.0,383,Yes,Sunday,Yes,No,New,Delivery,424.9
3198,2025-05-29,2025-05-29,21:48,Veg Biryani,Main Course,4,249,996,UPI,Cloudy,30,175,24,151,249.0,609,Yes,Thursday,No,No,Returning,Takeaway,1291.6
3199,2025-04-07,2025-04-07,15:09,Veg Sandwich,Snacks,2,179,358,Debit Card,Cloudy,21,150,51,99,179.0,833,Yes,Monday,No,Yes,New,Takeaway,800.8
3200,2025-01-27,2025-01-27,22:35,Paneer Tikka,Starter,3,299,897,Credit Card,Windy,33,138,51,87,299.0,416,Yes,Monday,No,No,New,Delivery,1466.7
3201,2025-02-18,2025-02-18,07:25,Chocolate Shake,Beverage,4,179,716,Cash,Sunny,35,82,53,29,179.0,593,No,Tuesday,No,No,Returning,Dine-In,1200.6
3202,2025-06-07,2025-06-07,06:32,Chocolate Shake,Beverage,1,179,179,Debit Card,Sunny,19,106,13,93,179.0,379,Yes,Saturday,Yes,No,Returning,Dine-In,486.9
3203,2025-04-19,2025-04-19,10:25,Chole Bhature,Main Course,5,199,995,Cash,Windy,27,160,37,123,199.0,558,No,Saturday,Yes,No,Returning,Delivery,1468.5
3204,2025-09-18,2025-09-18,19:09,Cold Coffee,Beverage,2,149,298,Debit Card,Rainy,35,137,52,85,149.0,684,Yes,Thursday,No,No,New,Dine-In,645.8
3205,2025-03-02,2025-03-02,06:46,Cheese Burger,Burger,1,199,199,Debit Card,Rainy,28,132,36,96,199.0,895,No,Sunday,Yes,No,New,Takeaway,330.9
3206,2025-10-18,2025-10-18,18:00,Paneer Tikka,Starter,2,299,598,Debit Card,Cloudy,23,97,32,65,299.0,752,No,Saturday,Yes,No,New,Takeaway,1118.8
3207,2025-08-06,2025-08-06,10:10,Spring Rolls,Starter,4,229,916,Debit Card,Cloudy,30,180,53,127,229.0,746,No,Wednesday,No,No,Returning,Takeaway,1219.6
3208,2025-09-05,2025-09-05,05:33,Farmhouse Pizza,Pizza,4,399,1596,UPI,Sunny,31,167,33,134,399.0,746,Yes,Friday,No,Yes,Returning,Delivery,2205.6
3209,2025-12-20,2025-12-20,21:28,French Fries,Snacks,4,129,516,Credit Card,Sunny,32,83,52,31,129.0,527,Yes,Saturday,Yes,Yes,New,Delivery,851.6
3210,2025-06-27,2025-06-27,19:31,Masala Dosa,South Indian,1,199,199,Cash,Cloudy,31,134,49,85,199.0,359,Yes,Friday,No,No,Returning,Dine-In,704.9
3211,2025-01-31,2025-01-31,09:49,Veg Burger,Burger,3,149,447,Cash,Cloudy,22,91,40,51,149.0,306,Yes,Friday,No,Yes,Returning,Takeaway,661.7
3212,2025-02-08,2025-02-08,23:34,White Sauce Pasta,Pasta,1,249,249,Debit Card,Cloudy,21,107,30,77,249.0,675,Yes,Saturday,Yes,No,New,Takeaway,415.9
3213,2025-12-25,2025-12-25,13:12,French Fries,Snacks,3,129,387,Debit Card,Rainy,28,135,29,106,129.0,313,Yes,Thursday,No,No,Returning,Delivery,769.7
3214,2025-06-08,2025-06-08,14:39,Masala Dosa,South Indian,4,199,796,UPI,Cloudy,20,137,23,114,199.0,575,Yes,Sunday,Yes,No,Returning,Takeaway,1305.6
3215,2025-09-01,2025-09-01,17:46,Farmhouse Pizza,Pizza,1,399,399,Credit Card,Cloudy,35,101,33,68,399.0,548,No,Monday,No,No,Returning,Dine-In,766.9
3216,2025-09-30,2025-09-30,15:10,Margherita Pizza,Pizza,4,299,1196,Debit Card,Windy,20,94,18,76,299.0,784,No,Tuesday,No,No,Returning,Takeaway,1441.6
3217,2025-09-14,2025-09-14,19:45,Cheese Burger,Burger,3,199,597,UPI,Rainy,29,108,55,53,199.0,529,No,Sunday,Yes,Yes,New,Dine-In,878.7
3218,2025-06-20,2025-06-20,14:33,Chole Bhature,Main Course,2,199,398,Debit Card,Rainy,26,91,54,37,199.0,607,No,Friday,No,No,Returning,Dine-In,710.8
3219,2025-02-01,2025-02-01,00:46,Chole Bhature,Main Course,1,199,199,Debit Card,Rainy,25,103,12,91,199.0,715,No,Saturday,Yes,No,New,Delivery,331.9
3220,2025-12-02,2025-12-02,08:25,French Fries,Snacks,5,129,645,Cash,Sunny,21,135,15,120,129.0,758,No,Tuesday,No,Yes,New,Delivery,1154.5
3221,2025-05-28,2025-05-28,03:02,Chocolate Shake,Beverage,1,179,179,Credit Card,Windy,24,91,56,35,179.0,866,Yes,Wednesday,No,No,Returning,Dine-In,628.9
3222,2025-04-27,2025-04-27,19:21,Veg Biryani,Main Course,3,249,747,Credit Card,Sunny,35,176,46,130,249.0,457,No,Sunday,Yes,Yes,New,Delivery,1314.7
3223,2025-09-13,2025-09-13,20:32,Soft Drink,Beverage,4,79,316,Cash,Windy,25,82,48,34,79.0,650,Yes,Saturday,Yes,No,Returning,Dine-In,628.6
3224,2025-05-04,2025-05-04,21:47,Farmhouse Pizza,Pizza,5,399,1995,Debit Card,Cloudy,27,172,13,159,399.0,523,Yes,Sunday,Yes,No,New,Dine-In,2570.5
3225,2025-11-12,2025-11-12,21:09,Cheese Burger,Burger,5,199,995,Cash,Rainy,21,146,44,102,199.0,689,No,Wednesday,No,No,Returning,Dine-In,1352.5
3226,2025-10-19,2025-10-19,12:40,Margherita Pizza,Pizza,1,299,299,Cash,Cloudy,27,80,29,51,299.0,546,No,Sunday,Yes,No,Returning,Dine-In,613.9
3227,2025-07-26,2025-07-26,22:37,Veg Burger,Burger,3,149,447,Debit Card,Windy,24,110,25,85,149.0,350,Yes,Saturday,Yes,No,New,Delivery,937.7
3228,2025-04-02,2025-04-02,07:02,Margherita Pizza,Pizza,4,299,1196,Debit Card,Sunny,20,123,59,64,299.0,864,No,Wednesday,No,No,Returning,Dine-In,1778.6
3229,2025-02-19,2025-02-19,11:24,French Fries,Snacks,3,129,387,Credit Card,Cloudy,18,115,60,55,129.0,746,No,Wednesday,No,No,New,Takeaway,880.7
3230,2025-11-17,2025-11-17,06:57,Masala Dosa,South Indian,4,199,796,Debit Card,Cloudy,19,98,45,53,199.0,636,Yes,Monday,No,Yes,Returning,Takeaway,1251.6
3231,2025-10-28,2025-10-28,02:37,Cheese Burger,Burger,2,199,398,UPI,Sunny,27,180,58,122,199.0,392,No,Tuesday,No,No,Returning,Takeaway,728.8
3232,2025-08-29,2025-08-29,20:42,Chocolate Shake,Beverage,1,179,179,Credit Card,Cloudy,19,81,48,33,179.0,701,No,Friday,No,No,Returning,Takeaway,527.9
3233,2025-08-31,2025-08-31,07:54,Chocolate Shake,Beverage,1,179,179,Cash,Windy,20,124,38,86,179.0,322,No,Sunday,Yes,No,New,Delivery,610.9
3234,2025-02-17,2025-02-17,02:30,Veg Biryani,Main Course,1,249,249,Credit Card,Sunny,34,145,21,124,249.0,875,Yes,Monday,No,No,Returning,Dine-In,712.9
3235,2025-10-13,2025-10-13,20:51,Cold Coffee,Beverage,3,149,447,Debit Card,Sunny,31,143,60,83,149.0,576,No,Monday,No,No,New,Delivery,860.7
3236,2025-05-27,2025-05-27,16:34,White Sauce Pasta,Pasta,1,249,249,UPI,Rainy,32,83,28,55,249.0,438,Yes,Tuesday,No,No,Returning,Delivery,618.9
3237,2025-06-08,2025-06-08,12:12,Veg Biryani,Main Course,1,249,249,Cash,Rainy,30,91,43,48,249.0,742,Yes,Sunday,Yes,No,New,Delivery,418.9
3238,2025-01-07,2025-01-07,01:32,Cheese Burger,Burger,2,199,398,Cash,Sunny,35,146,55,91,199.0,697,Yes,Tuesday,No,Yes,New,Dine-In,761.8
3239,2025-08-14,2025-08-14,22:59,White Sauce Pasta,Pasta,4,249,996,Credit Card,Sunny,30,99,25,74,249.0,524,Yes,Thursday,No,No,Returning,Takeaway,1553.6
3240,2025-08-08,2025-08-08,01:29,Paneer Tikka,Starter,2,299,598,Debit Card,Windy,34,103,27,76,299.0,358,Yes,Friday,No,No,New,Dine-In,1062.8
3241,2025-02-04,2025-02-04,02:43,Veg Burger,Burger,1,149,149,Cash,Sunny,26,100,34,66,149.0,632,No,Tuesday,No,Yes,New,Delivery,325.9
3242,2025-07-26,2025-07-26,02:51,Chocolate Shake,Beverage,5,179,895,Cash,Cloudy,24,147,41,106,179.0,384,Yes,Saturday,Yes,No,New,Dine-In,1102.5
3243,2025-05-22,2025-05-22,16:28,Paneer Tikka,Starter,2,299,598,Credit Card,Windy,19,164,19,145,299.0,849,Yes,Thursday,No,No,New,Takeaway,899.8
3244,2025-06-20,2025-06-20,00:28,Cold Coffee,Beverage,3,149,447,UPI,Cloudy,35,87,17,70,149.0,311,Yes,Friday,No,No,New,Delivery,633.7
3245,2025-01-07,2025-01-07,16:46,Soft Drink,Beverage,1,79,79,Credit Card,Windy,18,112,54,58,79.0,475,Yes,Tuesday,No,No,Returning,Dine-In,397.9
3246,2025-12-31,2025-12-31,10:06,Cheese Burger,Burger,5,199,995,Cash,Rainy,30,150,26,124,199.0,627,Yes,Wednesday,No,Yes,Returning,Delivery,1257.5
3247,2025-05-25,2025-05-25,03:24,Veg Biryani,Main Course,2,249,498,Credit Card,Rainy,29,154,31,123,249.0,367,No,Sunday,Yes,No,Returning,Takeaway,804.8
3248,2025-10-16,2025-10-16,18:13,Veg Biryani,Main Course,4,249,996,Credit Card,Windy,35,118,24,94,249.0,459,Yes,Thursday,No,No,New,Dine-In,1540.6
3249,2025-12-11,2025-12-11,14:44,White Sauce Pasta,Pasta,5,249,1245,Cash,Rainy,18,93,50,43,249.0,592,No,Thursday,No,No,Returning,Dine-In,1504.5
3250,2025-03-25,2025-03-25,02:44,Farmhouse Pizza,Pizza,2,399,798,Credit Card,Rainy,21,101,15,86,399.0,520,Yes,Tuesday,No,No,New,Dine-In,1278.8
3251,2025-12-11,2025-12-11,04:30,Chocolate Shake,Beverage,2,179,358,Credit Card,Cloudy,24,155,44,111,179.0,598,No,Thursday,No,No,Returning,Takeaway,563.8
3252,2025-02-21,2025-02-21,05:11,Masala Dosa,South Indian,5,199,995,Debit Card,Windy,32,83,42,41,199.0,536,Yes,Friday,No,Yes,New,Delivery,1346.5
3253,2025-06-09,2025-06-09,20:02,French Fries,Snacks,3,129,387,UPI,Rainy,22,118,38,80,129.0,650,Yes,Monday,No,No,New,Dine-In,752.7
3254,2025-02-19,2025-02-19,15:00,Paneer Tikka,Starter,4,299,1196,Debit Card,Sunny,22,138,37,101,299.0,779,Yes,Wednesday,No,No,Returning,Takeaway,1661.6
3255,2025-07-25,2025-07-25,21:53,Veg Sandwich,Snacks,3,179,537,Debit Card,Cloudy,28,170,15,155,179.0,533,Yes,Friday,No,No,Returning,Takeaway,805.7
3256,2025-02-04,2025-02-04,04:45,French Fries,Snacks,4,129,516,Credit Card,Cloudy,21,139,11,128,129.0,309,Yes,Tuesday,No,No,Returning,Delivery,872.6
3257,2025-09-28,2025-09-28,21:13,Cheese Burger,Burger,1,199,199,Debit Card,Cloudy,22,165,10,155,199.0,484,No,Sunday,Yes,No,Returning,Delivery,694.9
3258,2025-09-08,2025-09-08,22:48,Veg Biryani,Main Course,4,249,996,Credit Card,Windy,23,156,34,122,249.0,873,Yes,Monday,No,No,New,Delivery,1547.6
3259,2025-09-19,2025-09-19,01:25,Cheese Burger,Burger,5,199,995,Credit Card,Windy,18,105,27,78,199.0,539,Yes,Friday,No,No,Returning,Takeaway,1579.5
3260,2025-04-26,2025-04-26,07:09,French Fries,Snacks,2,129,258,UPI,Rainy,27,91,46,45,129.0,684,Yes,Saturday,Yes,No,New,Dine-In,431.8
3261,2025-07-26,2025-07-26,13:43,Spring Rolls,Starter,5,229,1145,Credit Card,Rainy,32,180,28,152,229.0,830,No,Saturday,Yes,No,New,Delivery,1703.5
3262,2025-02-05,2025-02-05,22:10,Farmhouse Pizza,Pizza,1,399,399,Debit Card,Rainy,28,92,40,52,399.0,480,No,Wednesday,No,No,Returning,Dine-In,792.9
3263,2025-07-03,2025-07-03,03:50,Spring Rolls,Starter,4,229,916,UPI,Cloudy,23,125,52,73,229.0,448,Yes,Thursday,No,Yes,Returning,Takeaway,1320.6
3264,2025-04-09,2025-04-09,20:51,Cold Coffee,Beverage,2,149,298,Credit Card,Sunny,22,141,25,116,149.0,851,Yes,Wednesday,No,Yes,Returning,Dine-In,643.8
3265,2025-04-05,2025-04-05,07:25,Masala Dosa,South Indian,3,199,597,Debit Card,Rainy,34,149,53,96,199.0,749,No,Saturday,Yes,No,New,Takeaway,833.7
3266,2025-04-15,2025-04-15,07:15,Spring Rolls,Starter,3,229,687,Cash,Sunny,22,131,51,80,229.0,301,No,Tuesday,No,No,Returning,Dine-In,1127.7
3267,2025-11-24,2025-11-24,05:19,French Fries,Snacks,5,129,645,Debit Card,Sunny,35,120,55,65,129.0,821,Yes,Monday,No,No,Returning,Dine-In,839.5
3268,2025-05-29,2025-05-29,21:51,Farmhouse Pizza,Pizza,5,399,1995,Credit Card,Rainy,27,152,57,95,399.0,594,Yes,Thursday,No,No,Returning,Delivery,2609.5
3269,2025-01-27,2025-01-27,08:56,Masala Dosa,South Indian,3,199,597,Debit Card,Windy,26,142,52,90,199.0,731,No,Monday,No,No,New,Dine-In,840.7
3270,2025-05-27,2025-05-27,17:04,Masala Dosa,South Indian,1,199,199,UPI,Rainy,29,108,13,95,199.0,565,No,Tuesday,No,No,New,Dine-In,502.9
3271,2025-04-13,2025-04-13,21:22,French Fries,Snacks,4,129,516,UPI,Rainy,29,80,24,56,129.0,855,No,Sunday,Yes,No,New,Dine-In,772.6
3272,2025-05-24,2025-05-24,04:55,Soft Drink,Beverage,3,79,237,Cash,Cloudy,21,123,36,87,79.0,610,Yes,Saturday,Yes,No,New,Delivery,487.7
3273,2025-01-16,2025-01-16,18:47,Farmhouse Pizza,Pizza,1,399,399,UPI,Cloudy,25,147,36,111,399.0,663,No,Thursday,No,No,Returning,Takeaway,660.9
3274,2025-03-18,2025-03-18,01:17,Veg Sandwich,Snacks,3,179,537,Credit Card,Cloudy,27,143,46,97,179.0,415,Yes,Tuesday,No,No,Returning,Dine-In,1067.7
3275,2025-04-20,2025-04-20,22:25,Veg Sandwich,Snacks,5,179,895,Debit Card,Windy,25,85,18,67,179.0,682,Yes,Sunday,Yes,No,Returning,Delivery,1469.5
3276,2025-08-29,2025-08-29,23:52,White Sauce Pasta,Pasta,4,249,996,Cash,Windy,23,118,46,72,249.0,751,Yes,Friday,No,No,New,Dine-In,1555.6
3277,2025-10-20,2025-10-20,15:50,Veg Sandwich,Snacks,4,179,716,Cash,Sunny,32,108,46,62,179.0,764,No,Monday,No,No,New,Delivery,1126.6
3278,2025-01-31,2025-01-31,07:12,Soft Drink,Beverage,4,79,316,Credit Card,Sunny,30,175,58,117,79.0,582,Yes,Friday,No,No,Returning,Takeaway,591.6
3279,2025-11-24,2025-11-24,20:10,Chocolate Shake,Beverage,5,179,895,Debit Card,Windy,32,148,42,106,179.0,484,Yes,Monday,No,No,Returning,Dine-In,1273.5
3280,2025-08-18,2025-08-18,07:34,Chocolate Shake,Beverage,4,179,716,Cash,Cloudy,31,168,52,116,179.0,561,No,Monday,No,No,New,Delivery,924.6
3281,2025-08-28,2025-08-28,15:28,Cheese Burger,Burger,5,199,995,UPI,Rainy,20,167,30,137,199.0,801,No,Thursday,No,No,New,Delivery,1324.5
3282,2025-04-08,2025-04-08,11:54,French Fries,Snacks,1,129,129,UPI,Rainy,35,108,47,61,129.0,814,No,Tuesday,No,No,New,Delivery,350.9
3283,2025-09-06,2025-09-06,17:06,Farmhouse Pizza,Pizza,5,399,1995,Credit Card,Windy,31,105,24,81,399.0,782,No,Saturday,Yes,No,Returning,Dine-In,2441.5
3284,2025-09-18,2025-09-18,16:20,Chole Bhature,Main Course,1,199,199,UPI,Sunny,24,128,46,82,199.0,377,Yes,Thursday,No,No,Returning,Takeaway,606.9
3285,2025-01-29,2025-01-29,03:51,Spring Rolls,Starter,3,229,687,Debit Card,Windy,19,132,42,90,229.0,395,Yes,Wednesday,No,No,New,Dine-In,1244.7
3286,2025-07-25,2025-07-25,11:55,Veg Burger,Burger,2,149,298,Cash,Cloudy,27,113,33,80,149.0,300,Yes,Friday,No,No,New,Dine-In,469.8
3287,2025-10-31,2025-10-31,12:56,Paneer Tikka,Starter,2,299,598,Debit Card,Cloudy,24,134,44,90,299.0,758,No,Friday,No,No,Returning,Takeaway,1130.8
3288,2025-06-24,2025-06-24,09:42,Veg Burger,Burger,2,149,298,UPI,Sunny,24,84,15,69,149.0,353,No,Tuesday,No,No,Returning,Takeaway,805.8
3289,2025-11-05,2025-11-05,01:00,Cheese Burger,Burger,1,199,199,UPI,Rainy,29,93,41,52,199.0,583,No,Wednesday,No,No,New,Takeaway,357.9
3290,2025-04-14,2025-04-14,08:31,Veg Biryani,Main Course,2,249,498,Credit Card,Cloudy,27,91,13,78,249.0,385,Yes,Monday,No,Yes,Returning,Delivery,812.8
3291,2025-01-06,2025-01-06,21:50,Veg Biryani,Main Course,5,249,1245,Credit Card,Rainy,27,148,52,96,249.0,791,Yes,Monday,No,No,New,Delivery,1810.5
3292,2025-10-30,2025-10-30,02:00,Spring Rolls,Starter,1,229,229,Cash,Rainy,25,82,11,71,229.0,873,No,Thursday,No,No,Returning,Dine-In,523.9
3293,2025-12-18,2025-12-18,21:54,Paneer Tikka,Starter,2,299,598,UPI,Windy,22,153,30,123,299.0,695,No,Thursday,No,No,New,Dine-In,957.8
3294,2025-05-21,2025-05-21,13:01,Paneer Tikka,Starter,1,299,299,UPI,Windy,34,151,48,103,299.0,327,Yes,Wednesday,No,No,New,Delivery,485.9
3295,2025-03-08,2025-03-08,17:08,Margherita Pizza,Pizza,3,299,897,Credit Card,Windy,24,128,12,116,299.0,368,No,Saturday,Yes,Yes,New,Dine-In,1474.7
3296,2025-01-27,2025-01-27,06:42,Paneer Tikka,Starter,4,299,1196,Credit Card,Rainy,21,172,59,113,299.0,301,Yes,Monday,No,No,New,Dine-In,1460.6
3297,2025-10-20,2025-10-20,13:34,Paneer Tikka,Starter,1,299,299,Debit Card,Sunny,27,149,34,115,299.0,562,No,Monday,No,No,New,Delivery,432.9
3298,2025-02-16,2025-02-16,19:36,Soft Drink,Beverage,3,79,237,Credit Card,Rainy,30,110,33,77,79.0,611,No,Sunday,Yes,No,New,Dine-In,699.7
3299,2025-09-18,2025-09-18,09:02,Veg Burger,Burger,5,149,745,UPI,Sunny,28,151,20,131,149.0,845,No,Thursday,No,No,Returning,Takeaway,1001.5
3300,2025-09-18,2025-09-18,21:33,Soft Drink,Beverage,1,79,79,UPI,Rainy,25,104,44,60,79.0,592,No,Thursday,No,No,Returning,Delivery,366.9
3301,2025-07-28,2025-07-28,16:53,Spring Rolls,Starter,3,229,687,UPI,Cloudy,32,110,34,76,229.0,455,No,Monday,No,No,Returning,Delivery,954.7
3302,2025-04-15,2025-04-15,09:11,Margherita Pizza,Pizza,2,299,598,Credit Card,Rainy,28,145,56,89,299.0,366,No,Tuesday,No,No,New,Delivery,1008.8
3303,2025-08-06,2025-08-06,04:51,Veg Burger,Burger,5,149,745,Debit Card,Sunny,32,85,49,36,149.0,504,No,Wednesday,No,No,New,Delivery,1104.5
3304,2025-05-31,2025-05-31,17:09,Chole Bhature,Main Course,3,199,597,Credit Card,Sunny,24,170,25,145,199.0,668,No,Saturday,Yes,No,Returning,Delivery,1148.7
3305,2025-05-19,2025-05-19,11:08,Cheese Burger,Burger,5,199,995,Cash,Sunny,27,98,54,44,199.0,659,Yes,Monday,No,No,New,Delivery,1296.5
3306,2025-05-15,2025-05-15,22:12,Cheese Burger,Burger,5,199,995,Credit Card,Sunny,28,138,39,99,199.0,517,Yes,Thursday,No,No,New,Dine-In,1446.5
3307,2025-02-06,2025-02-06,17:50,Chocolate Shake,Beverage,1,179,179,UPI,Rainy,22,100,37,63,179.0,386,No,Thursday,No,No,New,Dine-In,343.9
3308,2025-11-03,2025-11-03,11:23,Farmhouse Pizza,Pizza,5,399,1995,Debit Card,Rainy,30,122,22,100,399.0,532,Yes,Monday,No,Yes,Returning,Delivery,2403.5
3309,2025-05-19,2025-05-19,23:10,Chocolate Shake,Beverage,2,179,358,Debit Card,Rainy,25,89,17,72,179.0,763,No,Monday,No,Yes,Returning,Delivery,678.8
3310,2025-09-29,2025-09-29,15:53,Chocolate Shake,Beverage,5,179,895,Cash,Windy,30,141,10,131,179.0,882,No,Monday,No,No,New,Dine-In,1445.5
3311,2025-02-16,2025-02-16,19:36,Masala Dosa,South Indian,5,199,995,Cash,Cloudy,31,123,42,81,199.0,614,No,Sunday,Yes,No,Returning,Delivery,1572.5
3312,2025-07-25,2025-07-25,17:46,Chole Bhature,Main Course,4,199,796,Debit Card,Cloudy,20,178,30,148,199.0,613,No,Friday,No,No,Returning,Dine-In,1317.6
3313,2025-08-24,2025-08-24,06:43,White Sauce Pasta,Pasta,3,249,747,UPI,Rainy,24,120,60,60,249.0,669,No,Sunday,Yes,No,Returning,Takeaway,944.7
3314,2025-06-26,2025-06-26,08:15,Margherita Pizza,Pizza,4,299,1196,Cash,Cloudy,32,83,39,44,299.0,891,No,Thursday,No,No,New,Dine-In,1749.6
3315,2025-01-15,2025-01-15,14:09,Chocolate Shake,Beverage,4,179,716,Cash,Sunny,24,83,21,62,179.0,362,No,Wednesday,No,No,Returning,Delivery,1280.6
3316,2025-08-23,2025-08-23,19:28,Farmhouse Pizza,Pizza,2,399,798,Credit Card,Rainy,24,110,21,89,399.0,381,Yes,Saturday,Yes,No,Returning,Delivery,1045.8
3317,2025-05-17,2025-05-17,20:27,Cold Coffee,Beverage,2,149,298,Debit Card,Windy,30,84,23,61,149.0,882,No,Saturday,Yes,No,New,Takeaway,435.8
3318,2025-05-02,2025-05-02,03:20,White Sauce Pasta,Pasta,1,249,249,Cash,Rainy,29,126,40,86,249.0,707,Yes,Friday,No,No,Returning,Dine-In,544.9
3319,2025-03-17,2025-03-17,13:24,Masala Dosa,South Indian,2,199,398,Debit Card,Sunny,33,99,46,53,199.0,772,No,Monday,No,No,New,Delivery,866.8
3320,2025-03-13,2025-03-13,13:43,Veg Burger,Burger,5,149,745,Debit Card,Sunny,32,153,16,137,149.0,728,No,Thursday,No,No,Returning,Dine-In,1311.5
3321,2025-10-15,2025-10-15,19:59,Soft Drink,Beverage,1,79,79,Debit Card,Rainy,32,161,56,105,79.0,409,No,Wednesday,No,No,Returning,Takeaway,459.9
3322,2025-07-05,2025-07-05,07:51,Spring Rolls,Starter,2,229,458,UPI,Rainy,33,110,19,91,229.0,363,No,Saturday,Yes,No,New,Takeaway,711.8
3323,2025-03-29,2025-03-29,07:33,Spring Rolls,Starter,1,229,229,Credit Card,Rainy,28,148,46,102,229.0,366,No,Saturday,Yes,No,New,Dine-In,454.9
3324,2025-11-13,2025-11-13,23:53,Veg Sandwich,Snacks,5,179,895,UPI,Windy,21,118,33,85,179.0,359,Yes,Thursday,No,No,New,Takeaway,1436.5
3325,2025-02-12,2025-02-12,19:01,Margherita Pizza,Pizza,5,299,1495,Debit Card,Sunny,18,111,19,92,299.0,678,No,Wednesday,No,No,New,Takeaway,1862.5
3326,2025-05-01,2025-05-01,05:28,Farmhouse Pizza,Pizza,4,399,1596,UPI,Cloudy,30,159,32,127,399.0,618,No,Thursday,No,No,New,Dine-In,2009.6
3327,2025-06-27,2025-06-27,20:13,Masala Dosa,South Indian,5,199,995,UPI,Cloudy,26,91,18,73,199.0,641,Yes,Friday,No,No,Returning,Dine-In,1207.5
3328,2025-09-29,2025-09-29,15:04,Masala Dosa,South Indian,3,199,597,Credit Card,Rainy,33,89,28,61,199.0,852,Yes,Monday,No,No,Returning,Dine-In,898.7
3329,2025-11-10,2025-11-10,07:09,Margherita Pizza,Pizza,5,299,1495,Credit Card,Cloudy,18,122,50,72,299.0,841,No,Monday,No,No,Returning,Delivery,2051.5
3330,2025-03-17,2025-03-17,10:09,Margherita Pizza,Pizza,5,299,1495,Cash,Windy,22,150,50,100,299.0,886,Yes,Monday,No,No,Returning,Dine-In,2030.5
3331,2025-10-22,2025-10-22,22:53,Veg Burger,Burger,1,149,149,Debit Card,Windy,26,179,42,137,149.0,474,No,Wednesday,No,No,New,Delivery,556.9
3332,2025-06-20,2025-06-20,13:28,Farmhouse Pizza,Pizza,1,399,399,Debit Card,Windy,31,96,35,61,399.0,871,Yes,Friday,No,No,Returning,Delivery,920.9
3333,2025-04-20,2025-04-20,03:22,Farmhouse Pizza,Pizza,3,399,1197,UPI,Rainy,34,94,24,70,399.0,739,No,Sunday,Yes,No,Returning,Delivery,1460.7
3334,2025-06-18,2025-06-18,02:08,Veg Burger,Burger,3,149,447,UPI,Cloudy,20,126,14,112,149.0,492,No,Wednesday,No,Yes,Returning,Delivery,822.7
3335,2025-04-28,2025-04-28,22:48,Veg Biryani,Main Course,1,249,249,Credit Card,Windy,35,137,36,101,249.0,641,Yes,Monday,No,No,New,Dine-In,706.9
3336,2025-07-23,2025-07-23,09:51,Chocolate Shake,Beverage,5,179,895,UPI,Sunny,30,128,23,105,179.0,656,Yes,Wednesday,No,No,Returning,Takeaway,1208.5
3337,2025-05-28,2025-05-28,02:50,Paneer Tikka,Starter,2,299,598,UPI,Cloudy,28,162,56,106,299.0,662,Yes,Wednesday,No,No,Returning,Dine-In,795.8
3338,2025-09-02,2025-09-02,03:03,Veg Sandwich,Snacks,2,179,358,UPI,Sunny,20,149,44,105,179.0,401,No,Tuesday,No,No,New,Takeaway,700.8
3339,2025-11-09,2025-11-09,22:09,Veg Biryani,Main Course,4,249,996,UPI,Cloudy,28,171,53,118,249.0,772,No,Sunday,Yes,Yes,Returning,Takeaway,1574.6
3340,2025-04-15,2025-04-15,08:25,Veg Burger,Burger,3,149,447,Credit Card,Rainy,34,179,47,132,149.0,772,Yes,Tuesday,No,No,New,Takeaway,697.7
3341,2025-11-11,2025-11-11,18:38,Paneer Tikka,Starter,2,299,598,Cash,Cloudy,30,114,57,57,299.0,443,No,Tuesday,No,No,New,Takeaway,1110.8
3342,2025-10-16,2025-10-16,10:48,White Sauce Pasta,Pasta,2,249,498,UPI,Rainy,22,133,32,101,249.0,668,Yes,Thursday,No,No,Returning,Dine-In,1036.8
3343,2025-01-30,2025-01-30,01:16,Veg Burger,Burger,3,149,447,UPI,Windy,28,89,11,78,149.0,441,No,Thursday,No,No,New,Dine-In,889.7
3344,2025-06-08,2025-06-08,04:54,Chocolate Shake,Beverage,5,179,895,Credit Card,Sunny,30,107,50,57,179.0,380,No,Sunday,Yes,No,Returning,Delivery,1413.5
3345,2025-02-18,2025-02-18,10:01,Margherita Pizza,Pizza,1,299,299,Credit Card,Rainy,25,86,43,43,299.0,761,Yes,Tuesday,No,No,Returning,Dine-In,438.9
3346,2025-01-13,2025-01-13,20:17,Cheese Burger,Burger,3,199,597,Credit Card,Rainy,18,161,53,108,199.0,458,Yes,Monday,No,No,New,Delivery,860.7
3347,2025-10-18,2025-10-18,21:14,Chole Bhature,Main Course,2,199,398,Debit Card,Rainy,24,113,60,53,199.0,744,No,Saturday,Yes,Yes,New,Dine-In,809.8
3348,2025-03-29,2025-03-29,14:18,French Fries,Snacks,3,129,387,Credit Card,Sunny,19,83,48,35,129.0,326,Yes,Saturday,Yes,No,Returning,Dine-In,686.7
3349,2025-08-20,2025-08-20,13:40,Spring Rolls,Starter,1,229,229,UPI,Cloudy,27,97,38,59,229.0,433,Yes,Wednesday,No,No,Returning,Dine-In,701.9
3350,2025-11-21,2025-11-21,16:12,Farmhouse Pizza,Pizza,5,399,1995,Cash,Rainy,32,146,13,133,399.0,563,Yes,Friday,No,No,New,Dine-In,2326.5
3351,2025-10-03,2025-10-03,02:36,Soft Drink,Beverage,5,79,395,UPI,Rainy,35,83,14,69,79.0,862,No,Friday,No,No,Returning,Dine-In,632.5
3352,2025-05-24,2025-05-24,04:24,Cold Coffee,Beverage,5,149,745,UPI,Sunny,28,123,59,64,149.0,820,Yes,Saturday,Yes,No,New,Delivery,1226.5
3353,2025-08-29,2025-08-29,01:00,French Fries,Snacks,1,129,129,Cash,Sunny,21,175,16,159,129.0,775,Yes,Friday,No,No,Returning,Delivery,479.9
3354,2025-07-05,2025-07-05,02:35,Soft Drink,Beverage,1,79,79,Debit Card,Windy,19,109,52,57,79.0,696,No,Saturday,Yes,No,New,Delivery,382.9
3355,2025-09-07,2025-09-07,12:22,Margherita Pizza,Pizza,5,299,1495,Debit Card,Rainy,21,156,54,102,299.0,624,No,Sunday,Yes,Yes,Returning,Dine-In,1987.5
3356,2025-10-27,2025-10-27,09:15,Veg Biryani,Main Course,4,249,996,Cash,Windy,28,83,56,27,249.0,444,No,Monday,No,No,Returning,Delivery,1568.6
3357,2025-05-17,2025-05-17,20:16,Veg Sandwich,Snacks,4,179,716,UPI,Rainy,24,117,35,82,179.0,716,No,Saturday,Yes,No,New,Delivery,953.6
3358,2025-12-29,2025-12-29,04:53,Cold Coffee,Beverage,1,149,149,Cash,Cloudy,20,115,37,78,149.0,483,Yes,Monday,No,No,Returning,Takeaway,476.9
3359,2025-02-06,2025-02-06,01:15,Cold Coffee,Beverage,3,149,447,Credit Card,Sunny,19,84,34,50,149.0,331,No,Thursday,No,No,New,Dine-In,770.7
3360,2025-11-07,2025-11-07,10:02,White Sauce Pasta,Pasta,3,249,747,Cash,Cloudy,23,89,58,31,249.0,643,Yes,Friday,No,No,New,Dine-In,993.7
3361,2025-10-09,2025-10-09,08:29,Soft Drink,Beverage,4,79,316,UPI,Rainy,18,99,33,66,79.0,787,No,Thursday,No,No,New,Delivery,630.6
3362,2025-07-19,2025-07-19,00:32,Chole Bhature,Main Course,2,199,398,Credit Card,Sunny,23,156,18,138,199.0,745,No,Saturday,Yes,No,Returning,Takeaway,574.8
3363,2025-12-04,2025-12-04,17:37,French Fries,Snacks,4,129,516,Debit Card,Cloudy,22,133,42,91,129.0,863,Yes,Thursday,No,No,Returning,Takeaway,743.6
3364,2025-03-27,2025-03-27,11:55,Chocolate Shake,Beverage,2,179,358,Credit Card,Windy,34,102,48,54,179.0,437,Yes,Thursday,No,No,Returning,Takeaway,860.8
3365,2025-07-08,2025-07-08,17:32,Cheese Burger,Burger,4,199,796,Debit Card,Windy,21,100,43,57,199.0,522,Yes,Tuesday,No,No,Returning,Delivery,1345.6
3366,2025-06-10,2025-06-10,12:35,Spring Rolls,Starter,3,229,687,Debit Card,Rainy,32,128,23,105,229.0,328,No,Tuesday,No,No,Returning,Dine-In,919.7
3367,2025-01-29,2025-01-29,07:52,Masala Dosa,South Indian,2,199,398,Debit Card,Rainy,26,147,38,109,199.0,856,No,Wednesday,No,No,New,Dine-In,691.8
3368,2025-11-12,2025-11-12,15:16,Chole Bhature,Main Course,2,199,398,Cash,Windy,21,103,49,54,199.0,894,No,Wednesday,No,No,Returning,Delivery,629.8
3369,2025-05-23,2025-05-23,14:56,Chocolate Shake,Beverage,2,179,358,Cash,Sunny,33,169,25,144,179.0,684,Yes,Friday,No,No,Returning,Takeaway,553.8
3370,2025-05-22,2025-05-22,06:15,Cheese Burger,Burger,5,199,995,Debit Card,Windy,21,168,56,112,199.0,657,Yes,Thursday,No,No,New,Takeaway,1315.5
3371,2025-09-17,2025-09-17,02:14,Veg Burger,Burger,3,149,447,UPI,Cloudy,28,104,22,82,149.0,783,Yes,Wednesday,No,No,Returning,Takeaway,663.7
3372,2025-08-27,2025-08-27,21:12,Veg Burger,Burger,5,149,745,Cash,Windy,23,120,17,103,149.0,403,No,Wednesday,No,No,Returning,Takeaway,1036.5
3373,2025-09-16,2025-09-16,13:12,Chocolate Shake,Beverage,1,179,179,Debit Card,Windy,25,114,13,101,179.0,850,No,Tuesday,No,No,Returning,Takeaway,421.9
3374,2025-12-20,2025-12-20,07:24,Farmhouse Pizza,Pizza,2,399,798,Credit Card,Rainy,18,80,10,70,399.0,628,No,Saturday,Yes,No,New,Delivery,1044.8
3375,2025-11-04,2025-11-04,11:28,Masala Dosa,South Indian,1,199,199,Cash,Cloudy,33,142,44,98,199.0,806,No,Tuesday,No,No,Returning,Delivery,663.9
3376,2025-08-14,2025-08-14,08:46,Chocolate Shake,Beverage,5,179,895,Cash,Cloudy,20,162,19,143,179.0,716,Yes,Thursday,No,No,Returning,Takeaway,1293.5
3377,2025-08-17,2025-08-17,12:38,Spring Rolls,Starter,1,229,229,Cash,Cloudy,21,146,58,88,229.0,582,No,Sunday,Yes,No,New,Delivery,401.9
3378,2025-08-16,2025-08-16,21:44,Chole Bhature,Main Course,5,199,995,Credit Card,Rainy,32,157,50,107,199.0,768,No,Saturday,Yes,No,Returning,Dine-In,1207.5
3379,2025-07-14,2025-07-14,21:09,Masala Dosa,South Indian,4,199,796,Debit Card,Windy,32,95,44,51,199.0,530,Yes,Monday,No,Yes,Returning,Delivery,1100.6
3380,2025-07-30,2025-07-30,07:27,Veg Sandwich,Snacks,4,179,716,Credit Card,Cloudy,32,177,24,153,179.0,543,Yes,Wednesday,No,No,Returning,Dine-In,1063.6
3381,2025-11-15,2025-11-15,19:26,Cold Coffee,Beverage,2,149,298,UPI,Cloudy,19,166,25,141,149.0,303,Yes,Saturday,Yes,No,Returning,Delivery,767.8
3382,2025-12-19,2025-12-19,19:21,Chole Bhature,Main Course,3,199,597,Debit Card,Rainy,25,94,49,45,199.0,647,No,Friday,No,No,New,Takeaway,1084.7
3383,2025-08-13,2025-08-13,22:20,Spring Rolls,Starter,1,229,229,Credit Card,Windy,24,169,53,116,229.0,507,Yes,Wednesday,No,No,Returning,Takeaway,503.9
3384,2025-11-10,2025-11-10,18:24,Chole Bhature,Main Course,4,199,796,Credit Card,Windy,20,170,53,117,199.0,790,Yes,Monday,No,No,New,Delivery,1105.6
3385,2025-04-03,2025-04-03,08:23,Farmhouse Pizza,Pizza,5,399,1995,Cash,Cloudy,32,144,11,133,399.0,869,No,Thursday,No,No,Returning,Dine-In,2525.5
3386,2025-09-07,2025-09-07,11:53,White Sauce Pasta,Pasta,4,249,996,UPI,Sunny,35,135,17,118,249.0,831,Yes,Sunday,Yes,No,New,Dine-In,1423.6
3387,2025-01-06,2025-01-06,13:14,Masala Dosa,South Indian,1,199,199,UPI,Sunny,29,144,56,88,199.0,591,No,Monday,No,No,Returning,Dine-In,561.9
3388,2025-05-14,2025-05-14,08:06,Paneer Tikka,Starter,2,299,598,Debit Card,Cloudy,22,148,10,138,299.0,437,Yes,Wednesday,No,No,New,Dine-In,1136.8
3389,2025-06-18,2025-06-18,18:30,Farmhouse Pizza,Pizza,2,399,798,Cash,Sunny,34,180,19,161,399.0,334,Yes,Wednesday,No,No,Returning,Delivery,1349.8
3390,2025-12-16,2025-12-16,14:19,Paneer Tikka,Starter,2,299,598,Credit Card,Windy,30,84,49,35,299.0,604,Yes,Tuesday,No,No,New,Delivery,1110.8
3391,2025-10-07,2025-10-07,17:27,Cheese Burger,Burger,3,199,597,Credit Card,Sunny,29,119,33,86,199.0,614,No,Tuesday,No,No,Returning,Takeaway,1043.7
3392,2025-12-15,2025-12-15,12:17,Spring Rolls,Starter,4,229,916,UPI,Cloudy,24,121,47,74,229.0,373,No,Monday,No,No,New,Dine-In,1200.6
3393,2025-12-29,2025-12-29,01:03,Soft Drink,Beverage,4,79,316,Debit Card,Windy,34,150,31,119,79.0,738,Yes,Monday,No,Yes,Returning,Delivery,629.6
3394,2025-06-06,2025-06-06,17:56,Chole Bhature,Main Course,2,199,398,Cash,Rainy,31,95,25,70,199.0,409,No,Friday,No,No,Returning,Delivery,550.8
3395,2025-08-31,2025-08-31,18:42,Paneer Tikka,Starter,1,299,299,Debit Card,Windy,18,98,16,82,299.0,398,No,Sunday,Yes,Yes,Returning,Dine-In,635.9
3396,2025-09-09,2025-09-09,18:50,Soft Drink,Beverage,2,79,158,UPI,Rainy,24,81,59,22,79.0,646,No,Tuesday,No,No,Returning,Delivery,456.8
3397,2025-06-25,2025-06-25,08:38,Spring Rolls,Starter,1,229,229,Credit Card,Rainy,18,166,12,154,229.0,659,No,Wednesday,No,No,Returning,Delivery,456.9
3398,2025-11-24,2025-11-24,17:35,Veg Biryani,Main Course,5,249,1245,UPI,Sunny,18,166,20,146,249.0,559,No,Monday,No,No,New,Takeaway,1501.5
3399,2025-04-23,2025-04-23,01:44,Spring Rolls,Starter,5,229,1145,Debit Card,Cloudy,35,101,12,89,229.0,882,No,Wednesday,No,No,Returning,Takeaway,1726.5
3400,2025-04-05,2025-04-05,07:08,Chocolate Shake,Beverage,1,179,179,Credit Card,Cloudy,21,162,20,142,179.0,889,Yes,Saturday,Yes,No,Returning,Takeaway,660.9
3401,2025-01-14,2025-01-14,09:15,Veg Burger,Burger,2,149,298,Cash,Sunny,18,88,22,66,149.0,725,Yes,Tuesday,No,No,New,Delivery,785.8
3402,2025-01-06,2025-01-06,07:48,Cheese Burger,Burger,5,199,995,Cash,Rainy,20,158,47,111,199.0,772,No,Monday,No,No,New,Dine-In,1327.5
3403,2025-03-22,2025-03-22,18:00,Veg Biryani,Main Course,2,249,498,UPI,Sunny,19,177,43,134,249.0,362,No,Saturday,Yes,Yes,Returning,Dine-In,867.8
3404,2025-12-02,2025-12-02,17:09,Veg Biryani,Main Course,3,249,747,UPI,Rainy,35,144,33,111,249.0,882,Yes,Tuesday,No,No,Returning,Dine-In,1116.7
3405,2025-07-30,2025-07-30,20:22,Soft Drink,Beverage,3,79,237,Credit Card,Cloudy,24,169,10,159,79.0,871,No,Wednesday,No,No,Returning,Delivery,504.7
3406,2025-02-11,2025-02-11,23:29,Paneer Tikka,Starter,3,299,897,UPI,Cloudy,20,118,44,74,299.0,648,Yes,Tuesday,No,No,Returning,Dine-In,1328.7
3407,2025-05-15,2025-05-15,19:10,Cold Coffee,Beverage,1,149,149,Cash,Cloudy,19,89,53,36,149.0,528,No,Thursday,No,No,New,Delivery,388.9
3408,2025-06-21,2025-06-21,17:29,Spring Rolls,Starter,5,229,1145,Debit Card,Sunny,34,128,52,76,229.0,749,Yes,Saturday,Yes,No,Returning,Delivery,1441.5
3409,2025-09-26,2025-09-26,22:52,French Fries,Snacks,1,129,129,UPI,Rainy,32,107,34,73,129.0,765,Yes,Friday,No,No,Returning,Dine-In,458.9
3410,2025-06-15,2025-06-15,01:43,White Sauce Pasta,Pasta,4,249,996,Debit Card,Cloudy,26,81,54,27,249.0,528,Yes,Sunday,Yes,No,Returning,Dine-In,1563.6
3411,2025-12-10,2025-12-10,23:17,Spring Rolls,Starter,5,229,1145,Cash,Windy,32,173,50,123,229.0,740,No,Wednesday,No,Yes,New,Delivery,1685.5
3412,2025-12-18,2025-12-18,09:40,Farmhouse Pizza,Pizza,2,399,798,Debit Card,Windy,24,170,50,120,399.0,508,Yes,Thursday,No,No,New,Takeaway,1227.8
3413,2025-10-17,2025-10-17,09:57,Farmhouse Pizza,Pizza,4,399,1596,Credit Card,Cloudy,19,165,40,125,399.0,410,Yes,Friday,No,No,Returning,Takeaway,2217.6
3414,2025-11-30,2025-11-30,04:32,Cold Coffee,Beverage,1,149,149,Cash,Rainy,25,94,53,41,149.0,663,No,Sunday,Yes,No,New,Takeaway,637.9
3415,2025-11-21,2025-11-21,20:53,Cheese Burger,Burger,1,199,199,Cash,Windy,18,130,60,70,199.0,587,No,Friday,No,Yes,New,Delivery,424.9
3416,2025-09-01,2025-09-01,21:45,Paneer Tikka,Starter,2,299,598,Credit Card,Cloudy,28,106,52,54,299.0,854,Yes,Monday,No,No,New,Delivery,1099.8
3417,2025-04-24,2025-04-24,07:23,Chole Bhature,Main Course,5,199,995,Cash,Cloudy,19,125,26,99,199.0,594,No,Thursday,No,No,Returning,Delivery,1444.5
3418,2025-05-10,2025-05-10,22:07,Paneer Tikka,Starter,2,299,598,UPI,Sunny,30,161,13,148,299.0,342,No,Saturday,Yes,No,Returning,Delivery,821.8
3419,2025-12-29,2025-12-29,23:16,Spring Rolls,Starter,1,229,229,Credit Card,Windy,24,115,16,99,229.0,516,Yes,Monday,No,No,New,Dine-In,714.9
3420,2025-09-09,2025-09-09,22:25,Soft Drink,Beverage,1,79,79,Credit Card,Cloudy,27,128,52,76,79.0,724,Yes,Tuesday,No,No,Returning,Dine-In,437.9
3421,2025-03-09,2025-03-09,20:19,Cold Coffee,Beverage,5,149,745,Cash,Sunny,21,151,45,106,149.0,483,No,Sunday,Yes,No,Returning,Takeaway,1129.5
3422,2025-11-28,2025-11-28,22:49,Farmhouse Pizza,Pizza,5,399,1995,Cash,Rainy,31,152,11,141,399.0,457,Yes,Friday,No,No,Returning,Takeaway,2467.5
3423,2025-03-09,2025-03-09,04:00,Farmhouse Pizza,Pizza,4,399,1596,Cash,Rainy,21,89,43,46,399.0,595,No,Sunday,Yes,No,Returning,Dine-In,2217.6
3424,2025-09-16,2025-09-16,08:56,Masala Dosa,South Indian,1,199,199,Credit Card,Rainy,19,164,51,113,199.0,548,No,Tuesday,No,No,New,Takeaway,406.9
3425,2025-04-12,2025-04-12,05:01,Cold Coffee,Beverage,1,149,149,Debit Card,Cloudy,22,101,40,61,149.0,836,No,Saturday,Yes,No,New,Dine-In,386.9
3426,2025-10-13,2025-10-13,10:37,Farmhouse Pizza,Pizza,5,399,1995,Credit Card,Cloudy,27,178,28,150,399.0,350,Yes,Monday,No,No,Returning,Delivery,2591.5
3427,2025-02-27,2025-02-27,22:44,Chocolate Shake,Beverage,5,179,895,UPI,Windy,24,175,49,126,179.0,602,Yes,Thursday,No,No,New,Takeaway,1464.5
3428,2025-07-15,2025-07-15,06:07,Cheese Burger,Burger,4,199,796,Cash,Windy,33,108,58,50,199.0,896,Yes,Tuesday,No,No,Returning,Takeaway,1216.6
3429,2025-01-24,2025-01-24,16:23,Soft Drink,Beverage,1,79,79,UPI,Sunny,35,125,59,66,79.0,772,No,Friday,No,No,Returning,Delivery,369.9
3430,2025-12-04,2025-12-04,13:29,Veg Burger,Burger,4,149,596,Debit Card,Rainy,29,153,31,122,149.0,592,Yes,Thursday,No,No,Returning,Delivery,765.6
3431,2025-05-14,2025-05-14,13:39,Veg Burger,Burger,1,149,149,Debit Card,Sunny,25,124,59,65,149.0,358,Yes,Wednesday,No,No,New,Dine-In,316.9
3432,2025-10-01,2025-10-01,22:59,Chocolate Shake,Beverage,3,179,537,UPI,Rainy,27,132,24,108,179.0,304,No,Wednesday,No,No,Returning,Delivery,720.7
3433,2025-10-12,2025-10-12,23:19,Chocolate Shake,Beverage,1,179,179,Debit Card,Windy,20,126,60,66,179.0,526,Yes,Sunday,Yes,No,New,Takeaway,605.9
3434,2025-01-12,2025-01-12,12:40,Cheese Burger,Burger,2,199,398,UPI,Windy,35,108,39,69,199.0,568,No,Sunday,Yes,No,New,Dine-In,552.8
3435,2025-11-10,2025-11-10,20:37,Veg Burger,Burger,3,149,447,UPI,Windy,32,104,31,73,149.0,448,Yes,Monday,No,No,Returning,Takeaway,700.7
3436,2025-01-11,2025-01-11,07:08,Masala Dosa,South Indian,5,199,995,Debit Card,Sunny,19,131,39,92,199.0,579,Yes,Saturday,Yes,No,Returning,Takeaway,1484.5
3437,2025-12-16,2025-12-16,01:32,Chocolate Shake,Beverage,3,179,537,Debit Card,Sunny,34,142,19,123,179.0,900,No,Tuesday,No,No,Returning,Delivery,809.7
3438,2025-07-09,2025-07-09,20:20,Cheese Burger,Burger,5,199,995,Cash,Cloudy,27,113,18,95,199.0,800,No,Wednesday,No,No,Returning,Dine-In,1249.5
3439,2025-11-28,2025-11-28,18:20,Veg Sandwich,Snacks,2,179,358,Debit Card,Sunny,24,99,42,57,179.0,617,Yes,Friday,No,No,New,Dine-In,687.8
3440,2025-03-28,2025-03-28,10:46,French Fries,Snacks,3,129,387,Debit Card,Windy,24,163,51,112,129.0,476,Yes,Friday,No,No,New,Delivery,530.7
3441,2025-01-30,2025-01-30,09:53,Veg Biryani,Main Course,1,249,249,Debit Card,Windy,21,85,53,32,249.0,856,Yes,Thursday,No,No,New,Delivery,622.9
3442,2025-08-06,2025-08-06,10:39,White Sauce Pasta,Pasta,2,249,498,Cash,Rainy,33,179,38,141,249.0,313,No,Wednesday,No,No,New,Dine-In,973.8
3443,2025-06-07,2025-06-07,19:21,Chole Bhature,Main Course,3,199,597,Debit Card,Cloudy,32,80,43,37,199.0,522,No,Saturday,Yes,No,New,Dine-In,856.7
3444,2025-07-25,2025-07-25,01:02,Chocolate Shake,Beverage,2,179,358,UPI,Sunny,31,119,32,87,179.0,544,No,Friday,No,No,Returning,Takeaway,771.8
3445,2025-03-11,2025-03-11,07:04,Paneer Tikka,Starter,4,299,1196,Cash,Windy,21,119,51,68,299.0,592,Yes,Tuesday,No,No,New,Delivery,1550.6
3446,2025-09-28,2025-09-28,07:43,Masala Dosa,South Indian,3,199,597,UPI,Rainy,32,143,19,124,199.0,523,Yes,Sunday,Yes,No,New,Takeaway,803.7
3447,2025-09-13,2025-09-13,11:09,Veg Sandwich,Snacks,5,179,895,UPI,Rainy,19,121,39,82,179.0,894,Yes,Saturday,Yes,Yes,Returning,Dine-In,1208.5
3448,2025-02-07,2025-02-07,00:57,Chole Bhature,Main Course,2,199,398,Cash,Sunny,18,166,49,117,199.0,800,No,Friday,No,No,Returning,Dine-In,926.8
3449,2025-04-21,2025-04-21,12:32,Spring Rolls,Starter,3,229,687,Cash,Cloudy,25,173,17,156,229.0,432,No,Monday,No,No,Returning,Takeaway,1213.7
3450,2025-08-28,2025-08-28,20:23,Veg Sandwich,Snacks,2,179,358,Debit Card,Cloudy,34,102,38,64,179.0,787,Yes,Thursday,No,No,New,Dine-In,766.8
3451,2025-11-10,2025-11-10,13:39,Spring Rolls,Starter,1,229,229,Credit Card,Rainy,20,126,42,84,229.0,478,Yes,Monday,No,No,Returning,Delivery,522.9
3452,2025-02-14,2025-02-14,16:55,French Fries,Snacks,5,129,645,Debit Card,Windy,31,91,24,67,129.0,415,Yes,Friday,No,No,New,Dine-In,1165.5
3453,2025-07-27,2025-07-27,04:37,Masala Dosa,South Indian,3,199,597,Credit Card,Sunny,26,154,53,101,199.0,584,Yes,Sunday,Yes,No,Returning,Delivery,1032.7
3454,2025-08-06,2025-08-06,20:40,Spring Rolls,Starter,5,229,1145,Cash,Rainy,20,131,55,76,229.0,797,No,Wednesday,No,No,New,Delivery,1396.5
3455,2025-03-20,2025-03-20,17:54,Masala Dosa,South Indian,5,199,995,Credit Card,Sunny,21,136,45,91,199.0,504,Yes,Thursday,No,No,Returning,Delivery,1415.5
3456,2025-06-12,2025-06-12,17:12,Chole Bhature,Main Course,2,199,398,Debit Card,Sunny,35,147,60,87,199.0,647,No,Thursday,No,No,Returning,Dine-In,893.8
3457,2025-09-13,2025-09-13,09:26,Paneer Tikka,Starter,3,299,897,Credit Card,Cloudy,26,102,51,51,299.0,719,No,Saturday,Yes,No,New,Takeaway,1332.7
3458,2025-03-18,2025-03-18,02:05,White Sauce Pasta,Pasta,4,249,996,Debit Card,Sunny,24,135,17,118,249.0,672,Yes,Tuesday,No,No,New,Dine-In,1244.6
3459,2025-04-22,2025-04-22,12:27,Masala Dosa,South Indian,3,199,597,Cash,Sunny,21,151,38,113,199.0,886,Yes,Tuesday,No,No,Returning,Takeaway,1088.7
3460,2025-10-06,2025-10-06,02:16,Cold Coffee,Beverage,1,149,149,Cash,Cloudy,30,121,44,77,149.0,825,Yes,Monday,No,No,New,Delivery,286.9
3461,2025-01-04,2025-01-04,01:37,Veg Sandwich,Snacks,5,179,895,Cash,Windy,25,103,46,57,179.0,641,No,Saturday,Yes,No,New,Takeaway,1243.5
3462,2025-10-13,2025-10-13,06:49,Farmhouse Pizza,Pizza,4,399,1596,Debit Card,Windy,24,105,13,92,399.0,840,No,Monday,No,Yes,Returning,Delivery,1990.6
3463,2025-06-05,2025-06-05,17:15,Paneer Tikka,Starter,5,299,1495,Credit Card,Windy,26,107,59,48,299.0,779,No,Thursday,No,No,Returning,Takeaway,1819.5
3464,2025-02-12,2025-02-12,17:47,Cold Coffee,Beverage,4,149,596,Credit Card,Windy,20,111,34,77,149.0,454,Yes,Wednesday,No,No,Returning,Delivery,900.6
3465,2025-04-19,2025-04-19,09:40,Cheese Burger,Burger,4,199,796,UPI,Cloudy,25,87,50,37,199.0,799,No,Saturday,Yes,No,New,Dine-In,999.6
3466,2025-10-06,2025-10-06,20:21,French Fries,Snacks,3,129,387,UPI,Rainy,31,109,27,82,129.0,403,Yes,Monday,No,No,Returning,Delivery,881.7
3467,2025-02-22,2025-02-22,17:14,Paneer Tikka,Starter,1,299,299,Debit Card,Rainy,25,87,30,57,299.0,637,No,Saturday,Yes,No,New,Dine-In,682.9
3468,2025-06-18,2025-06-18,12:21,Cold Coffee,Beverage,4,149,596,Debit Card,Windy,28,124,51,73,149.0,644,No,Wednesday,No,Yes,New,Takeaway,862.6
3469,2025-07-27,2025-07-27,02:07,Paneer Tikka,Starter,5,299,1495,Credit Card,Rainy,31,114,47,67,299.0,789,Yes,Sunday,Yes,No,New,Delivery,1924.5
3470,2025-11-10,2025-11-10,02:16,Cold Coffee,Beverage,5,149,745,Credit Card,Windy,21,118,16,102,149.0,336,No,Monday,No,No,Returning,Takeaway,946.5
3471,2025-07-06,2025-07-06,10:15,Soft Drink,Beverage,4,79,316,Debit Card,Sunny,26,128,47,81,79.0,501,Yes,Sunday,Yes,No,Returning,Delivery,658.6
3472,2025-09-26,2025-09-26,06:02,Margherita Pizza,Pizza,1,299,299,Credit Card,Sunny,23,170,29,141,299.0,667,No,Friday,No,No,Returning,Takeaway,714.9
3473,2025-01-20,2025-01-20,09:01,Veg Biryani,Main Course,4,249,996,UPI,Sunny,28,106,55,51,249.0,594,Yes,Monday,No,No,New,Dine-In,1425.6
3474,2025-07-17,2025-07-17,00:49,Veg Biryani,Main Course,4,249,996,Credit Card,Sunny,23,117,22,95,249.0,558,Yes,Thursday,No,No,Returning,Delivery,1393.6
3475,2025-05-15,2025-05-15,13:29,Cold Coffee,Beverage,3,149,447,Debit Card,Windy,35,83,46,37,149.0,791,No,Thursday,No,No,New,Takeaway,904.7
3476,2025-09-06,2025-09-06,05:15,Cold Coffee,Beverage,3,149,447,Cash,Sunny,23,140,47,93,149.0,525,No,Saturday,Yes,No,Returning,Dine-In,630.7
3477,2025-05-04,2025-05-04,13:08,Paneer Tikka,Starter,1,299,299,UPI,Windy,35,80,44,36,299.0,688,Yes,Sunday,Yes,No,Returning,Dine-In,502.9
3478,2025-07-21,2025-07-21,08:47,Cold Coffee,Beverage,1,149,149,UPI,Rainy,34,120,47,73,149.0,885,Yes,Monday,No,No,New,Delivery,500.9
3479,2025-10-11,2025-10-11,06:24,Spring Rolls,Starter,2,229,458,UPI,Sunny,33,167,41,126,229.0,450,No,Saturday,Yes,No,New,Delivery,642.8
3480,2025-01-09,2025-01-09,08:31,Spring Rolls,Starter,3,229,687,Debit Card,Windy,23,143,52,91,229.0,557,No,Thursday,No,Yes,New,Delivery,1003.7
3481,2025-08-13,2025-08-13,06:17,Margherita Pizza,Pizza,4,299,1196,Debit Card,Windy,18,178,23,155,299.0,775,Yes,Wednesday,No,No,New,Dine-In,1769.6
3482,2025-06-26,2025-06-26,00:00,Masala Dosa,South Indian,2,199,398,UPI,Sunny,19,125,51,74,199.0,898,Yes,Thursday,No,No,Returning,Delivery,879.8
3483,2025-12-04,2025-12-04,09:06,Veg Biryani,Main Course,3,249,747,Debit Card,Sunny,22,168,55,113,249.0,880,Yes,Thursday,No,Yes,New,Dine-In,1310.7
3484,2025-10-25,2025-10-25,23:43,Spring Rolls,Starter,1,229,229,Debit Card,Rainy,33,95,24,71,229.0,306,Yes,Saturday,Yes,Yes,New,Delivery,634.9
3485,2025-01-07,2025-01-07,05:32,Farmhouse Pizza,Pizza,4,399,1596,UPI,Sunny,19,126,35,91,399.0,397,Yes,Tuesday,No,No,New,Dine-In,2145.6
3486,2025-08-27,2025-08-27,00:50,Paneer Tikka,Starter,3,299,897,Credit Card,Rainy,23,117,26,91,299.0,778,Yes,Wednesday,No,No,New,Delivery,1093.7
3487,2025-06-22,2025-06-22,14:56,Cheese Burger,Burger,1,199,199,Credit Card,Rainy,22,110,17,93,199.0,752,No,Sunday,Yes,No,New,Dine-In,629.9
3488,2025-08-09,2025-08-09,15:24,Spring Rolls,Starter,2,229,458,Cash,Windy,19,89,48,41,229.0,381,Yes,Saturday,Yes,No,New,Delivery,921.8
3489,2025-10-08,2025-10-08,08:44,Farmhouse Pizza,Pizza,1,399,399,UPI,Sunny,22,100,36,64,399.0,545,No,Wednesday,No,No,New,Delivery,753.9
3490,2025-05-01,2025-05-01,13:15,Veg Biryani,Main Course,5,249,1245,Cash,Cloudy,32,175,45,130,249.0,467,Yes,Thursday,No,No,Returning,Dine-In,1786.5
3491,2025-09-13,2025-09-13,13:15,Masala Dosa,South Indian,5,199,995,Debit Card,Windy,22,115,20,95,199.0,811,Yes,Saturday,Yes,No,New,Delivery,1385.5
3492,2025-08-13,2025-08-13,15:40,Margherita Pizza,Pizza,4,299,1196,Credit Card,Rainy,24,99,21,78,299.0,793,Yes,Wednesday,No,No,Returning,Delivery,1505.6
3493,2025-07-04,2025-07-04,13:27,Masala Dosa,South Indian,5,199,995,Debit Card,Sunny,26,101,60,41,199.0,644,Yes,Friday,No,No,Returning,Dine-In,1318.5
3494,2025-04-16,2025-04-16,19:54,Spring Rolls,Starter,2,229,458,Credit Card,Windy,27,130,21,109,229.0,811,Yes,Wednesday,No,No,New,Delivery,634.8
3495,2025-02-26,2025-02-26,00:14,Veg Burger,Burger,1,149,149,Debit Card,Cloudy,25,156,38,118,149.0,635,Yes,Wednesday,No,No,Returning,Delivery,551.9
3496,2025-08-20,2025-08-20,22:04,Paneer Tikka,Starter,4,299,1196,Debit Card,Cloudy,26,119,32,87,299.0,514,No,Wednesday,No,Yes,New,Delivery,1758.6
3497,2025-11-06,2025-11-06,07:33,Cheese Burger,Burger,1,199,199,Debit Card,Sunny,22,158,20,138,199.0,536,No,Thursday,No,No,New,Dine-In,501.9
3498,2025-08-15,2025-08-15,08:02,Margherita Pizza,Pizza,5,299,1495,Cash,Sunny,30,176,10,166,299.0,318,Yes,Friday,No,Yes,New,Dine-In,2069.5
3499,2025-02-06,2025-02-06,05:10,Spring Rolls,Starter,5,229,1145,Cash,Rainy,26,142,15,127,229.0,686,No,Thursday,No,No,Returning,Delivery,1359.5
3500,2025-12-13,2025-12-13,06:44,Cold Coffee,Beverage,1,149,149,Credit Card,Windy,24,92,34,58,149.0,534,No,Saturday,Yes,No,New,Takeaway,351.9
3501,2025-09-07,2025-09-07,12:36,Farmhouse Pizza,Pizza,3,399,1197,Debit Card,Rainy,28,154,39,115,399.0,501,No,Sunday,Yes,Yes,Returning,Takeaway,1638.7
3502,2025-08-23,2025-08-23,20:43,Masala Dosa,South Indian,4,199,796,UPI,Windy,19,153,31,122,199.0,329,No,Saturday,Yes,No,Returning,Takeaway,1092.6
3503,2025-10-01,2025-10-01,16:18,Veg Biryani,Main Course,2,249,498,Debit Card,Sunny,26,177,24,153,249.0,419,Yes,Wednesday,No,No,New,Delivery,871.8
3504,2025-09-30,2025-09-30,23:58,White Sauce Pasta,Pasta,5,249,1245,Credit Card,Sunny,27,99,47,52,249.0,658,Yes,Tuesday,No,No,New,Dine-In,1570.5
3505,2025-10-27,2025-10-27,22:37,Chocolate Shake,Beverage,4,179,716,Debit Card,Rainy,26,143,43,100,179.0,792,Yes,Monday,No,No,New,Takeaway,1221.6
3506,2025-08-31,2025-08-31,18:21,Paneer Tikka,Starter,4,299,1196,Credit Card,Windy,23,106,36,70,299.0,664,Yes,Sunday,Yes,No,New,Takeaway,1660.6
3507,2025-01-31,2025-01-31,18:11,Veg Sandwich,Snacks,1,179,179,Cash,Cloudy,30,172,37,135,179.0,844,Yes,Friday,No,No,Returning,Takeaway,688.9
3508,2025-07-19,2025-07-19,01:01,Chole Bhature,Main Course,2,199,398,UPI,Cloudy,24,162,16,146,199.0,831,No,Saturday,Yes,No,Returning,Dine-In,908.8
3509,2025-04-11,2025-04-11,09:12,Masala Dosa,South Indian,1,199,199,Credit Card,Cloudy,30,106,35,71,199.0,785,Yes,Friday,No,No,New,Takeaway,551.9
3510,2025-03-04,2025-03-04,00:24,Spring Rolls,Starter,2,229,458,Cash,Cloudy,29,138,27,111,229.0,815,No,Tuesday,No,No,New,Takeaway,736.8
3511,2025-10-22,2025-10-22,04:12,Veg Biryani,Main Course,4,249,996,Cash,Windy,20,97,51,46,249.0,521,No,Wednesday,No,No,New,Dine-In,1199.6
3512,2025-10-15,2025-10-15,05:07,Cheese Burger,Burger,4,199,796,Cash,Cloudy,21,83,38,45,199.0,519,No,Wednesday,No,No,New,Takeaway,1264.6
3513,2025-06-06,2025-06-06,06:16,Chole Bhature,Main Course,4,199,796,UPI,Cloudy,32,142,43,99,199.0,703,Yes,Friday,No,No,Returning,Delivery,1157.6
3514,2025-06-05,2025-06-05,05:22,White Sauce Pasta,Pasta,2,249,498,UPI,Rainy,28,136,34,102,249.0,884,No,Thursday,No,No,New,Dine-In,939.8
3515,2025-08-02,2025-08-02,10:28,Veg Sandwich,Snacks,1,179,179,Debit Card,Rainy,35,106,24,82,179.0,776,Yes,Saturday,Yes,No,Returning,Dine-In,304.9
3516,2025-09-04,2025-09-04,06:30,Spring Rolls,Starter,4,229,916,Debit Card,Cloudy,23,95,31,64,229.0,402,No,Thursday,No,Yes,Returning,Delivery,1478.6
3517,2025-05-05,2025-05-05,23:26,Masala Dosa,South Indian,5,199,995,Cash,Sunny,23,92,59,33,199.0,535,No,Monday,No,No,Returning,Delivery,1396.5
3518,2025-07-12,2025-07-12,18:20,Soft Drink,Beverage,3,79,237,UPI,Windy,23,87,57,30,79.0,383,No,Saturday,Yes,No,Returning,Takeaway,633.7
3519,2025-08-24,2025-08-24,21:35,Margherita Pizza,Pizza,3,299,897,UPI,Sunny,18,170,44,126,299.0,646,Yes,Sunday,Yes,No,New,Delivery,1459.7
3520,2025-12-09,2025-12-09,23:49,Chole Bhature,Main Course,5,199,995,UPI,Rainy,23,167,48,119,199.0,655,Yes,Tuesday,No,No,Returning,Takeaway,1513.5
3521,2025-08-18,2025-08-18,00:06,Veg Sandwich,Snacks,4,179,716,UPI,Windy,26,172,38,134,179.0,493,No,Monday,No,No,New,Takeaway,1252.6
3522,2025-01-09,2025-01-09,17:09,Cheese Burger,Burger,2,199,398,UPI,Windy,25,108,23,85,199.0,441,No,Thursday,No,No,Returning,Delivery,581.8
3523,2025-08-30,2025-08-30,16:32,Spring Rolls,Starter,5,229,1145,Credit Card,Rainy,24,137,15,122,229.0,612,No,Saturday,Yes,No,New,Dine-In,1687.5
3524,2025-11-26,2025-11-26,05:17,White Sauce Pasta,Pasta,5,249,1245,Cash,Rainy,28,124,42,82,249.0,646,Yes,Wednesday,No,No,Returning,Takeaway,1548.5
3525,2025-11-13,2025-11-13,20:00,Veg Burger,Burger,1,149,149,UPI,Cloudy,35,143,47,96,149.0,592,Yes,Thursday,No,No,Returning,Delivery,466.9
3526,2025-11-02,2025-11-02,05:34,Veg Biryani,Main Course,5,249,1245,UPI,Windy,20,107,55,52,249.0,350,No,Sunday,Yes,No,New,Takeaway,1634.5
3527,2025-04-11,2025-04-11,09:49,Masala Dosa,South Indian,1,199,199,UPI,Rainy,27,161,47,114,199.0,433,No,Friday,No,No,Returning,Takeaway,472.9
3528,2025-02-22,2025-02-22,11:12,Masala Dosa,South Indian,3,199,597,Debit Card,Windy,27,90,18,72,199.0,434,No,Saturday,Yes,Yes,Returning,Takeaway,1095.7
3529,2025-10-07,2025-10-07,09:31,Chocolate Shake,Beverage,5,179,895,Debit Card,Cloudy,34,145,34,111,179.0,386,No,Tuesday,No,No,Returning,Delivery,1122.5
3530,2025-10-26,2025-10-26,07:13,Paneer Tikka,Starter,1,299,299,UPI,Cloudy,28,99,39,60,299.0,687,No,Sunday,Yes,No,New,Takeaway,797.9
3531,2025-09-12,2025-09-12,00:43,Veg Biryani,Main Course,4,249,996,Cash,Windy,27,165,39,126,249.0,522,Yes,Friday,No,Yes,Returning,Dine-In,1244.6
3532,2025-12-16,2025-12-16,21:56,Margherita Pizza,Pizza,3,299,897,UPI,Cloudy,32,156,56,100,299.0,347,No,Tuesday,No,No,Returning,Dine-In,1348.7
3533,2025-10-12,2025-10-12,11:07,Paneer Tikka,Starter,2,299,598,Credit Card,Rainy,25,96,46,50,299.0,609,Yes,Sunday,Yes,No,Returning,Takeaway,1068.8
3534,2025-04-14,2025-04-14,09:59,Soft Drink,Beverage,3,79,237,Cash,Sunny,19,115,40,75,79.0,358,Yes,Monday,No,No,New,Dine-In,406.7
3535,2025-06-26,2025-06-26,11:47,Chocolate Shake,Beverage,3,179,537,Credit Card,Cloudy,35,144,48,96,179.0,332,Yes,Thursday,No,No,Returning,Dine-In,929.7
3536,2025-09-05,2025-09-05,06:36,Masala Dosa,South Indian,5,199,995,Debit Card,Rainy,22,166,13,153,199.0,602,No,Friday,No,Yes,New,Dine-In,1340.5
3537,2025-08-11,2025-08-11,21:31,Cheese Burger,Burger,3,199,597,Credit Card,Sunny,30,122,53,69,199.0,641,Yes,Monday,No,No,New,Dine-In,1051.7
3538,2025-09-26,2025-09-26,15:01,Veg Burger,Burger,1,149,149,Cash,Windy,19,145,51,94,149.0,408,Yes,Friday,No,No,Returning,Delivery,607.9
3539,2025-12-12,2025-12-12,09:20,Masala Dosa,South Indian,2,199,398,Credit Card,Rainy,30,176,54,122,199.0,796,Yes,Friday,No,No,Returning,Dine-In,650.8
3540,2025-02-04,2025-02-04,13:29,Cheese Burger,Burger,1,199,199,Cash,Cloudy,24,88,57,31,199.0,480,No,Tuesday,No,No,New,Takeaway,536.9
3541,2025-10-04,2025-10-04,09:54,Masala Dosa,South Indian,4,199,796,UPI,Cloudy,24,151,31,120,199.0,828,Yes,Saturday,Yes,No,New,Dine-In,994.6
3542,2025-04-06,2025-04-06,04:57,Cheese Burger,Burger,1,199,199,Debit Card,Windy,24,83,30,53,199.0,824,Yes,Sunday,Yes,No,New,Dine-In,417.9
3543,2025-12-24,2025-12-24,11:30,Cheese Burger,Burger,4,199,796,Debit Card,Cloudy,18,80,60,20,199.0,605,No,Wednesday,No,No,Returning,Dine-In,1242.6
3544,2025-02-04,2025-02-04,12:01,White Sauce Pasta,Pasta,4,249,996,UPI,Windy,28,133,49,84,249.0,682,No,Tuesday,No,No,New,Dine-In,1492.6
3545,2025-08-04,2025-08-04,23:36,Soft Drink,Beverage,4,79,316,Debit Card,Windy,24,123,38,85,79.0,708,Yes,Monday,No,No,Returning,Takeaway,477.6
3546,2025-11-19,2025-11-19,15:33,Farmhouse Pizza,Pizza,3,399,1197,Debit Card,Cloudy,22,127,48,79,399.0,460,No,Wednesday,No,Yes,New,Delivery,1604.7
3547,2025-04-29,2025-04-29,05:19,French Fries,Snacks,4,129,516,Credit Card,Cloudy,18,87,20,67,129.0,507,Yes,Tuesday,No,No,New,Takeaway,1003.6
3548,2025-09-05,2025-09-05,10:28,Masala Dosa,South Indian,2,199,398,UPI,Rainy,25,136,19,117,199.0,421,Yes,Friday,No,No,Returning,Dine-In,681.8
3549,2025-07-03,2025-07-03,06:28,Soft Drink,Beverage,1,79,79,Cash,Cloudy,25,102,44,58,79.0,654,No,Thursday,No,No,Returning,Dine-In,468.9
3550,2025-06-30,2025-06-30,16:15,Chole Bhature,Main Course,1,199,199,UPI,Rainy,27,179,30,149,199.0,544,Yes,Monday,No,No,New,Takeaway,427.9
3551,2025-12-10,2025-12-10,21:47,Soft Drink,Beverage,2,79,158,Cash,Windy,32,148,39,109,79.0,861,Yes,Wednesday,No,No,New,Dine-In,359.8
3552,2025-06-25,2025-06-25,20:12,Cheese Burger,Burger,3,199,597,Credit Card,Rainy,33,176,16,160,199.0,717,Yes,Wednesday,No,No,Returning,Dine-In,1148.7
3553,2025-09-23,2025-09-23,16:37,Cold Coffee,Beverage,3,149,447,Credit Card,Rainy,33,163,30,133,149.0,489,Yes,Tuesday,No,No,Returning,Delivery,625.7
3554,2025-04-18,2025-04-18,18:13,Chocolate Shake,Beverage,1,179,179,Cash,Sunny,28,114,38,76,179.0,768,Yes,Friday,No,Yes,Returning,Dine-In,366.9
3555,2025-03-07,2025-03-07,21:33,Soft Drink,Beverage,5,79,395,UPI,Windy,23,126,24,102,79.0,877,Yes,Friday,No,No,New,Delivery,567.5
3556,2025-12-04,2025-12-04,10:07,White Sauce Pasta,Pasta,2,249,498,UPI,Cloudy,30,130,33,97,249.0,778,Yes,Thursday,No,No,Returning,Delivery,821.8
3557,2025-01-13,2025-01-13,08:35,French Fries,Snacks,4,129,516,Cash,Sunny,27,102,25,77,129.0,327,No,Monday,No,No,Returning,Dine-In,808.6
3558,2025-01-18,2025-01-18,22:41,Spring Rolls,Starter,2,229,458,Credit Card,Sunny,33,119,53,66,229.0,849,No,Saturday,Yes,No,New,Delivery,863.8
3559,2025-05-21,2025-05-21,22:26,Cheese Burger,Burger,4,199,796,Debit Card,Sunny,33,90,17,73,199.0,715,Yes,Wednesday,No,No,Returning,Takeaway,1264.6
3560,2025-03-30,2025-03-30,08:30,Margherita Pizza,Pizza,1,299,299,Debit Card,Cloudy,20,101,26,75,299.0,789,No,Sunday,Yes,Yes,Returning,Takeaway,456.9
3561,2025-11-16,2025-11-16,22:38,Chocolate Shake,Beverage,3,179,537,Debit Card,Windy,30,154,49,105,179.0,531,No,Sunday,Yes,No,Returning,Takeaway,746.7
3562,2025-02-22,2025-02-22,15:59,Veg Sandwich,Snacks,5,179,895,Debit Card,Cloudy,24,90,34,56,179.0,540,Yes,Saturday,Yes,No,New,Dine-In,1103.5
3563,2025-03-17,2025-03-17,03:17,Farmhouse Pizza,Pizza,4,399,1596,Debit Card,Cloudy,32,128,38,90,399.0,581,No,Monday,No,No,Returning,Dine-In,1956.6
3564,2025-12-29,2025-12-29,07:44,French Fries,Snacks,1,129,129,UPI,Windy,19,176,54,122,129.0,786,No,Monday,No,No,Returning,Takeaway,453.9
3565,2025-09-12,2025-09-12,08:06,White Sauce Pasta,Pasta,3,249,747,Credit Card,Sunny,20,171,60,111,249.0,656,No,Friday,No,No,Returning,Takeaway,1080.7
3566,2025-05-30,2025-05-30,17:09,Cold Coffee,Beverage,4,149,596,Credit Card,Windy,32,126,25,101,149.0,421,No,Friday,No,No,Returning,Delivery,972.6
3567,2025-08-24,2025-08-24,03:59,Farmhouse Pizza,Pizza,2,399,798,Credit Card,Sunny,31,129,40,89,399.0,316,Yes,Sunday,Yes,No,Returning,Dine-In,1154.8
3568,2025-10-21,2025-10-21,13:18,French Fries,Snacks,5,129,645,UPI,Rainy,26,147,48,99,129.0,867,Yes,Tuesday,No,No,Returning,Delivery,1132.5
3569,2025-12-21,2025-12-21,17:49,White Sauce Pasta,Pasta,2,249,498,Credit Card,Cloudy,33,119,33,86,249.0,368,No,Sunday,Yes,No,New,Takeaway,885.8
3570,2025-02-02,2025-02-02,02:27,Paneer Tikka,Starter,4,299,1196,Cash,Rainy,27,128,30,98,299.0,404,No,Sunday,Yes,No,Returning,Takeaway,1717.6
3571,2025-07-28,2025-07-28,19:56,Veg Biryani,Main Course,2,249,498,Credit Card,Rainy,27,136,28,108,249.0,789,No,Monday,No,No,New,Takeaway,921.8
3572,2025-07-22,2025-07-22,15:10,White Sauce Pasta,Pasta,5,249,1245,UPI,Windy,20,94,42,52,249.0,746,No,Tuesday,No,No,New,Takeaway,1568.5
3573,2025-05-22,2025-05-22,23:03,Chole Bhature,Main Course,2,199,398,Debit Card,Windy,30,92,16,76,199.0,560,Yes,Thursday,No,Yes,New,Dine-In,820.8
3574,2025-01-29,2025-01-29,00:13,Chole Bhature,Main Course,1,199,199,Debit Card,Sunny,30,161,27,134,199.0,320,No,Wednesday,No,No,New,Takeaway,622.9
3575,2025-08-24,2025-08-24,03:37,Cheese Burger,Burger,1,199,199,UPI,Cloudy,22,148,39,109,199.0,757,No,Sunday,Yes,No,New,Dine-In,370.9
3576,2025-06-24,2025-06-24,02:03,Spring Rolls,Starter,4,229,916,Debit Card,Sunny,29,107,25,82,229.0,443,No,Tuesday,No,No,Returning,Delivery,1449.6
3577,2025-12-22,2025-12-22,23:35,White Sauce Pasta,Pasta,4,249,996,UPI,Rainy,18,166,33,133,249.0,705,No,Monday,No,No,Returning,Takeaway,1567.6
3578,2025-08-22,2025-08-22,04:29,White Sauce Pasta,Pasta,2,249,498,Debit Card,Windy,25,122,33,89,249.0,797,Yes,Friday,No,No,New,Delivery,656.8
3579,2025-12-11,2025-12-11,12:30,French Fries,Snacks,3,129,387,Debit Card,Sunny,21,124,37,87,129.0,507,Yes,Thursday,No,No,New,Delivery,583.7
3580,2025-07-13,2025-07-13,23:15,Spring Rolls,Starter,4,229,916,Cash,Sunny,21,113,53,60,229.0,393,No,Sunday,Yes,No,New,Takeaway,1144.6
3581,2025-08-12,2025-08-12,17:39,Cheese Burger,Burger,2,199,398,Cash,Windy,27,81,34,47,199.0,305,No,Tuesday,No,No,New,Delivery,705.8
3582,2025-03-31,2025-03-31,06:09,Margherita Pizza,Pizza,2,299,598,Debit Card,Sunny,30,88,49,39,299.0,654,Yes,Monday,No,No,New,Delivery,1097.8
3583,2025-10-17,2025-10-17,17:16,Veg Burger,Burger,1,149,149,Credit Card,Cloudy,18,152,59,93,149.0,811,Yes,Friday,No,No,New,Dine-In,367.9
3584,2025-08-10,2025-08-10,07:06,White Sauce Pasta,Pasta,4,249,996,Cash,Rainy,21,104,57,47,249.0,705,Yes,Sunday,Yes,No,Returning,Takeaway,1503.6
3585,2025-10-04,2025-10-04,06:23,Soft Drink,Beverage,4,79,316,Cash,Cloudy,21,153,28,125,79.0,661,No,Saturday,Yes,No,Returning,Takeaway,626.6
3586,2025-07-04,2025-07-04,10:39,Farmhouse Pizza,Pizza,4,399,1596,Credit Card,Windy,22,123,38,85,399.0,640,No,Friday,No,No,Returning,Delivery,2253.6
3587,2025-10-22,2025-10-22,09:00,Paneer Tikka,Starter,4,299,1196,UPI,Sunny,31,165,36,129,299.0,612,Yes,Wednesday,No,No,Returning,Takeaway,1539.6
3588,2025-02-27,2025-02-27,19:27,Chole Bhature,Main Course,5,199,995,Credit Card,Rainy,23,94,35,59,199.0,624,No,Thursday,No,No,Returning,Dine-In,1244.5
3589,2025-12-22,2025-12-22,16:32,Farmhouse Pizza,Pizza,3,399,1197,Credit Card,Cloudy,31,165,24,141,399.0,411,No,Monday,No,No,Returning,Delivery,1475.7
3590,2025-12-05,2025-12-05,19:55,Veg Biryani,Main Course,5,249,1245,Credit Card,Rainy,22,169,24,145,249.0,671,No,Friday,No,No,Returning,Dine-In,1651.5
3591,2025-11-22,2025-11-22,06:08,Chole Bhature,Main Course,1,199,199,Credit Card,Cloudy,21,163,31,132,199.0,401,Yes,Saturday,Yes,No,Returning,Dine-In,646.9
3592,2025-07-06,2025-07-06,10:18,Farmhouse Pizza,Pizza,1,399,399,Credit Card,Cloudy,28,84,24,60,399.0,823,Yes,Sunday,Yes,No,Returning,Dine-In,763.9
3593,2025-01-13,2025-01-13,07:03,Paneer Tikka,Starter,4,299,1196,Debit Card,Windy,24,104,14,90,299.0,520,Yes,Monday,No,No,Returning,Dine-In,1667.6
3594,2025-12-17,2025-12-17,13:27,Veg Biryani,Main Course,3,249,747,Debit Card,Windy,34,164,53,111,249.0,837,Yes,Wednesday,No,No,Returning,Delivery,1257.7
3595,2025-01-23,2025-01-23,17:14,Veg Sandwich,Snacks,2,179,358,Debit Card,Sunny,35,87,36,51,179.0,783,Yes,Thursday,No,No,Returning,Dine-In,516.8
3596,2025-12-25,2025-12-25,01:24,Chole Bhature,Main Course,1,199,199,Cash,Cloudy,25,116,45,71,199.0,782,No,Thursday,No,No,New,Takeaway,338.9
3597,2025-08-10,2025-08-10,09:00,White Sauce Pasta,Pasta,4,249,996,Cash,Cloudy,35,154,39,115,249.0,443,No,Sunday,Yes,No,New,Takeaway,1225.6
3598,2025-09-11,2025-09-11,19:56,Chole Bhature,Main Course,1,199,199,Credit Card,Windy,24,115,59,56,199.0,361,No,Thursday,No,No,New,Takeaway,392.9
3599,2025-03-04,2025-03-04,13:35,Paneer Tikka,Starter,3,299,897,Debit Card,Rainy,24,170,12,158,299.0,806,Yes,Tuesday,No,No,New,Dine-In,1170.7
3600,2025-03-15,2025-03-15,04:29,Veg Sandwich,Snacks,3,179,537,UPI,Cloudy,20,168,33,135,179.0,487,Yes,Saturday,Yes,No,New,Dine-In,744.7
3601,2025-06-18,2025-06-18,12:11,French Fries,Snacks,3,129,387,Cash,Sunny,31,104,24,80,129.0,573,No,Wednesday,No,No,Returning,Delivery,557.7
3602,2025-02-22,2025-02-22,20:12,Chole Bhature,Main Course,4,199,796,Credit Card,Rainy,23,90,39,51,199.0,386,Yes,Saturday,Yes,Yes,Returning,Takeaway,1069.6
3603,2025-07-12,2025-07-12,03:14,Masala Dosa,South Indian,5,199,995,Debit Card,Cloudy,25,121,33,88,199.0,679,No,Saturday,Yes,No,Returning,Delivery,1592.5
3604,2025-09-15,2025-09-15,07:05,Soft Drink,Beverage,3,79,237,Cash,Cloudy,24,168,57,111,79.0,594,No,Monday,No,No,Returning,Dine-In,571.7
3605,2025-07-21,2025-07-21,15:21,Farmhouse Pizza,Pizza,1,399,399,Cash,Rainy,34,123,25,98,399.0,701,Yes,Monday,No,No,Returning,Takeaway,857.9
3606,2025-04-12,2025-04-12,21:52,Veg Sandwich,Snacks,2,179,358,Cash,Rainy,28,176,52,124,179.0,594,No,Saturday,Yes,No,Returning,Takeaway,538.8
3607,2025-11-27,2025-11-27,00:39,Veg Burger,Burger,3,149,447,Cash,Rainy,29,86,56,30,149.0,302,No,Thursday,No,No,New,Dine-In,619.7
3608,2025-12-17,2025-12-17,05:38,Masala Dosa,South Indian,2,199,398,Debit Card,Sunny,22,138,56,82,199.0,335,Yes,Wednesday,No,No,Returning,Dine-In,668.8
3609,2025-04-26,2025-04-26,13:25,Soft Drink,Beverage,2,79,158,UPI,Rainy,20,138,60,78,79.0,697,Yes,Saturday,Yes,No,Returning,Delivery,382.8
3610,2025-04-22,2025-04-22,01:15,French Fries,Snacks,3,129,387,UPI,Rainy,31,96,30,66,129.0,636,No,Tuesday,No,No,New,Delivery,732.7
3611,2025-06-03,2025-06-03,13:23,Chole Bhature,Main Course,1,199,199,Credit Card,Rainy,22,161,11,150,199.0,550,Yes,Tuesday,No,Yes,Returning,Delivery,439.9
3612,2025-09-25,2025-09-25,06:31,Veg Sandwich,Snacks,5,179,895,Credit Card,Windy,26,134,18,116,179.0,862,No,Thursday,No,Yes,New,Dine-In,1363.5
3613,2025-01-02,2025-01-02,18:07,Veg Burger,Burger,3,149,447,UPI,Sunny,30,152,49,103,149.0,746,No,Thursday,No,Yes,Returning,Dine-In,784.7
3614,2025-07-23,2025-07-23,13:38,Paneer Tikka,Starter,2,299,598,Cash,Rainy,21,115,50,65,299.0,822,No,Wednesday,No,No,Returning,Dine-In,1056.8
3615,2025-06-06,2025-06-06,11:09,Soft Drink,Beverage,2,79,158,Cash,Rainy,18,127,41,86,79.0,477,Yes,Friday,No,No,New,Takeaway,290.8
3616,2025-04-02,2025-04-02,19:37,Spring Rolls,Starter,1,229,229,Credit Card,Cloudy,18,123,48,75,229.0,527,Yes,Wednesday,No,No,Returning,Takeaway,713.9
3617,2025-10-03,2025-10-03,04:01,French Fries,Snacks,4,129,516,Credit Card,Rainy,22,107,53,54,129.0,394,Yes,Friday,No,No,Returning,Dine-In,865.6
3618,2025-11-25,2025-11-25,18:54,Cheese Burger,Burger,3,199,597,UPI,Sunny,26,116,34,82,199.0,328,Yes,Tuesday,No,No,New,Delivery,899.7
3619,2025-05-21,2025-05-21,22:35,Soft Drink,Beverage,5,79,395,UPI,Windy,35,150,33,117,79.0,686,Yes,Wednesday,No,No,Returning,Delivery,751.5
3620,2025-04-09,2025-04-09,12:10,Veg Biryani,Main Course,2,249,498,Credit Card,Rainy,28,111,42,69,249.0,410,Yes,Wednesday,No,No,Returning,Dine-In,765.8
3621,2025-09-19,2025-09-19,07:18,Soft Drink,Beverage,3,79,237,UPI,Rainy,29,131,56,75,79.0,324,Yes,Friday,No,No,Returning,Delivery,550.7
3622,2025-03-26,2025-03-26,15:36,Soft Drink,Beverage,3,79,237,Credit Card,Rainy,30,116,52,64,79.0,861,No,Wednesday,No,No,New,Dine-In,718.7
3623,2025-08-08,2025-08-08,00:23,Chole Bhature,Main Course,3,199,597,Debit Card,Cloudy,35,126,22,104,199.0,879,No,Friday,No,No,Returning,Dine-In,862.7
3624,2025-11-25,2025-11-25,21:38,Cold Coffee,Beverage,1,149,149,Debit Card,Windy,31,128,25,103,149.0,870,No,Tuesday,No,No,Returning,Takeaway,437.9
3625,2025-02-14,2025-02-14,11:33,Veg Burger,Burger,4,149,596,Debit Card,Windy,33,99,20,79,149.0,789,Yes,Friday,No,No,Returning,Delivery,1007.6
3626,2025-03-08,2025-03-08,23:51,Soft Drink,Beverage,4,79,316,Cash,Sunny,24,116,47,69,79.0,814,Yes,Saturday,Yes,No,Returning,Takeaway,702.6
3627,2025-01-09,2025-01-09,10:44,Cold Coffee,Beverage,1,149,149,UPI,Cloudy,29,178,40,138,149.0,368,Yes,Thursday,No,No,New,Dine-In,627.9
3628,2025-10-27,2025-10-27,08:42,Paneer Tikka,Starter,1,299,299,Cash,Rainy,33,140,48,92,299.0,414,Yes,Monday,No,No,New,Takeaway,485.9
3629,2025-07-02,2025-07-02,19:15,Chocolate Shake,Beverage,5,179,895,Cash,Cloudy,18,155,51,104,179.0,709,Yes,Wednesday,No,No,New,Dine-In,1187.5
3630,2025-09-21,2025-09-21,02:39,Paneer Tikka,Starter,1,299,299,UPI,Cloudy,24,163,54,109,299.0,437,Yes,Sunday,Yes,No,New,Delivery,551.9
3631,2025-10-22,2025-10-22,15:44,Paneer Tikka,Starter,3,299,897,Credit Card,Rainy,23,157,48,109,299.0,306,Yes,Wednesday,No,No,New,Delivery,1380.7
3632,2025-01-21,2025-01-21,00:38,Veg Sandwich,Snacks,2,179,358,UPI,Sunny,20,112,16,96,179.0,784,No,Tuesday,No,No,Returning,Delivery,679.8
3633,2025-10-26,2025-10-26,15:12,Veg Sandwich,Snacks,4,179,716,UPI,Windy,33,105,17,88,179.0,323,No,Sunday,Yes,No,New,Takeaway,1013.6
3634,2025-05-19,2025-05-19,20:46,Chocolate Shake,Beverage,2,179,358,Cash,Windy,20,141,19,122,179.0,411,No,Monday,No,No,New,Dine-In,851.8
3635,2025-06-09,2025-06-09,04:31,Margherita Pizza,Pizza,3,299,897,UPI,Rainy,28,143,25,118,299.0,784,No,Monday,No,No,New,Delivery,1275.7
3636,2025-04-02,2025-04-02,06:14,Cheese Burger,Burger,3,199,597,Debit Card,Rainy,34,163,11,152,199.0,588,Yes,Wednesday,No,No,New,Takeaway,760.7
3637,2025-07-08,2025-07-08,04:40,Spring Rolls,Starter,5,229,1145,Credit Card,Rainy,23,164,35,129,229.0,402,Yes,Tuesday,No,No,New,Takeaway,1623.5
3638,2025-04-28,2025-04-28,18:58,Spring Rolls,Starter,1,229,229,UPI,Cloudy,27,94,56,38,229.0,387,No,Monday,No,No,Returning,Dine-In,373.9
3639,2025-09-30,2025-09-30,06:24,Veg Biryani,Main Course,2,249,498,UPI,Rainy,29,125,58,67,249.0,584,No,Tuesday,No,No,New,Dine-In,857.8
3640,2025-01-04,2025-01-04,14:22,Margherita Pizza,Pizza,1,299,299,Cash,Sunny,30,164,53,111,299.0,522,No,Saturday,Yes,No,New,Delivery,574.9
3641,2025-09-17,2025-09-17,11:25,Margherita Pizza,Pizza,3,299,897,UPI,Windy,30,173,40,133,299.0,560,Yes,Wednesday,No,No,New,Delivery,1322.7
3642,2025-10-18,2025-10-18,15:23,Cheese Burger,Burger,3,199,597,UPI,Sunny,35,158,32,126,199.0,658,Yes,Saturday,Yes,No,New,Dine-In,1113.7
3643,2025-07-23,2025-07-23,13:13,Paneer Tikka,Starter,2,299,598,UPI,Sunny,28,142,54,88,299.0,704,Yes,Wednesday,No,No,New,Takeaway,1053.8
3644,2025-02-14,2025-02-14,07:36,Veg Burger,Burger,2,149,298,Debit Card,Cloudy,31,179,33,146,149.0,409,No,Friday,No,No,Returning,Takeaway,467.8
3645,2025-06-01,2025-06-01,14:33,White Sauce Pasta,Pasta,2,249,498,Credit Card,Rainy,18,119,44,75,249.0,753,No,Sunday,Yes,No,New,Takeaway,786.8
3646,2025-01-08,2025-01-08,18:11,Cheese Burger,Burger,2,199,398,Cash,Windy,24,175,47,128,199.0,774,No,Wednesday,No,No,New,Dine-In,768.8
3647,2025-07-19,2025-07-19,07:29,Chocolate Shake,Beverage,3,179,537,UPI,Cloudy,25,160,11,149,179.0,873,Yes,Saturday,Yes,No,Returning,Delivery,1063.7
3648,2025-09-19,2025-09-19,20:15,Chocolate Shake,Beverage,3,179,537,Credit Card,Windy,31,162,45,117,179.0,804,Yes,Friday,No,No,Returning,Dine-In,864.7
3649,2025-01-14,2025-01-14,02:56,Farmhouse Pizza,Pizza,4,399,1596,Debit Card,Sunny,26,138,21,117,399.0,848,Yes,Tuesday,No,No,Returning,Delivery,2079.6
3650,2025-01-14,2025-01-14,01:16,Margherita Pizza,Pizza,1,299,299,UPI,Sunny,32,152,42,110,299.0,468,No,Tuesday,No,No,Returning,Dine-In,527.9
3651,2025-04-14,2025-04-14,19:57,White Sauce Pasta,Pasta,1,249,249,UPI,Rainy,28,163,35,128,249.0,685,No,Monday,No,No,Returning,Takeaway,621.9
3652,2025-01-24,2025-01-24,03:26,Chocolate Shake,Beverage,2,179,358,UPI,Cloudy,23,110,50,60,179.0,413,Yes,Friday,No,No,Returning,Dine-In,559.8
3653,2025-04-18,2025-04-18,06:26,Masala Dosa,South Indian,2,199,398,UPI,Cloudy,33,161,56,105,199.0,340,No,Friday,No,No,Returning,Delivery,930.8
3654,2025-05-11,2025-05-11,04:13,Farmhouse Pizza,Pizza,4,399,1596,Cash,Rainy,32,144,50,94,399.0,820,No,Sunday,Yes,Yes,New,Takeaway,2016.6
3655,2025-02-05,2025-02-05,22:27,Veg Biryani,Main Course,5,249,1245,Cash,Windy,25,95,24,71,249.0,667,No,Wednesday,No,No,New,Delivery,1845.5
3656,2025-09-13,2025-09-13,08:52,Farmhouse Pizza,Pizza,2,399,798,Debit Card,Cloudy,33,125,18,107,399.0,583,No,Saturday,Yes,No,New,Takeaway,1077.8
3657,2025-04-24,2025-04-24,21:36,French Fries,Snacks,5,129,645,Cash,Windy,26,164,53,111,129.0,882,No,Thursday,No,Yes,New,Dine-In,1064.5
3658,2025-09-08,2025-09-08,16:59,Spring Rolls,Starter,2,229,458,Credit Card,Windy,31,163,59,104,229.0,759,No,Monday,No,No,New,Delivery,822.8
3659,2025-04-23,2025-04-23,23:40,White Sauce Pasta,Pasta,2,249,498,Cash,Windy,22,115,26,89,249.0,620,No,Wednesday,No,No,New,Delivery,929.8
3660,2025-07-17,2025-07-17,07:33,Veg Biryani,Main Course,5,249,1245,Debit Card,Windy,20,155,22,133,249.0,493,Yes,Thursday,No,No,New,Delivery,1607.5
3661,2025-02-04,2025-02-04,07:40,Veg Biryani,Main Course,4,249,996,Credit Card,Sunny,31,155,25,130,249.0,746,No,Tuesday,No,No,New,Delivery,1575.6
3662,2025-11-09,2025-11-09,02:35,Margherita Pizza,Pizza,5,299,1495,Debit Card,Rainy,33,145,49,96,299.0,657,Yes,Sunday,Yes,No,New,Dine-In,1787.5
3663,2025-10-16,2025-10-16,08:23,Spring Rolls,Starter,2,229,458,Cash,Windy,18,114,23,91,229.0,676,No,Thursday,No,No,New,Delivery,731.8
3664,2025-08-30,2025-08-30,11:23,Cold Coffee,Beverage,1,149,149,Cash,Windy,31,122,43,79,149.0,472,Yes,Saturday,Yes,No,Returning,Delivery,533.9
3665,2025-01-21,2025-01-21,15:13,Veg Biryani,Main Course,3,249,747,UPI,Cloudy,22,110,38,72,249.0,396,No,Tuesday,No,No,Returning,Takeaway,1242.7
3666,2025-09-16,2025-09-16,04:39,Chole Bhature,Main Course,2,199,398,UPI,Cloudy,19,127,56,71,199.0,571,Yes,Tuesday,No,Yes,Returning,Takeaway,831.8
3667,2025-06-16,2025-06-16,02:30,Chocolate Shake,Beverage,1,179,179,Debit Card,Sunny,33,122,46,76,179.0,672,Yes,Monday,No,No,Returning,Dine-In,660.9
3668,2025-08-19,2025-08-19,09:54,Farmhouse Pizza,Pizza,2,399,798,Debit Card,Sunny,26,156,24,132,399.0,896,Yes,Tuesday,No,No,Returning,Dine-In,1165.8
3669,2025-01-17,2025-01-17,14:37,Chocolate Shake,Beverage,5,179,895,Credit Card,Sunny,24,131,21,110,179.0,359,Yes,Friday,No,No,Returning,Dine-In,1217.5
3670,2025-01-19,2025-01-19,02:14,Veg Biryani,Main Course,3,249,747,Cash,Sunny,20,92,11,81,249.0,624,No,Sunday,Yes,No,New,Dine-In,1081.7
3671,2025-12-28,2025-12-28,14:31,Farmhouse Pizza,Pizza,4,399,1596,Cash,Sunny,28,89,56,33,399.0,745,No,Sunday,Yes,No,Returning,Dine-In,2062.6
3672,2025-10-11,2025-10-11,12:55,Margherita Pizza,Pizza,2,299,598,Cash,Sunny,30,176,53,123,299.0,746,No,Saturday,Yes,No,New,Dine-In,763.8
3673,2025-07-08,2025-07-08,15:55,Margherita Pizza,Pizza,3,299,897,Debit Card,Rainy,30,107,49,58,299.0,820,Yes,Tuesday,No,No,Returning,Takeaway,1409.7
3674,2025-01-23,2025-01-23,03:07,Cold Coffee,Beverage,1,149,149,UPI,Cloudy,30,175,56,119,149.0,492,No,Thursday,No,No,Returning,Delivery,306.9
3675,2025-03-17,2025-03-17,13:52,Paneer Tikka,Starter,5,299,1495,Debit Card,Cloudy,20,168,40,128,299.0,488,No,Monday,No,No,New,Takeaway,1958.5
3676,2025-11-06,2025-11-06,17:19,Soft Drink,Beverage,5,79,395,Cash,Rainy,29,161,41,120,79.0,825,No,Thursday,No,Yes,Returning,Delivery,601.5
3677,2025-11-25,2025-11-25,03:28,Cheese Burger,Burger,2,199,398,Credit Card,Cloudy,22,164,36,128,199.0,541,No,Tuesday,No,No,Returning,Delivery,869.8
3678,2025-04-09,2025-04-09,14:34,Chole Bhature,Main Course,5,199,995,UPI,Rainy,25,88,38,50,199.0,768,Yes,Wednesday,No,No,New,Delivery,1558.5
3679,2025-02-13,2025-02-13,10:29,Chole Bhature,Main Course,4,199,796,Debit Card,Sunny,29,87,51,36,199.0,341,Yes,Thursday,No,No,New,Takeaway,1310.6
3680,2025-11-02,2025-11-02,06:59,White Sauce Pasta,Pasta,1,249,249,UPI,Cloudy,24,128,34,94,249.0,431,No,Sunday,Yes,No,New,Dine-In,689.9
3681,2025-01-28,2025-01-28,20:07,White Sauce Pasta,Pasta,2,249,498,UPI,Sunny,26,100,50,50,249.0,373,No,Tuesday,No,No,New,Delivery,874.8
3682,2025-03-09,2025-03-09,12:00,Chocolate Shake,Beverage,3,179,537,Credit Card,Cloudy,19,166,18,148,179.0,798,Yes,Sunday,Yes,No,Returning,Takeaway,911.7
3683,2025-07-29,2025-07-29,08:49,Soft Drink,Beverage,1,79,79,Debit Card,Rainy,31,112,60,52,79.0,310,Yes,Tuesday,No,No,Returning,Takeaway,216.9
3684,2025-08-27,2025-08-27,13:07,Chocolate Shake,Beverage,1,179,179,Credit Card,Rainy,32,154,53,101,179.0,865,Yes,Wednesday,No,No,Returning,Dine-In,414.9
3685,2025-11-27,2025-11-27,07:36,French Fries,Snacks,1,129,129,Cash,Windy,31,174,39,135,129.0,380,Yes,Thursday,No,No,New,Dine-In,359.9
3686,2025-02-04,2025-02-04,22:13,Spring Rolls,Starter,3,229,687,UPI,Sunny,23,116,15,101,229.0,789,Yes,Tuesday,No,No,Returning,Dine-In,1075.7
3687,2025-07-27,2025-07-27,02:52,Cold Coffee,Beverage,5,149,745,Cash,Cloudy,30,173,43,130,149.0,801,Yes,Sunday,Yes,No,New,Takeaway,1241.5
3688,2025-01-11,2025-01-11,12:11,Veg Sandwich,Snacks,5,179,895,Credit Card,Sunny,24,152,52,100,179.0,422,Yes,Saturday,Yes,No,New,Takeaway,1276.5
3689,2025-03-20,2025-03-20,03:56,Paneer Tikka,Starter,5,299,1495,Cash,Sunny,33,81,12,69,299.0,517,Yes,Thursday,No,Yes,Returning,Takeaway,1767.5
3690,2025-11-13,2025-11-13,01:24,Spring Rolls,Starter,4,229,916,Debit Card,Windy,19,85,44,41,229.0,818,Yes,Thursday,No,No,New,Delivery,1421.6
3691,2025-11-12,2025-11-12,05:34,Spring Rolls,Starter,4,229,916,Debit Card,Windy,26,132,36,96,229.0,416,Yes,Wednesday,No,No,Returning,Dine-In,1467.6
3692,2025-10-04,2025-10-04,17:13,Spring Rolls,Starter,5,229,1145,Credit Card,Windy,28,113,55,58,229.0,834,No,Saturday,Yes,No,New,Takeaway,1482.5
3693,2025-06-10,2025-06-10,14:25,Soft Drink,Beverage,5,79,395,Cash,Sunny,19,140,42,98,79.0,331,No,Tuesday,No,No,New,Delivery,777.5
3694,2025-12-23,2025-12-23,05:28,Masala Dosa,South Indian,2,199,398,Debit Card,Rainy,24,163,52,111,199.0,541,No,Tuesday,No,No,Returning,Takeaway,636.8
3695,2025-03-27,2025-03-27,19:42,Cheese Burger,Burger,3,199,597,Credit Card,Sunny,35,139,34,105,199.0,536,No,Thursday,No,No,Returning,Takeaway,918.7
3696,2025-05-02,2025-05-02,20:45,Farmhouse Pizza,Pizza,4,399,1596,Cash,Cloudy,27,159,35,124,399.0,315,Yes,Friday,No,No,Returning,Dine-In,2158.6
3697,2025-10-14,2025-10-14,14:07,Spring Rolls,Starter,5,229,1145,UPI,Sunny,21,117,23,94,229.0,586,No,Tuesday,No,No,Returning,Delivery,1480.5
3698,2025-04-24,2025-04-24,16:20,Soft Drink,Beverage,2,79,158,Cash,Rainy,25,177,25,152,79.0,477,Yes,Thursday,No,No,New,Takeaway,413.8
3699,2025-10-01,2025-10-01,14:08,Spring Rolls,Starter,3,229,687,UPI,Cloudy,34,147,16,131,229.0,400,No,Wednesday,No,No,New,Dine-In,896.7
3700,2025-08-26,2025-08-26,14:25,Spring Rolls,Starter,1,229,229,UPI,Cloudy,34,174,49,125,229.0,647,Yes,Tuesday,No,No,Returning,Delivery,388.9
3701,2025-03-09,2025-03-09,22:31,Margherita Pizza,Pizza,2,299,598,UPI,Sunny,21,164,37,127,299.0,368,No,Sunday,Yes,No,New,Dine-In,933.8
3702,2025-05-08,2025-05-08,00:35,Cheese Burger,Burger,1,199,199,Credit Card,Cloudy,23,121,54,67,199.0,665,Yes,Thursday,No,No,New,Dine-In,389.9
3703,2025-01-16,2025-01-16,09:38,Chocolate Shake,Beverage,2,179,358,Cash,Windy,29,144,28,116,179.0,880,Yes,Thursday,No,No,Returning,Dine-In,518.8
3704,2025-03-21,2025-03-21,14:02,Paneer Tikka,Starter,3,299,897,Credit Card,Cloudy,25,99,46,53,299.0,308,No,Friday,No,No,New,Delivery,1308.7
3705,2025-05-14,2025-05-14,12:48,Chole Bhature,Main Course,2,199,398,Cash,Cloudy,29,171,59,112,199.0,805,No,Wednesday,No,No,New,Takeaway,902.8
3706,2025-11-11,2025-11-11,17:32,Veg Burger,Burger,4,149,596,Cash,Windy,26,144,24,120,149.0,520,Yes,Tuesday,No,No,Returning,Delivery,871.6
3707,2025-03-31,2025-03-31,02:03,Chole Bhature,Main Course,3,199,597,Cash,Rainy,32,133,25,108,199.0,561,Yes,Monday,No,No,New,Takeaway,1148.7
3708,2025-03-10,2025-03-10,07:16,Chocolate Shake,Beverage,1,179,179,UPI,Cloudy,19,152,52,100,179.0,775,No,Monday,No,No,Returning,Delivery,541.9
3709,2025-09-27,2025-09-27,12:49,Margherita Pizza,Pizza,1,299,299,UPI,Cloudy,26,157,22,135,299.0,600,No,Saturday,Yes,No,New,Dine-In,674.9
3710,2025-01-10,2025-01-10,09:29,Veg Sandwich,Snacks,1,179,179,Debit Card,Sunny,22,130,46,84,179.0,872,Yes,Friday,No,No,New,Takeaway,429.9
3711,2025-04-27,2025-04-27,01:25,Paneer Tikka,Starter,3,299,897,Debit Card,Cloudy,27,138,18,120,299.0,549,No,Sunday,Yes,No,Returning,Dine-In,1278.7
3712,2025-06-23,2025-06-23,04:27,Paneer Tikka,Starter,2,299,598,UPI,Sunny,25,156,28,128,299.0,894,Yes,Monday,No,No,Returning,Dine-In,1068.8
3713,2025-05-06,2025-05-06,07:58,French Fries,Snacks,2,129,258,Credit Card,Sunny,21,123,18,105,129.0,873,No,Tuesday,No,No,Returning,Dine-In,411.8
3714,2025-08-30,2025-08-30,20:45,Masala Dosa,South Indian,5,199,995,Cash,Sunny,18,169,44,125,199.0,380,No,Saturday,Yes,No,Returning,Dine-In,1579.5
3715,2025-12-25,2025-12-25,18:34,Margherita Pizza,Pizza,1,299,299,Credit Card,Sunny,22,144,55,89,299.0,877,No,Thursday,No,No,Returning,Takeaway,585.9
3716,2025-02-07,2025-02-07,00:58,Chocolate Shake,Beverage,1,179,179,Debit Card,Cloudy,22,153,45,108,179.0,380,No,Friday,No,No,New,Takeaway,375.9
3717,2025-07-11,2025-07-11,12:21,Farmhouse Pizza,Pizza,5,399,1995,Debit Card,Rainy,27,131,52,79,399.0,848,Yes,Friday,No,No,Returning,Takeaway,2371.5
3718,2025-02-18,2025-02-18,21:42,French Fries,Snacks,2,129,258,Credit Card,Sunny,26,89,38,51,129.0,312,No,Tuesday,No,No,Returning,Delivery,589.8
3719,2025-03-15,2025-03-15,15:28,White Sauce Pasta,Pasta,2,249,498,Cash,Cloudy,20,175,57,118,249.0,516,Yes,Saturday,Yes,No,New,Takeaway,812.8
3720,2025-10-26,2025-10-26,21:59,French Fries,Snacks,5,129,645,Credit Card,Cloudy,19,83,10,73,129.0,494,No,Sunday,Yes,No,New,Takeaway,916.5
3721,2025-02-15,2025-02-15,11:02,French Fries,Snacks,1,129,129,Debit Card,Windy,26,160,28,132,129.0,484,Yes,Saturday,Yes,No,Returning,Delivery,508.9
3722,2025-06-05,2025-06-05,04:18,Veg Biryani,Main Course,2,249,498,Cash,Sunny,28,176,40,136,249.0,798,No,Thursday,No,No,Returning,Delivery,817.8
3723,2025-10-16,2025-10-16,11:41,Soft Drink,Beverage,1,79,79,UPI,Cloudy,31,157,37,120,79.0,584,Yes,Thursday,No,No,Returning,Delivery,486.9
3724,2025-01-12,2025-01-12,05:43,Spring Rolls,Starter,1,229,229,UPI,Windy,27,158,25,133,229.0,449,No,Sunday,Yes,No,New,Dine-In,620.9
3725,2025-08-07,2025-08-07,20:26,Chole Bhature,Main Course,2,199,398,UPI,Rainy,34,165,33,132,199.0,348,Yes,Thursday,No,No,Returning,Delivery,796.8
3726,2025-01-31,2025-01-31,20:47,Cheese Burger,Burger,3,199,597,Debit Card,Rainy,26,88,31,57,199.0,697,No,Friday,No,No,New,Dine-In,1033.7
3727,2025-08-18,2025-08-18,20:26,Cold Coffee,Beverage,3,149,447,Debit Card,Windy,31,139,32,107,149.0,322,No,Monday,No,No,New,Dine-In,958.7
3728,2025-12-25,2025-12-25,01:12,Veg Sandwich,Snacks,3,179,537,Debit Card,Sunny,26,107,19,88,179.0,730,Yes,Thursday,No,No,Returning,Dine-In,1008.7
3729,2025-12-24,2025-12-24,03:04,Veg Burger,Burger,3,149,447,Cash,Cloudy,31,80,42,38,149.0,350,No,Wednesday,No,No,New,Dine-In,765.7
3730,2025-06-06,2025-06-06,02:18,Farmhouse Pizza,Pizza,1,399,399,Cash,Rainy,31,86,29,57,399.0,558,No,Friday,No,No,Returning,Delivery,903.9
3731,2025-12-01,2025-12-01,00:22,Paneer Tikka,Starter,4,299,1196,Credit Card,Rainy,31,109,12,97,299.0,789,Yes,Monday,No,No,Returning,Takeaway,1617.6
3732,2025-03-12,2025-03-12,17:31,Soft Drink,Beverage,3,79,237,Debit Card,Sunny,24,147,25,122,79.0,575,No,Wednesday,No,No,Returning,Dine-In,654.7
3733,2025-03-23,2025-03-23,15:05,Masala Dosa,South Indian,4,199,796,Credit Card,Rainy,27,180,51,129,199.0,338,No,Sunday,Yes,No,Returning,Dine-In,1082.6
3734,2025-12-06,2025-12-06,09:57,Veg Biryani,Main Course,1,249,249,Debit Card,Cloudy,28,154,40,114,249.0,307,Yes,Saturday,Yes,No,New,Dine-In,485.9
3735,2025-01-20,2025-01-20,14:24,French Fries,Snacks,5,129,645,Cash,Windy,19,150,24,126,129.0,765,Yes,Monday,No,No,Returning,Dine-In,1120.5
3736,2025-04-04,2025-04-04,09:31,Veg Burger,Burger,1,149,149,Credit Card,Windy,25,123,42,81,149.0,880,No,Friday,No,No,New,Dine-In,654.9
3737,2025-05-07,2025-05-07,13:34,Chole Bhature,Main Course,3,199,597,UPI,Windy,34,94,29,65,199.0,737,No,Wednesday,No,No,Returning,Dine-In,930.7
3738,2025-03-09,2025-03-09,12:05,Soft Drink,Beverage,2,79,158,Debit Card,Cloudy,23,146,33,113,79.0,778,No,Sunday,Yes,No,Returning,Dine-In,416.8
3739,2025-12-28,2025-12-28,16:41,Chocolate Shake,Beverage,4,179,716,UPI,Rainy,33,158,26,132,179.0,410,Yes,Sunday,Yes,Yes,New,Delivery,887.6
3740,2025-09-26,2025-09-26,22:57,Paneer Tikka,Starter,4,299,1196,Debit Card,Sunny,24,160,45,115,299.0,497,Yes,Friday,No,No,New,Delivery,1441.6
3741,2025-10-18,2025-10-18,07:46,Veg Sandwich,Snacks,1,179,179,UPI,Sunny,18,121,13,108,179.0,774,No,Saturday,Yes,No,New,Delivery,376.9
3742,2025-09-06,2025-09-06,23:26,Paneer Tikka,Starter,1,299,299,Cash,Cloudy,28,132,55,77,299.0,843,Yes,Saturday,Yes,No,Returning,Delivery,792.9
3743,2025-08-18,2025-08-18,13:54,Veg Burger,Burger,3,149,447,UPI,Rainy,28,145,30,115,149.0,458,No,Monday,No,No,Returning,Takeaway,664.7
3744,2025-02-27,2025-02-27,12:04,White Sauce Pasta,Pasta,1,249,249,Credit Card,Rainy,29,175,56,119,249.0,734,Yes,Thursday,No,No,Returning,Delivery,406.9
3745,2025-10-28,2025-10-28,08:26,Chole Bhature,Main Course,2,199,398,Credit Card,Sunny,29,161,31,130,199.0,889,No,Tuesday,No,No,Returning,Takeaway,846.8
3746,2025-01-29,2025-01-29,01:46,Cold Coffee,Beverage,1,149,149,Cash,Windy,26,145,27,118,149.0,727,Yes,Wednesday,No,No,New,Takeaway,336.9
3747,2025-08-09,2025-08-09,02:35,Cheese Burger,Burger,4,199,796,UPI,Rainy,20,175,56,119,199.0,851,No,Saturday,Yes,No,Returning,Dine-In,1145.6
3748,2025-10-15,2025-10-15,07:08,Masala Dosa,South Indian,4,199,796,Cash,Windy,21,148,19,129,199.0,312,Yes,Wednesday,No,No,Returning,Dine-In,1120.6
3749,2025-07-28,2025-07-28,23:29,Soft Drink,Beverage,2,79,158,UPI,Windy,29,137,10,127,79.0,512,Yes,Monday,No,No,Returning,Dine-In,277.8
3750,2025-05-01,2025-05-01,07:21,Soft Drink,Beverage,1,79,79,UPI,Windy,22,149,47,102,79.0,527,No,Thursday,No,No,New,Delivery,485.9
3751,2025-09-09,2025-09-09,21:09,White Sauce Pasta,Pasta,2,249,498,Credit Card,Windy,21,118,17,101,249.0,859,Yes,Tuesday,No,No,New,Dine-In,1015.8
3752,2025-09-18,2025-09-18,13:04,Masala Dosa,South Indian,1,199,199,Debit Card,Windy,24,160,16,144,199.0,475,Yes,Thursday,No,No,New,Takeaway,510.9
3753,2025-11-01,2025-11-01,07:38,Chocolate Shake,Beverage,2,179,358,Debit Card,Sunny,35,122,29,93,179.0,819,No,Saturday,Yes,No,New,Delivery,826.8
3754,2025-09-08,2025-09-08,06:53,Veg Burger,Burger,5,149,745,Cash,Windy,24,119,51,68,149.0,701,No,Monday,No,No,Returning,Delivery,1011.5
3755,2025-03-03,2025-03-03,17:33,Cold Coffee,Beverage,1,149,149,UPI,Sunny,34,116,35,81,149.0,825,No,Monday,No,No,New,Delivery,390.9
3756,2025-08-05,2025-08-05,06:37,Masala Dosa,South Indian,3,199,597,Debit Card,Cloudy,22,126,31,95,199.0,623,Yes,Tuesday,No,No,New,Takeaway,884.7
3757,2025-05-16,2025-05-16,18:31,Veg Burger,Burger,2,149,298,Debit Card,Windy,30,171,35,136,149.0,411,No,Friday,No,No,Returning,Dine-In,806.8
3758,2025-02-02,2025-02-02,12:30,Paneer Tikka,Starter,4,299,1196,UPI,Cloudy,34,166,52,114,299.0,670,Yes,Sunday,Yes,No,New,Takeaway,1476.6
3759,2025-03-28,2025-03-28,13:37,Chocolate Shake,Beverage,1,179,179,Cash,Cloudy,25,179,56,123,179.0,599,No,Friday,No,No,New,Delivery,640.9
3760,2025-04-20,2025-04-20,23:03,Spring Rolls,Starter,3,229,687,Cash,Sunny,34,157,43,114,229.0,425,No,Sunday,Yes,Yes,New,Delivery,877.7
3761,2025-04-17,2025-04-17,13:49,Veg Biryani,Main Course,3,249,747,Credit Card,Sunny,23,167,42,125,249.0,410,No,Thursday,No,No,Returning,Dine-In,1294.7
3762,2025-12-17,2025-12-17,11:56,French Fries,Snacks,2,129,258,Debit Card,Cloudy,29,134,41,93,129.0,750,No,Wednesday,No,No,New,Dine-In,661.8
3763,2025-08-29,2025-08-29,23:04,Masala Dosa,South Indian,2,199,398,Credit Card,Cloudy,18,146,60,86,199.0,340,No,Friday,No,No,New,Delivery,644.8
3764,2025-12-25,2025-12-25,22:01,Spring Rolls,Starter,2,229,458,Debit Card,Cloudy,28,121,24,97,229.0,686,No,Thursday,No,Yes,Returning,Takeaway,604.8
3765,2025-09-03,2025-09-03,18:35,French Fries,Snacks,2,129,258,UPI,Cloudy,29,95,58,37,129.0,341,Yes,Wednesday,No,No,New,Dine-In,431.8
3766,2025-08-19,2025-08-19,06:17,French Fries,Snacks,4,129,516,Cash,Sunny,27,119,27,92,129.0,709,Yes,Tuesday,No,No,Returning,Takeaway,936.6
3767,2025-03-26,2025-03-26,14:33,Cheese Burger,Burger,2,199,398,Credit Card,Windy,19,84,53,31,199.0,650,No,Wednesday,No,No,Returning,Dine-In,729.8
3768,2025-05-31,2025-05-31,23:18,Cheese Burger,Burger,4,199,796,Credit Card,Rainy,28,114,12,102,199.0,880,Yes,Saturday,Yes,No,New,Dine-In,1132.6
3769,2025-01-06,2025-01-06,07:52,Paneer Tikka,Starter,3,299,897,UPI,Sunny,22,92,42,50,299.0,327,No,Monday,No,No,New,Dine-In,1296.7
3770,2025-10-05,2025-10-05,12:32,Veg Biryani,Main Course,5,249,1245,Debit Card,Windy,26,102,47,55,249.0,756,Yes,Sunday,Yes,No,New,Delivery,1686.5
3771,2025-10-19,2025-10-19,21:20,Spring Rolls,Starter,4,229,916,Credit Card,Rainy,34,141,49,92,229.0,503,Yes,Sunday,Yes,No,Returning,Dine-In,1260.6
3772,2025-01-18,2025-01-18,15:49,Margherita Pizza,Pizza,2,299,598,UPI,Windy,24,101,59,42,299.0,680,Yes,Saturday,Yes,No,Returning,Dine-In,1049.8
3773,2025-01-24,2025-01-24,08:17,Cold Coffee,Beverage,1,149,149,Cash,Windy,20,150,26,124,149.0,375,No,Friday,No,No,Returning,Delivery,484.9
3774,2025-05-21,2025-05-21,13:03,Cold Coffee,Beverage,5,149,745,Debit Card,Windy,21,118,17,101,149.0,744,Yes,Wednesday,No,No,New,Dine-In,1135.5
3775,2025-08-21,2025-08-21,09:47,Paneer Tikka,Starter,4,299,1196,Cash,Rainy,19,137,26,111,299.0,416,Yes,Thursday,No,No,New,Takeaway,1727.6
3776,2025-01-25,2025-01-25,05:49,French Fries,Snacks,3,129,387,Credit Card,Cloudy,25,109,35,74,129.0,448,No,Saturday,Yes,No,New,Delivery,723.7
3777,2025-10-12,2025-10-12,17:32,Veg Biryani,Main Course,1,249,249,Debit Card,Rainy,19,173,56,117,249.0,638,Yes,Sunday,Yes,No,Returning,Dine-In,723.9
3778,2025-04-24,2025-04-24,11:02,Chole Bhature,Main Course,2,199,398,Cash,Windy,34,154,16,138,199.0,558,No,Thursday,No,No,Returning,Takeaway,826.8
3779,2025-09-29,2025-09-29,08:38,Veg Burger,Burger,5,149,745,Credit Card,Rainy,23,159,35,124,149.0,842,No,Monday,No,No,New,Dine-In,1213.5
3780,2025-10-21,2025-10-21,05:50,Cheese Burger,Burger,4,199,796,UPI,Windy,35,105,14,91,199.0,794,Yes,Tuesday,No,No,Returning,Dine-In,1265.6
3781,2025-01-02,2025-01-02,05:44,Veg Burger,Burger,5,149,745,Debit Card,Windy,19,118,14,104,149.0,820,No,Thursday,No,Yes,New,Takeaway,1004.5
3782,2025-02-02,2025-02-02,18:14,Farmhouse Pizza,Pizza,2,399,798,Debit Card,Rainy,34,132,18,114,399.0,560,Yes,Sunday,Yes,Yes,Returning,Delivery,1283.8
3783,2025-12-06,2025-12-06,00:14,Chocolate Shake,Beverage,2,179,358,Debit Card,Rainy,18,132,19,113,179.0,434,No,Saturday,Yes,No,New,Dine-In,873.8
3784,2025-12-30,2025-12-30,14:23,Chole Bhature,Main Course,4,199,796,Credit Card,Cloudy,35,105,48,57,199.0,378,Yes,Tuesday,No,Yes,Returning,Delivery,1331.6
3785,2025-12-16,2025-12-16,22:35,Cold Coffee,Beverage,1,149,149,Debit Card,Cloudy,29,141,42,99,149.0,604,No,Tuesday,No,No,Returning,Dine-In,370.9
3786,2025-06-10,2025-06-10,04:41,Cheese Burger,Burger,4,199,796,Credit Card,Windy,29,104,31,73,199.0,772,No,Tuesday,No,No,New,Delivery,1343.6
3787,2025-01-05,2025-01-05,23:25,Masala Dosa,South Indian,4,199,796,Credit Card,Sunny,32,110,32,78,199.0,676,No,Sunday,Yes,No,New,Delivery,1083.6
3788,2025-08-09,2025-08-09,19:49,French Fries,Snacks,3,129,387,Credit Card,Windy,20,107,33,74,129.0,499,Yes,Saturday,Yes,No,Returning,Takeaway,589.7
3789,2025-07-10,2025-07-10,23:37,Chocolate Shake,Beverage,4,179,716,Debit Card,Rainy,20,151,20,131,179.0,640,No,Thursday,No,No,New,Delivery,887.6
3790,2025-07-03,2025-07-03,22:37,White Sauce Pasta,Pasta,3,249,747,Debit Card,Cloudy,35,169,42,127,249.0,873,Yes,Thursday,No,No,Returning,Dine-In,1127.7
3791,2025-04-14,2025-04-14,11:11,Margherita Pizza,Pizza,5,299,1495,UPI,Rainy,25,119,46,73,299.0,461,Yes,Monday,No,No,New,Dine-In,1890.5
3792,2025-05-03,2025-05-03,04:30,Veg Burger,Burger,5,149,745,UPI,Rainy,21,122,49,73,149.0,870,Yes,Saturday,Yes,No,Returning,Takeaway,1039.5
3793,2025-10-04,2025-10-04,22:40,Veg Biryani,Main Course,3,249,747,UPI,Sunny,32,123,57,66,249.0,576,No,Saturday,Yes,No,Returning,Delivery,1128.7
3794,2025-06-10,2025-06-10,11:51,Veg Sandwich,Snacks,5,179,895,UPI,Windy,29,98,14,84,179.0,819,Yes,Tuesday,No,No,New,Dine-In,1235.5
3795,2025-12-05,2025-12-05,12:24,Veg Sandwich,Snacks,3,179,537,Credit Card,Rainy,25,169,26,143,179.0,829,No,Friday,No,No,Returning,Dine-In,765.7
3796,2025-06-05,2025-06-05,09:51,French Fries,Snacks,2,129,258,Cash,Sunny,32,116,11,105,129.0,620,Yes,Thursday,No,Yes,Returning,Delivery,640.8
3797,2025-10-30,2025-10-30,02:36,White Sauce Pasta,Pasta,5,249,1245,UPI,Rainy,30,107,53,54,249.0,579,Yes,Thursday,No,No,New,Delivery,1805.5
3798,2025-04-10,2025-04-10,06:54,Veg Sandwich,Snacks,2,179,358,Debit Card,Sunny,24,95,24,71,179.0,508,Yes,Thursday,No,No,Returning,Delivery,805.8
3799,2025-08-20,2025-08-20,12:53,Chocolate Shake,Beverage,5,179,895,UPI,Windy,29,99,26,73,179.0,577,Yes,Wednesday,No,No,Returning,Delivery,1194.5
3800,2025-04-19,2025-04-19,07:04,Cheese Burger,Burger,4,199,796,UPI,Cloudy,24,177,42,135,199.0,865,Yes,Saturday,Yes,No,Returning,Dine-In,1190.6
3801,2025-07-30,2025-07-30,12:33,Cheese Burger,Burger,4,199,796,UPI,Windy,18,121,51,70,199.0,629,No,Wednesday,No,No,New,Takeaway,1369.6
3802,2025-07-09,2025-07-09,20:41,Chocolate Shake,Beverage,4,179,716,Credit Card,Sunny,21,94,38,56,179.0,650,No,Wednesday,No,No,Returning,Delivery,1197.6
3803,2025-12-19,2025-12-19,22:28,Margherita Pizza,Pizza,1,299,299,Cash,Windy,22,114,33,81,299.0,497,Yes,Friday,No,No,Returning,Takeaway,740.9
3804,2025-03-08,2025-03-08,01:07,Veg Burger,Burger,4,149,596,UPI,Cloudy,25,147,48,99,149.0,402,No,Saturday,Yes,No,Returning,Delivery,1097.6
3805,2025-07-19,2025-07-19,17:51,Veg Burger,Burger,1,149,149,UPI,Sunny,32,107,22,85,149.0,589,Yes,Saturday,Yes,No,Returning,Dine-In,538.9
3806,2025-08-16,2025-08-16,07:20,Cold Coffee,Beverage,4,149,596,UPI,Rainy,19,113,57,56,149.0,357,Yes,Saturday,Yes,No,New,Dine-In,983.6
3807,2025-08-03,2025-08-03,10:48,Farmhouse Pizza,Pizza,1,399,399,Credit Card,Rainy,29,143,51,92,399.0,321,Yes,Sunday,Yes,No,New,Dine-In,785.9
3808,2025-09-26,2025-09-26,18:48,Paneer Tikka,Starter,1,299,299,UPI,Rainy,29,171,29,142,299.0,733,No,Friday,No,Yes,Returning,Dine-In,574.9
3809,2025-12-05,2025-12-05,15:24,White Sauce Pasta,Pasta,1,249,249,Credit Card,Windy,28,165,41,124,249.0,404,Yes,Friday,No,Yes,Returning,Dine-In,544.9
3810,2025-05-18,2025-05-18,15:34,Soft Drink,Beverage,2,79,158,Credit Card,Sunny,21,119,27,92,79.0,863,Yes,Sunday,Yes,No,Returning,Takeaway,585.8
3811,2025-11-11,2025-11-11,14:59,White Sauce Pasta,Pasta,3,249,747,Debit Card,Rainy,26,125,46,79,249.0,524,Yes,Tuesday,No,No,Returning,Takeaway,1152.7
3812,2025-10-30,2025-10-30,14:11,Chocolate Shake,Beverage,4,179,716,Debit Card,Sunny,32,174,24,150,179.0,574,No,Thursday,No,No,New,Takeaway,1127.6
3813,2025-10-02,2025-10-02,05:25,Soft Drink,Beverage,2,79,158,Cash,Windy,19,105,48,57,79.0,474,Yes,Thursday,No,No,Returning,Delivery,295.8
3814,2025-06-10,2025-06-10,17:23,Soft Drink,Beverage,4,79,316,Debit Card,Sunny,20,164,52,112,79.0,514,No,Tuesday,No,No,New,Dine-In,840.6
3815,2025-12-16,2025-12-16,18:58,Farmhouse Pizza,Pizza,3,399,1197,UPI,Cloudy,28,96,58,38,399.0,465,No,Tuesday,No,No,Returning,Delivery,1597.7
3816,2025-10-14,2025-10-14,23:43,Spring Rolls,Starter,2,229,458,Debit Card,Windy,25,158,24,134,229.0,743,Yes,Tuesday,No,No,Returning,Delivery,733.8
3817,2025-07-12,2025-07-12,00:04,Farmhouse Pizza,Pizza,3,399,1197,UPI,Windy,21,85,49,36,399.0,401,No,Saturday,Yes,No,Returning,Delivery,1799.7
3818,2025-03-07,2025-03-07,20:27,Cheese Burger,Burger,2,199,398,Debit Card,Windy,26,145,10,135,199.0,835,No,Friday,No,No,New,Dine-In,555.8
3819,2025-08-20,2025-08-20,08:02,Chole Bhature,Main Course,2,199,398,UPI,Windy,25,102,25,77,199.0,520,No,Wednesday,No,No,Returning,Takeaway,877.8
3820,2025-05-03,2025-05-03,10:28,Spring Rolls,Starter,4,229,916,Credit Card,Cloudy,30,123,35,88,229.0,604,Yes,Saturday,Yes,No,New,Delivery,1446.6
3821,2025-05-31,2025-05-31,09:08,Masala Dosa,South Indian,1,199,199,Cash,Windy,29,165,33,132,199.0,504,No,Saturday,Yes,No,New,Dine-In,490.9
3822,2025-10-05,2025-10-05,09:31,French Fries,Snacks,4,129,516,Credit Card,Rainy,33,143,36,107,129.0,803,Yes,Sunday,Yes,No,Returning,Takeaway,836.6
3823,2025-04-03,2025-04-03,07:39,Farmhouse Pizza,Pizza,3,399,1197,Credit Card,Cloudy,24,138,35,103,399.0,332,Yes,Thursday,No,No,New,Takeaway,1586.7
3824,2025-09-17,2025-09-17,01:12,Margherita Pizza,Pizza,2,299,598,Credit Card,Rainy,22,128,31,97,299.0,734,No,Wednesday,No,No,Returning,Delivery,887.8
3825,2025-08-23,2025-08-23,09:28,Soft Drink,Beverage,1,79,79,UPI,Rainy,35,145,16,129,79.0,486,No,Saturday,Yes,No,Returning,Dine-In,390.9
3826,2025-03-18,2025-03-18,09:17,Margherita Pizza,Pizza,1,299,299,Debit Card,Sunny,28,154,21,133,299.0,741,No,Tuesday,No,No,Returning,Delivery,432.9
3827,2025-04-13,2025-04-13,19:39,Farmhouse Pizza,Pizza,2,399,798,Cash,Sunny,31,81,50,31,399.0,896,Yes,Sunday,Yes,No,New,Dine-In,1156.8
3828,2025-08-28,2025-08-28,13:09,Veg Sandwich,Snacks,5,179,895,Cash,Sunny,35,87,20,67,179.0,411,No,Thursday,No,No,New,Delivery,1221.5
3829,2025-03-12,2025-03-12,23:12,Paneer Tikka,Starter,4,299,1196,Debit Card,Cloudy,22,168,41,127,299.0,313,No,Wednesday,No,No,New,Delivery,1685.6
3830,2025-11-20,2025-11-20,23:45,Veg Burger,Burger,5,149,745,Credit Card,Rainy,21,110,42,68,149.0,557,No,Thursday,No,No,Returning,Delivery,1138.5
3831,2025-10-02,2025-10-02,02:23,Soft Drink,Beverage,5,79,395,Debit Card,Windy,31,132,12,120,79.0,658,Yes,Thursday,No,No,Returning,Dine-In,716.5
3832,2025-08-08,2025-08-08,00:33,Farmhouse Pizza,Pizza,2,399,798,UPI,Cloudy,21,163,18,145,399.0,462,No,Friday,No,No,Returning,Takeaway,1101.8
3833,2025-03-22,2025-03-22,14:24,Farmhouse Pizza,Pizza,4,399,1596,UPI,Rainy,23,164,43,121,399.0,717,Yes,Saturday,Yes,No,New,Delivery,1995.6
3834,2025-05-30,2025-05-30,20:56,Chole Bhature,Main Course,5,199,995,Cash,Rainy,25,141,10,131,199.0,346,Yes,Friday,No,No,New,Delivery,1349.5
3835,2025-10-04,2025-10-04,02:13,Paneer Tikka,Starter,1,299,299,UPI,Rainy,29,144,27,117,299.0,623,Yes,Saturday,Yes,No,New,Dine-In,742.9
3836,2025-03-20,2025-03-20,02:37,Soft Drink,Beverage,4,79,316,Credit Card,Windy,31,180,30,150,79.0,813,Yes,Thursday,No,No,Returning,Delivery,811.6
3837,2025-05-23,2025-05-23,14:43,Masala Dosa,South Indian,3,199,597,Credit Card,Cloudy,24,156,43,113,199.0,882,Yes,Friday,No,No,Returning,Takeaway,874.7
3838,2025-06-01,2025-06-01,03:46,Cold Coffee,Beverage,4,149,596,UPI,Sunny,19,171,12,159,149.0,408,No,Sunday,Yes,Yes,Returning,Delivery,847.6
3839,2025-07-06,2025-07-06,21:55,Spring Rolls,Starter,2,229,458,UPI,Windy,33,179,42,137,229.0,785,Yes,Sunday,Yes,No,Returning,Dine-In,707.8
3840,2025-01-26,2025-01-26,05:33,Chocolate Shake,Beverage,1,179,179,UPI,Cloudy,29,131,52,79,179.0,487,No,Sunday,Yes,No,New,Takeaway,429.9
3841,2025-12-22,2025-12-22,03:59,Cheese Burger,Burger,1,199,199,Credit Card,Cloudy,18,97,33,64,199.0,426,No,Monday,No,Yes,Returning,Dine-In,371.9
3842,2025-07-08,2025-07-08,15:22,Masala Dosa,South Indian,4,199,796,Debit Card,Windy,26,144,31,113,199.0,408,Yes,Tuesday,No,No,Returning,Takeaway,1248.6
3843,2025-08-27,2025-08-27,02:15,Masala Dosa,South Indian,5,199,995,Cash,Cloudy,21,148,26,122,199.0,675,Yes,Wednesday,No,No,Returning,Takeaway,1387.5
3844,2025-06-23,2025-06-23,15:35,Paneer Tikka,Starter,5,299,1495,UPI,Rainy,20,132,35,97,299.0,864,Yes,Monday,No,No,Returning,Delivery,1898.5
3845,2025-11-03,2025-11-03,00:29,Cheese Burger,Burger,5,199,995,UPI,Cloudy,20,144,57,87,199.0,390,Yes,Monday,No,No,New,Dine-In,1348.5
3846,2025-03-11,2025-03-11,16:19,Soft Drink,Beverage,1,79,79,Debit Card,Cloudy,25,157,55,102,79.0,494,No,Tuesday,No,No,Returning,Takeaway,314.9
3847,2025-07-08,2025-07-08,02:28,Cheese Burger,Burger,4,199,796,Debit Card,Windy,19,91,24,67,199.0,629,No,Tuesday,No,No,New,Delivery,985.6
3848,2025-01-02,2025-01-02,21:49,Soft Drink,Beverage,4,79,316,Debit Card,Cloudy,20,106,39,67,79.0,780,Yes,Thursday,No,No,Returning,Dine-In,832.6
3849,2025-01-20,2025-01-20,15:11,Masala Dosa,South Indian,1,199,199,Cash,Cloudy,25,114,18,96,199.0,616,Yes,Monday,No,No,Returning,Dine-In,596.9
3850,2025-07-25,2025-07-25,16:40,Farmhouse Pizza,Pizza,2,399,798,Credit Card,Cloudy,29,120,55,65,399.0,723,No,Friday,No,No,New,Dine-In,1063.8
3851,2025-12-02,2025-12-02,14:17,Spring Rolls,Starter,4,229,916,Credit Card,Cloudy,33,139,24,115,229.0,589,Yes,Tuesday,No,No,New,Delivery,1414.6
3852,2025-10-13,2025-10-13,11:33,Chole Bhature,Main Course,4,199,796,Credit Card,Cloudy,18,153,21,132,199.0,426,No,Monday,No,No,New,Dine-In,1287.6
3853,2025-07-01,2025-07-01,02:57,White Sauce Pasta,Pasta,1,249,249,Cash,Cloudy,34,103,32,71,249.0,790,No,Tuesday,No,No,New,Takeaway,718.9
3854,2025-01-10,2025-01-10,21:45,Chocolate Shake,Beverage,3,179,537,Debit Card,Cloudy,29,163,44,119,179.0,339,Yes,Friday,No,No,Returning,Takeaway,1034.7
3855,2025-06-05,2025-06-05,20:46,Spring Rolls,Starter,3,229,687,UPI,Sunny,25,90,11,79,229.0,632,No,Thursday,No,No,New,Delivery,882.7
3856,2025-11-19,2025-11-19,22:32,Paneer Tikka,Starter,5,299,1495,Cash,Windy,35,174,35,139,299.0,363,Yes,Wednesday,No,No,New,Takeaway,2055.5
3857,2025-11-30,2025-11-30,23:20,Spring Rolls,Starter,1,229,229,UPI,Cloudy,27,172,21,151,229.0,857,Yes,Sunday,Yes,No,New,Delivery,401.9
3858,2025-10-23,2025-10-23,20:02,Masala Dosa,South Indian,1,199,199,Cash,Rainy,21,117,28,89,199.0,314,No,Thursday,No,No,New,Delivery,531.9
3859,2025-08-01,2025-08-01,00:05,Spring Rolls,Starter,2,229,458,Debit Card,Sunny,25,158,56,102,229.0,829,No,Friday,No,No,New,Dine-In,720.8
3860,2025-08-18,2025-08-18,09:49,Cold Coffee,Beverage,1,149,149,Credit Card,Windy,23,115,46,69,149.0,521,No,Monday,No,No,New,Dine-In,277.9
3861,2025-07-31,2025-07-31,03:36,Veg Biryani,Main Course,4,249,996,Credit Card,Windy,34,175,14,161,249.0,755,Yes,Thursday,No,Yes,Returning,Delivery,1429.6
3862,2025-07-10,2025-07-10,15:12,Veg Biryani,Main Course,4,249,996,Cash,Windy,28,170,45,125,249.0,768,Yes,Thursday,No,No,New,Takeaway,1511.6
3863,2025-01-06,2025-01-06,01:51,Chole Bhature,Main Course,2,199,398,UPI,Cloudy,25,177,26,151,199.0,717,No,Monday,No,No,Returning,Takeaway,724.8
3864,2025-03-05,2025-03-05,10:02,White Sauce Pasta,Pasta,3,249,747,Cash,Sunny,23,139,38,101,249.0,641,No,Wednesday,No,No,New,Takeaway,1131.7
3865,2025-12-28,2025-12-28,17:43,Chole Bhature,Main Course,5,199,995,UPI,Rainy,26,97,21,76,199.0,384,No,Sunday,Yes,No,Returning,Delivery,1551.5
3866,2025-08-23,2025-08-23,14:19,French Fries,Snacks,4,129,516,Debit Card,Sunny,24,128,16,112,129.0,875,Yes,Saturday,Yes,No,New,Dine-In,1002.6
3867,2025-12-21,2025-12-21,09:14,Chole Bhature,Main Course,4,199,796,Debit Card,Sunny,35,120,30,90,199.0,513,No,Sunday,Yes,No,New,Dine-In,1336.6
3868,2025-09-13,2025-09-13,11:59,French Fries,Snacks,3,129,387,Cash,Windy,26,168,14,154,129.0,473,No,Saturday,Yes,No,Returning,Dine-In,599.7
3869,2025-07-03,2025-07-03,11:10,Masala Dosa,South Indian,3,199,597,Cash,Rainy,35,91,15,76,199.0,878,Yes,Thursday,No,No,New,Delivery,1044.7
3870,2025-03-17,2025-03-17,05:28,Masala Dosa,South Indian,1,199,199,Cash,Windy,21,178,48,130,199.0,879,Yes,Monday,No,No,New,Takeaway,624.9
3871,2025-01-08,2025-01-08,03:24,Soft Drink,Beverage,2,79,158,Credit Card,Cloudy,21,82,31,51,79.0,705,No,Wednesday,No,No,New,Delivery,443.8
3872,2025-03-12,2025-03-12,16:02,Soft Drink,Beverage,5,79,395,UPI,Windy,26,110,20,90,79.0,643,No,Wednesday,No,No,New,Delivery,834.5
3873,2025-08-31,2025-08-31,21:15,French Fries,Snacks,5,129,645,Credit Card,Cloudy,19,107,42,65,129.0,882,Yes,Sunday,Yes,Yes,Returning,Dine-In,1126.5
3874,2025-07-09,2025-07-09,17:52,Chole Bhature,Main Course,5,199,995,Cash,Windy,33,180,32,148,199.0,394,Yes,Wednesday,No,Yes,Returning,Dine-In,1566.5
3875,2025-06-22,2025-06-22,22:50,Paneer Tikka,Starter,2,299,598,Credit Card,Windy,30,176,42,134,299.0,696,Yes,Sunday,Yes,No,New,Takeaway,1124.8
3876,2025-10-25,2025-10-25,17:06,Chole Bhature,Main Course,4,199,796,Debit Card,Windy,25,85,54,31,199.0,863,Yes,Saturday,Yes,No,New,Takeaway,1127.6
3877,2025-03-04,2025-03-04,08:53,Chocolate Shake,Beverage,5,179,895,Credit Card,Windy,26,155,11,144,179.0,581,Yes,Tuesday,No,No,Returning,Takeaway,1204.5
3878,2025-10-24,2025-10-24,18:14,Cold Coffee,Beverage,5,149,745,UPI,Windy,33,158,15,143,149.0,681,No,Friday,No,No,New,Takeaway,977.5
3879,2025-12-20,2025-12-20,21:57,Chocolate Shake,Beverage,1,179,179,Debit Card,Rainy,31,98,49,49,179.0,478,Yes,Saturday,Yes,Yes,Returning,Delivery,654.9
3880,2025-11-05,2025-11-05,05:37,Chole Bhature,Main Course,4,199,796,Debit Card,Rainy,34,170,54,116,199.0,331,Yes,Wednesday,No,No,Returning,Delivery,999.6
3881,2025-09-27,2025-09-27,01:33,Cheese Burger,Burger,1,199,199,Debit Card,Cloudy,26,108,23,85,199.0,716,No,Saturday,Yes,No,New,Delivery,385.9
3882,2025-10-28,2025-10-28,20:32,French Fries,Snacks,5,129,645,Debit Card,Sunny,32,173,28,145,129.0,390,No,Tuesday,No,No,Returning,Delivery,997.5
3883,2025-04-30,2025-04-30,19:58,Farmhouse Pizza,Pizza,5,399,1995,Credit Card,Windy,26,155,28,127,399.0,596,Yes,Wednesday,No,Yes,Returning,Delivery,2600.5
3884,2025-12-18,2025-12-18,09:30,Margherita Pizza,Pizza,1,299,299,Credit Card,Sunny,33,91,30,61,299.0,328,Yes,Thursday,No,No,New,Takeaway,513.9
3885,2025-11-19,2025-11-19,15:01,Cheese Burger,Burger,5,199,995,Cash,Sunny,26,109,51,58,199.0,887,No,Wednesday,No,No,New,Takeaway,1317.5
3886,2025-04-20,2025-04-20,04:43,Chole Bhature,Main Course,4,199,796,Cash,Windy,24,99,31,68,199.0,338,Yes,Sunday,Yes,No,New,Takeaway,1108.6
3887,2025-06-17,2025-06-17,18:48,Cold Coffee,Beverage,5,149,745,UPI,Rainy,33,144,22,122,149.0,857,Yes,Tuesday,No,No,New,Dine-In,1011.5
3888,2025-08-08,2025-08-08,00:41,Margherita Pizza,Pizza,2,299,598,Credit Card,Rainy,29,99,13,86,299.0,607,Yes,Friday,No,No,Returning,Delivery,822.8
3889,2025-12-03,2025-12-03,00:51,Paneer Tikka,Starter,2,299,598,UPI,Windy,25,157,37,120,299.0,672,Yes,Wednesday,No,No,New,Dine-In,986.8
3890,2025-01-20,2025-01-20,03:33,Farmhouse Pizza,Pizza,4,399,1596,Debit Card,Sunny,34,153,23,130,399.0,646,Yes,Monday,No,No,New,Takeaway,2109.6
3891,2025-05-29,2025-05-29,17:09,Soft Drink,Beverage,5,79,395,Debit Card,Rainy,29,156,44,112,79.0,364,Yes,Thursday,No,No,New,Delivery,900.5
3892,2025-08-01,2025-08-01,06:16,Chocolate Shake,Beverage,2,179,358,Cash,Sunny,21,95,16,79,179.0,583,Yes,Friday,No,No,Returning,Dine-In,525.8
3893,2025-06-17,2025-06-17,07:40,French Fries,Snacks,2,129,258,Cash,Sunny,35,91,40,51,129.0,888,No,Tuesday,No,No,Returning,Delivery,423.8
3894,2025-08-14,2025-08-14,15:51,Margherita Pizza,Pizza,3,299,897,Debit Card,Windy,35,82,37,45,299.0,711,Yes,Thursday,No,No,New,Takeaway,1188.7
3895,2025-06-06,2025-06-06,10:16,Masala Dosa,South Indian,4,199,796,Debit Card,Sunny,28,177,42,135,199.0,322,No,Friday,No,No,New,Delivery,1041.6
3896,2025-09-18,2025-09-18,07:17,Cheese Burger,Burger,2,199,398,Debit Card,Sunny,25,148,57,91,199.0,729,No,Thursday,No,Yes,New,Delivery,662.8
3897,2025-12-06,2025-12-06,21:37,Veg Burger,Burger,5,149,745,Debit Card,Cloudy,35,127,43,84,149.0,900,Yes,Saturday,Yes,No,New,Dine-In,1138.5
3898,2025-08-24,2025-08-24,08:49,Paneer Tikka,Starter,2,299,598,Credit Card,Rainy,32,129,45,84,299.0,710,No,Sunday,Yes,Yes,Returning,Delivery,1009.8
3899,2025-07-02,2025-07-02,13:05,Paneer Tikka,Starter,3,299,897,Debit Card,Sunny,33,93,29,64,299.0,597,No,Wednesday,No,No,Returning,Delivery,1465.7
3900,2025-05-09,2025-05-09,03:19,Chocolate Shake,Beverage,3,179,537,UPI,Rainy,26,130,16,114,179.0,361,Yes,Friday,No,No,Returning,Dine-In,1059.7
3901,2025-08-30,2025-08-30,03:49,White Sauce Pasta,Pasta,5,249,1245,Debit Card,Windy,31,99,32,67,249.0,717,Yes,Saturday,Yes,No,Returning,Dine-In,1861.5
3902,2025-02-19,2025-02-19,16:29,Paneer Tikka,Starter,2,299,598,Cash,Windy,21,144,47,97,299.0,454,No,Wednesday,No,No,New,Takeaway,836.8
3903,2025-05-09,2025-05-09,19:44,Veg Biryani,Main Course,1,249,249,Cash,Windy,18,116,26,90,249.0,532,Yes,Friday,No,No,Returning,Dine-In,764.9
3904,2025-01-03,2025-01-03,12:20,Paneer Tikka,Starter,4,299,1196,Cash,Windy,28,112,10,102,299.0,362,Yes,Friday,No,No,Returning,Dine-In,1766.6
3905,2025-09-28,2025-09-28,00:05,Cold Coffee,Beverage,3,149,447,Cash,Sunny,35,141,53,88,149.0,374,No,Sunday,Yes,No,New,Delivery,746.7
3906,2025-12-25,2025-12-25,01:03,Chole Bhature,Main Course,2,199,398,UPI,Sunny,20,84,24,60,199.0,458,No,Thursday,No,No,New,Delivery,824.8
3907,2025-05-16,2025-05-16,21:04,Cheese Burger,Burger,3,199,597,Credit Card,Sunny,27,82,13,69,199.0,757,Yes,Friday,No,No,Returning,Dine-In,894.7
3908,2025-01-28,2025-01-28,04:30,French Fries,Snacks,1,129,129,UPI,Windy,21,123,53,70,129.0,587,No,Tuesday,No,No,Returning,Dine-In,517.9
3909,2025-01-13,2025-01-13,13:29,Masala Dosa,South Indian,1,199,199,Credit Card,Windy,34,168,47,121,199.0,492,Yes,Monday,No,No,New,Delivery,417.9
3910,2025-09-17,2025-09-17,02:28,Soft Drink,Beverage,1,79,79,Debit Card,Rainy,22,91,35,56,79.0,425,No,Wednesday,No,No,New,Dine-In,292.9
3911,2025-11-19,2025-11-19,18:54,Soft Drink,Beverage,3,79,237,Debit Card,Windy,19,152,60,92,79.0,326,Yes,Wednesday,No,No,New,Takeaway,394.7
3912,2025-10-24,2025-10-24,11:44,Spring Rolls,Starter,3,229,687,Debit Card,Rainy,23,123,12,111,229.0,663,No,Friday,No,No,Returning,Dine-In,881.7
3913,2025-05-16,2025-05-16,12:02,Cold Coffee,Beverage,3,149,447,Debit Card,Sunny,20,140,54,86,149.0,516,No,Friday,No,No,New,Dine-In,991.7
3914,2025-04-05,2025-04-05,15:27,Soft Drink,Beverage,4,79,316,UPI,Sunny,34,170,11,159,79.0,308,No,Saturday,Yes,No,New,Dine-In,503.6
3915,2025-02-01,2025-02-01,18:48,Soft Drink,Beverage,5,79,395,Debit Card,Rainy,21,173,23,150,79.0,507,Yes,Saturday,Yes,No,Returning,Dine-In,919.5
3916,2025-04-26,2025-04-26,10:39,Chole Bhature,Main Course,4,199,796,Credit Card,Cloudy,26,114,59,55,199.0,643,No,Saturday,Yes,Yes,New,Dine-In,1069.6
3917,2025-04-11,2025-04-11,10:41,French Fries,Snacks,5,129,645,Cash,Cloudy,23,136,32,104,129.0,633,No,Friday,No,Yes,New,Delivery,1124.5
3918,2025-05-03,2025-05-03,13:20,Masala Dosa,South Indian,4,199,796,Credit Card,Windy,20,166,50,116,199.0,815,No,Saturday,Yes,No,Returning,Takeaway,1209.6
3919,2025-08-24,2025-08-24,04:10,Veg Biryani,Main Course,4,249,996,UPI,Sunny,31,86,39,47,249.0,577,Yes,Sunday,Yes,No,Returning,Takeaway,1537.6
3920,2025-02-17,2025-02-17,21:25,Margherita Pizza,Pizza,4,299,1196,Cash,Cloudy,28,114,19,95,299.0,373,Yes,Monday,No,No,New,Takeaway,1662.6
3921,2025-01-08,2025-01-08,04:19,Masala Dosa,South Indian,5,199,995,Cash,Rainy,34,114,18,96,199.0,539,No,Wednesday,No,No,Returning,Delivery,1473.5
3922,2025-12-03,2025-12-03,23:04,Farmhouse Pizza,Pizza,4,399,1596,Cash,Cloudy,19,145,24,121,399.0,459,No,Wednesday,No,No,Returning,Takeaway,2079.6
3923,2025-11-16,2025-11-16,15:44,Cheese Burger,Burger,3,199,597,Cash,Sunny,34,141,39,102,199.0,636,No,Sunday,Yes,No,New,Dine-In,1098.7
3924,2025-03-08,2025-03-08,19:32,Chole Bhature,Main Course,4,199,796,Debit Card,Cloudy,30,120,39,81,199.0,662,Yes,Saturday,Yes,No,Returning,Delivery,1370.6
3925,2025-11-07,2025-11-07,08:28,Spring Rolls,Starter,3,229,687,Credit Card,Rainy,33,178,40,138,229.0,469,No,Friday,No,No,New,Takeaway,1136.7
3926,2025-07-20,2025-07-20,23:31,Veg Biryani,Main Course,1,249,249,Cash,Sunny,32,166,14,152,249.0,476,No,Sunday,Yes,No,New,Takeaway,503.9
3927,2025-04-30,2025-04-30,14:38,Paneer Tikka,Starter,5,299,1495,Credit Card,Cloudy,31,86,49,37,299.0,468,No,Wednesday,No,No,New,Delivery,1821.5
3928,2025-02-20,2025-02-20,19:04,Farmhouse Pizza,Pizza,5,399,1995,Credit Card,Windy,24,88,37,51,399.0,821,No,Thursday,No,No,Returning,Delivery,2584.5
3929,2025-02-23,2025-02-23,11:55,Farmhouse Pizza,Pizza,1,399,399,Cash,Sunny,28,179,60,119,399.0,624,Yes,Sunday,Yes,No,New,Delivery,849.9
3930,2025-05-05,2025-05-05,14:03,French Fries,Snacks,3,129,387,UPI,Sunny,32,84,47,37,129.0,387,No,Monday,No,No,New,Delivery,854.7
3931,2025-03-12,2025-03-12,08:21,Margherita Pizza,Pizza,2,299,598,Cash,Cloudy,29,176,46,130,299.0,590,No,Wednesday,No,No,Returning,Delivery,771.8
3932,2025-10-30,2025-10-30,07:34,White Sauce Pasta,Pasta,4,249,996,Cash,Cloudy,28,162,55,107,249.0,414,Yes,Thursday,No,No,Returning,Takeaway,1378.6
3933,2025-07-24,2025-07-24,14:02,Spring Rolls,Starter,1,229,229,Debit Card,Sunny,26,167,29,138,229.0,718,No,Thursday,No,No,Returning,Dine-In,509.9
3934,2025-10-20,2025-10-20,10:59,Soft Drink,Beverage,1,79,79,UPI,Rainy,30,179,17,162,79.0,409,No,Monday,No,No,Returning,Takeaway,564.9
3935,2025-09-18,2025-09-18,08:27,Cheese Burger,Burger,2,199,398,Credit Card,Cloudy,34,106,51,55,199.0,425,No,Thursday,No,No,Returning,Dine-In,931.8
3936,2025-02-25,2025-02-25,02:56,Veg Burger,Burger,1,149,149,UPI,Windy,32,171,33,138,149.0,615,Yes,Tuesday,No,Yes,New,Takeaway,279.9
3937,2025-05-18,2025-05-18,21:18,Veg Biryani,Main Course,1,249,249,Cash,Sunny,20,103,26,77,249.0,786,No,Sunday,Yes,No,New,Takeaway,435.9
3938,2025-05-17,2025-05-17,17:11,Chole Bhature,Main Course,3,199,597,UPI,Cloudy,31,131,10,121,199.0,634,No,Saturday,Yes,No,Returning,Delivery,966.7
3939,2025-11-01,2025-11-01,21:00,Paneer Tikka,Starter,5,299,1495,UPI,Cloudy,21,125,13,112,299.0,419,No,Saturday,Yes,No,New,Delivery,2137.5
3940,2025-05-12,2025-05-12,07:29,Cheese Burger,Burger,3,199,597,Credit Card,Cloudy,23,175,19,156,199.0,376,Yes,Monday,No,Yes,Returning,Takeaway,821.7
3941,2025-11-13,2025-11-13,09:44,Spring Rolls,Starter,3,229,687,Credit Card,Windy,34,163,12,151,229.0,532,No,Thursday,No,No,New,Dine-In,1084.7
3942,2025-10-06,2025-10-06,02:38,Soft Drink,Beverage,2,79,158,Credit Card,Sunny,24,114,16,98,79.0,863,Yes,Monday,No,No,New,Dine-In,283.8
3943,2025-11-13,2025-11-13,07:15,French Fries,Snacks,4,129,516,Debit Card,Cloudy,35,113,30,83,129.0,670,No,Thursday,No,No,Returning,Delivery,872.6
3944,2025-11-22,2025-11-22,20:33,Veg Biryani,Main Course,5,249,1245,Debit Card,Rainy,22,147,43,104,249.0,439,No,Saturday,Yes,No,New,Delivery,1677.5
3945,2025-08-24,2025-08-24,22:43,Spring Rolls,Starter,1,229,229,Cash,Cloudy,30,147,48,99,229.0,793,No,Sunday,Yes,No,Returning,Delivery,407.9
3946,2025-01-23,2025-01-23,23:30,French Fries,Snacks,1,129,129,Cash,Rainy,27,93,52,41,129.0,706,No,Thursday,No,No,Returning,Delivery,419.9
3947,2025-03-08,2025-03-08,18:41,Chocolate Shake,Beverage,1,179,179,Cash,Cloudy,25,84,16,68,179.0,779,No,Saturday,Yes,No,Returning,Delivery,605.9
3948,2025-12-05,2025-12-05,08:34,White Sauce Pasta,Pasta,1,249,249,Debit Card,Windy,23,121,37,84,249.0,382,No,Friday,No,No,Returning,Delivery,594.9
3949,2025-08-06,2025-08-06,06:47,Veg Sandwich,Snacks,5,179,895,Cash,Cloudy,30,112,15,97,179.0,758,Yes,Wednesday,No,No,Returning,Dine-In,1455.5
3950,2025-02-13,2025-02-13,14:20,Soft Drink,Beverage,3,79,237,UPI,Rainy,26,161,56,105,79.0,634,No,Thursday,No,Yes,New,Delivery,659.7
3951,2025-12-26,2025-12-26,21:25,Chole Bhature,Main Course,2,199,398,Cash,Cloudy,23,149,53,96,199.0,605,No,Friday,No,No,Returning,Takeaway,718.8
3952,2025-06-03,2025-06-03,10:39,Masala Dosa,South Indian,2,199,398,Debit Card,Cloudy,24,172,14,158,199.0,433,Yes,Tuesday,No,No,New,Dine-In,826.8
3953,2025-12-12,2025-12-12,19:05,French Fries,Snacks,5,129,645,UPI,Sunny,31,117,22,95,129.0,387,Yes,Friday,No,No,New,Dine-In,1116.5
3954,2025-11-18,2025-11-18,01:46,Veg Sandwich,Snacks,3,179,537,Cash,Windy,32,97,54,43,179.0,407,Yes,Tuesday,No,No,New,Dine-In,948.7
3955,2025-12-31,2025-12-31,04:13,Paneer Tikka,Starter,2,299,598,UPI,Windy,19,136,42,94,299.0,521,No,Wednesday,No,No,New,Delivery,957.8
3956,2025-10-06,2025-10-06,03:55,Cold Coffee,Beverage,1,149,149,Debit Card,Windy,29,128,25,103,149.0,367,Yes,Monday,No,No,New,Delivery,644.9
3957,2025-12-19,2025-12-19,21:13,Cheese Burger,Burger,3,199,597,Cash,Cloudy,29,106,37,69,199.0,561,Yes,Friday,No,No,New,Takeaway,932.7
3958,2025-03-11,2025-03-11,17:17,Veg Burger,Burger,2,149,298,Debit Card,Sunny,24,138,18,120,149.0,787,No,Tuesday,No,No,New,Dine-In,565.8
3959,2025-07-11,2025-07-11,15:26,Veg Biryani,Main Course,4,249,996,UPI,Rainy,33,114,34,80,249.0,425,No,Friday,No,No,Returning,Takeaway,1287.6
3960,2025-07-31,2025-07-31,13:31,Masala Dosa,South Indian,2,199,398,Credit Card,Cloudy,35,165,14,151,199.0,521,Yes,Thursday,No,No,New,Delivery,541.8
3961,2025-08-02,2025-08-02,00:41,Spring Rolls,Starter,3,229,687,UPI,Windy,27,121,58,63,229.0,516,No,Saturday,Yes,No,Returning,Delivery,962.7
3962,2025-06-03,2025-06-03,02:21,Veg Biryani,Main Course,4,249,996,UPI,Sunny,30,102,14,88,249.0,641,Yes,Tuesday,No,No,New,Delivery,1204.6
3963,2025-06-20,2025-06-20,16:48,Margherita Pizza,Pizza,3,299,897,Credit Card,Rainy,28,132,20,112,299.0,310,Yes,Friday,No,No,Returning,Takeaway,1335.7
3964,2025-03-15,2025-03-15,15:54,Masala Dosa,South Indian,3,199,597,Credit Card,Sunny,26,114,12,102,199.0,608,No,Saturday,Yes,No,Returning,Dine-In,974.7
3965,2025-11-21,2025-11-21,06:39,Cold Coffee,Beverage,2,149,298,Credit Card,Windy,30,180,42,138,149.0,388,No,Friday,No,No,Returning,Takeaway,492.8
3966,2025-01-02,2025-01-02,10:38,Spring Rolls,Starter,5,229,1145,Cash,Windy,19,106,22,84,229.0,816,Yes,Thursday,No,No,Returning,Delivery,1504.5
3967,2025-08-19,2025-08-19,01:36,White Sauce Pasta,Pasta,2,249,498,UPI,Cloudy,34,84,55,29,249.0,478,No,Tuesday,No,No,Returning,Takeaway,942.8
3968,2025-12-27,2025-12-27,21:11,Chocolate Shake,Beverage,1,179,179,UPI,Sunny,18,148,46,102,179.0,444,Yes,Saturday,Yes,No,New,Delivery,463.9
3969,2025-01-01,2025-01-01,14:08,French Fries,Snacks,1,129,129,Cash,Rainy,33,109,30,79,129.0,643,Yes,Wednesday,No,No,New,Delivery,244.9
3970,2025-10-12,2025-10-12,10:19,Masala Dosa,South Indian,4,199,796,Debit Card,Sunny,18,109,49,60,199.0,895,No,Sunday,Yes,No,Returning,Delivery,996.6
3971,2025-08-22,2025-08-22,10:45,Soft Drink,Beverage,2,79,158,Debit Card,Sunny,29,96,51,45,79.0,834,Yes,Friday,No,No,New,Delivery,312.8
3972,2025-12-29,2025-12-29,18:28,Veg Biryani,Main Course,3,249,747,Cash,Cloudy,27,142,54,88,249.0,826,Yes,Monday,No,No,New,Delivery,1143.7
3973,2025-04-17,2025-04-17,17:50,Spring Rolls,Starter,4,229,916,Debit Card,Rainy,28,107,55,52,229.0,426,Yes,Thursday,No,No,New,Delivery,1344.6
3974,2025-11-28,2025-11-28,05:54,French Fries,Snacks,1,129,129,Debit Card,Sunny,25,94,51,43,129.0,686,Yes,Friday,No,No,Returning,Dine-In,554.9
3975,2025-02-11,2025-02-11,20:00,Masala Dosa,South Indian,3,199,597,Credit Card,Windy,28,110,52,58,199.0,383,No,Tuesday,No,No,Returning,Delivery,802.7
3976,2025-07-05,2025-07-05,08:27,Paneer Tikka,Starter,3,299,897,UPI,Rainy,28,101,24,77,299.0,611,No,Saturday,Yes,No,Returning,Dine-In,1301.7
3977,2025-05-17,2025-05-17,04:54,Spring Rolls,Starter,5,229,1145,Cash,Sunny,21,91,29,62,229.0,391,Yes,Saturday,Yes,No,New,Delivery,1675.5
3978,2025-10-26,2025-10-26,04:39,White Sauce Pasta,Pasta,3,249,747,Credit Card,Cloudy,31,146,40,106,249.0,304,Yes,Sunday,Yes,No,New,Dine-In,1139.7
3979,2025-02-04,2025-02-04,21:52,Veg Sandwich,Snacks,1,179,179,Cash,Windy,35,162,27,135,179.0,582,No,Tuesday,No,No,New,Takeaway,435.9
3980,2025-01-13,2025-01-13,09:23,Spring Rolls,Starter,5,229,1145,Debit Card,Sunny,35,96,12,84,229.0,406,Yes,Monday,No,No,Returning,Dine-In,1647.5
3981,2025-10-28,2025-10-28,08:11,Veg Burger,Burger,1,149,149,Debit Card,Sunny,34,156,45,111,149.0,835,Yes,Tuesday,No,No,Returning,Dine-In,438.9
3982,2025-12-18,2025-12-18,01:23,Soft Drink,Beverage,1,79,79,Credit Card,Cloudy,34,167,36,131,79.0,356,No,Thursday,No,Yes,New,Delivery,358.9
3983,2025-10-29,2025-10-29,08:39,Veg Sandwich,Snacks,3,179,537,Debit Card,Sunny,34,112,54,58,179.0,814,No,Wednesday,No,No,New,Delivery,925.7
3984,2025-04-24,2025-04-24,16:09,Cheese Burger,Burger,2,199,398,Credit Card,Windy,31,140,20,120,199.0,407,Yes,Thursday,No,Yes,New,Takeaway,697.8
3985,2025-09-02,2025-09-02,20:19,Paneer Tikka,Starter,5,299,1495,UPI,Rainy,21,121,17,104,299.0,454,No,Tuesday,No,No,New,Takeaway,1826.5
3986,2025-07-04,2025-07-04,04:40,Spring Rolls,Starter,5,229,1145,UPI,Sunny,26,147,46,101,229.0,657,No,Friday,No,Yes,New,Dine-In,1710.5
3987,2025-07-24,2025-07-24,20:38,Chocolate Shake,Beverage,5,179,895,Debit Card,Cloudy,22,91,40,51,179.0,736,Yes,Thursday,No,No,New,Dine-In,1103.5
3988,2025-03-30,2025-03-30,13:37,Paneer Tikka,Starter,5,299,1495,UPI,Cloudy,34,93,37,56,299.0,847,No,Sunday,Yes,No,New,Takeaway,2124.5
3989,2025-06-04,2025-06-04,19:09,Farmhouse Pizza,Pizza,5,399,1995,Cash,Rainy,34,116,15,101,399.0,492,No,Wednesday,No,No,Returning,Takeaway,2682.5
3990,2025-01-17,2025-01-17,17:21,French Fries,Snacks,4,129,516,Cash,Cloudy,23,150,20,130,129.0,649,Yes,Friday,No,No,Returning,Delivery,983.6
3991,2025-11-28,2025-11-28,23:32,Veg Sandwich,Snacks,2,179,358,Credit Card,Sunny,23,162,38,124,179.0,397,No,Friday,No,Yes,Returning,Delivery,740.8
3992,2025-06-29,2025-06-29,12:49,Chole Bhature,Main Course,4,199,796,Cash,Sunny,19,127,60,67,199.0,807,Yes,Sunday,Yes,No,New,Delivery,1114.6
3993,2025-08-13,2025-08-13,12:09,Cheese Burger,Burger,2,199,398,UPI,Windy,30,127,14,113,199.0,818,No,Wednesday,No,No,Returning,Delivery,624.8
3994,2025-10-25,2025-10-25,22:18,Farmhouse Pizza,Pizza,5,399,1995,UPI,Windy,23,102,46,56,399.0,614,No,Saturday,Yes,No,Returning,Dine-In,2575.5
3995,2025-06-01,2025-06-01,11:00,White Sauce Pasta,Pasta,3,249,747,UPI,Windy,27,165,38,127,249.0,550,Yes,Sunday,Yes,No,Returning,Dine-In,992.7
3996,2025-06-21,2025-06-21,19:58,Chocolate Shake,Beverage,1,179,179,UPI,Cloudy,22,94,33,61,179.0,400,Yes,Saturday,Yes,No,Returning,Delivery,631.9
3997,2025-11-30,2025-11-30,04:01,Soft Drink,Beverage,3,79,237,Debit Card,Rainy,22,87,50,37,79.0,669,No,Sunday,Yes,No,Returning,Delivery,598.7
3998,2025-01-27,2025-01-27,11:03,Veg Biryani,Main Course,1,249,249,Credit Card,Sunny,32,115,12,103,249.0,688,No,Monday,No,No,New,Delivery,703.9
3999,2025-04-28,2025-04-28,19:03,Cheese Burger,Burger,2,199,398,Credit Card,Rainy,35,90,39,51,199.0,409,No,Monday,No,No,New,Takeaway,723.8
4000,2025-01-16,2025-01-16,20:57,Veg Biryani,Main Course,2,249,498,Credit Card,Sunny,18,109,34,75,249.0,695,Yes,Thursday,No,No,Returning,Dine-In,779.8
4001,2025-05-28,2025-05-28,05:46,French Fries,Snacks,5,129,645,Credit Card,Cloudy,33,138,15,123,129.0,671,Yes,Wednesday,No,No,New,Delivery,1207.5
4002,2025-07-29,2025-07-29,11:49,Veg Burger,Burger,1,149,149,Debit Card,Sunny,31,157,19,138,149.0,858,No,Tuesday,No,No,Returning,Takeaway,473.9
4003,2025-11-22,2025-11-22,06:28,Chocolate Shake,Beverage,3,179,537,Cash,Windy,30,121,54,67,179.0,551,Yes,Saturday,Yes,No,New,Delivery,863.7
4004,2025-01-21,2025-01-21,03:51,White Sauce Pasta,Pasta,1,249,249,UPI,Sunny,34,94,27,67,249.0,463,Yes,Tuesday,No,No,New,Delivery,660.9
4005,2025-04-29,2025-04-29,10:31,Soft Drink,Beverage,3,79,237,Cash,Cloudy,33,81,40,41,79.0,499,Yes,Tuesday,No,No,Returning,Dine-In,636.7
4006,2025-07-16,2025-07-16,20:00,Farmhouse Pizza,Pizza,2,399,798,Cash,Rainy,31,109,15,94,399.0,571,Yes,Wednesday,No,Yes,Returning,Dine-In,1219.8
4007,2025-12-22,2025-12-22,21:38,Veg Sandwich,Snacks,5,179,895,Cash,Cloudy,22,178,34,144,179.0,481,No,Monday,No,No,Returning,Dine-In,1401.5
4008,2025-02-14,2025-02-14,01:31,French Fries,Snacks,5,129,645,UPI,Sunny,21,87,56,31,129.0,857,Yes,Friday,No,No,New,Delivery,901.5
4009,2025-01-25,2025-01-25,12:54,Soft Drink,Beverage,2,79,158,Cash,Cloudy,29,88,39,49,79.0,479,No,Saturday,Yes,No,Returning,Takeaway,647.8
4010,2025-04-04,2025-04-04,19:52,Masala Dosa,South Indian,5,199,995,Credit Card,Cloudy,32,89,10,79,199.0,887,No,Friday,No,No,Returning,Takeaway,1591.5
4011,2025-11-01,2025-11-01,08:27,Paneer Tikka,Starter,1,299,299,Credit Card,Rainy,24,119,14,105,299.0,523,Yes,Saturday,Yes,Yes,Returning,Takeaway,650.9
4012,2025-01-26,2025-01-26,06:06,Soft Drink,Beverage,2,79,158,Cash,Windy,18,156,50,106,79.0,830,Yes,Sunday,Yes,No,Returning,Dine-In,627.8
4013,2025-08-07,2025-08-07,00:38,Cheese Burger,Burger,5,199,995,Credit Card,Windy,21,179,15,164,199.0,884,Yes,Thursday,No,No,Returning,Dine-In,1476.5
4014,2025-06-01,2025-06-01,15:09,Veg Burger,Burger,4,149,596,Debit Card,Sunny,32,137,35,102,149.0,821,No,Sunday,Yes,No,New,Takeaway,868.6
4015,2025-11-29,2025-11-29,19:48,Soft Drink,Beverage,3,79,237,Debit Card,Cloudy,34,163,28,135,79.0,683,Yes,Saturday,Yes,No,Returning,Takeaway,455.7
4016,2025-11-26,2025-11-26,11:39,Spring Rolls,Starter,1,229,229,Cash,Sunny,22,114,22,92,229.0,505,Yes,Wednesday,No,Yes,New,Delivery,699.9
4017,2025-04-07,2025-04-07,13:36,Masala Dosa,South Indian,3,199,597,Debit Card,Cloudy,30,93,11,82,199.0,515,No,Monday,No,No,Returning,Dine-In,965.7
4018,2025-04-06,2025-04-06,05:14,Chole Bhature,Main Course,2,199,398,Debit Card,Windy,25,114,55,59,199.0,357,Yes,Sunday,Yes,No,New,Delivery,720.8
4019,2025-12-07,2025-12-07,12:04,Paneer Tikka,Starter,2,299,598,Cash,Windy,18,134,50,84,299.0,386,Yes,Sunday,Yes,No,New,Takeaway,1059.8
4020,2025-09-30,2025-09-30,13:18,Farmhouse Pizza,Pizza,1,399,399,UPI,Cloudy,18,129,24,105,399.0,597,Yes,Tuesday,No,No,Returning,Dine-In,608.9
4021,2025-08-24,2025-08-24,17:56,Veg Sandwich,Snacks,5,179,895,Cash,Windy,31,95,54,41,179.0,521,No,Sunday,Yes,No,New,Takeaway,1334.5
4022,2025-07-04,2025-07-04,17:58,French Fries,Snacks,1,129,129,UPI,Rainy,23,167,18,149,129.0,397,Yes,Friday,No,No,Returning,Delivery,506.9
4023,2025-01-10,2025-01-10,06:54,Soft Drink,Beverage,1,79,79,Cash,Cloudy,22,129,33,96,79.0,809,Yes,Friday,No,No,Returning,Takeaway,433.9
4024,2025-11-25,2025-11-25,22:24,Chocolate Shake,Beverage,5,179,895,Cash,Windy,21,138,34,104,179.0,518,No,Tuesday,No,No,New,Takeaway,1199.5
4025,2025-05-11,2025-05-11,17:47,Cheese Burger,Burger,2,199,398,Credit Card,Sunny,31,97,29,68,199.0,523,Yes,Sunday,Yes,No,Returning,Takeaway,864.8
4026,2025-09-18,2025-09-18,19:38,Margherita Pizza,Pizza,3,299,897,Credit Card,Sunny,32,114,12,102,299.0,592,Yes,Thursday,No,No,New,Dine-In,1212.7
4027,2025-01-20,2025-01-20,00:01,Paneer Tikka,Starter,1,299,299,Debit Card,Sunny,34,96,26,70,299.0,312,Yes,Monday,No,No,New,Delivery,741.9
4028,2025-03-26,2025-03-26,06:40,Veg Biryani,Main Course,4,249,996,Credit Card,Cloudy,24,112,27,85,249.0,543,Yes,Wednesday,No,No,New,Delivery,1524.6
4029,2025-03-06,2025-03-06,22:04,Spring Rolls,Starter,4,229,916,Cash,Cloudy,25,100,23,77,229.0,607,Yes,Thursday,No,No,Returning,Delivery,1507.6
4030,2025-11-15,2025-11-15,17:00,Cold Coffee,Beverage,3,149,447,Cash,Rainy,19,117,57,60,149.0,867,Yes,Saturday,Yes,No,New,Delivery,926.7
4031,2025-04-23,2025-04-23,19:32,Chole Bhature,Main Course,3,199,597,UPI,Windy,21,110,56,54,199.0,533,Yes,Wednesday,No,Yes,New,Dine-In,1018.7
4032,2025-06-07,2025-06-07,16:21,Spring Rolls,Starter,4,229,916,Cash,Windy,35,100,13,87,229.0,705,No,Saturday,Yes,No,New,Dine-In,1199.6
4033,2025-08-31,2025-08-31,23:10,French Fries,Snacks,2,129,258,Credit Card,Windy,34,149,11,138,129.0,630,Yes,Sunday,Yes,No,Returning,Takeaway,759.8
4034,2025-07-18,2025-07-18,01:28,Soft Drink,Beverage,1,79,79,Credit Card,Sunny,35,158,23,135,79.0,897,No,Friday,No,No,Returning,Dine-In,285.9
4035,2025-03-13,2025-03-13,07:08,Veg Sandwich,Snacks,1,179,179,Debit Card,Sunny,33,97,34,63,179.0,867,No,Thursday,No,No,Returning,Dine-In,529.9
4036,2025-02-23,2025-02-23,05:07,Veg Burger,Burger,1,149,149,Credit Card,Windy,31,96,36,60,149.0,590,No,Sunday,Yes,No,Returning,Takeaway,464.9
4037,2025-01-26,2025-01-26,05:42,Masala Dosa,South Indian,2,199,398,Debit Card,Sunny,27,137,53,84,199.0,536,Yes,Sunday,Yes,Yes,Returning,Takeaway,601.8
4038,2025-11-25,2025-11-25,18:10,Veg Sandwich,Snacks,1,179,179,Cash,Rainy,29,166,56,110,179.0,853,No,Tuesday,No,No,Returning,Delivery,491.9
4039,2025-09-12,2025-09-12,00:24,French Fries,Snacks,4,129,516,Cash,Cloudy,33,136,23,113,129.0,731,No,Friday,No,No,New,Takeaway,874.6
4040,2025-08-02,2025-08-02,18:46,Veg Sandwich,Snacks,5,179,895,Cash,Windy,23,141,25,116,179.0,467,No,Saturday,Yes,No,Returning,Takeaway,1482.5
4041,2025-01-24,2025-01-24,04:09,Veg Biryani,Main Course,3,249,747,UPI,Windy,22,134,11,123,249.0,320,Yes,Friday,No,Yes,Returning,Dine-In,1182.7
4042,2025-08-23,2025-08-23,14:46,Soft Drink,Beverage,1,79,79,Credit Card,Sunny,24,174,21,153,79.0,793,No,Saturday,Yes,No,New,Delivery,429.9
4043,2025-05-19,2025-05-19,07:30,Masala Dosa,South Indian,2,199,398,UPI,Cloudy,29,155,40,115,199.0,701,No,Monday,No,No,New,Takeaway,934.8
4044,2025-06-10,2025-06-10,07:06,Soft Drink,Beverage,3,79,237,Credit Card,Rainy,26,125,19,106,79.0,714,No,Tuesday,No,No,New,Delivery,476.7
4045,2025-09-06,2025-09-06,15:39,Soft Drink,Beverage,5,79,395,Cash,Sunny,19,101,18,83,79.0,534,Yes,Saturday,Yes,No,Returning,Takeaway,829.5
4046,2025-09-09,2025-09-09,01:06,White Sauce Pasta,Pasta,5,249,1245,Cash,Windy,18,122,26,96,249.0,661,No,Tuesday,No,Yes,Returning,Delivery,1583.5
4047,2025-12-24,2025-12-24,16:38,Veg Sandwich,Snacks,3,179,537,UPI,Windy,25,140,42,98,179.0,730,No,Wednesday,No,No,Returning,Delivery,922.7
4048,2025-06-08,2025-06-08,04:35,Chocolate Shake,Beverage,2,179,358,Credit Card,Windy,34,112,43,69,179.0,357,Yes,Sunday,Yes,No,New,Delivery,833.8
4049,2025-12-31,2025-12-31,07:37,Cold Coffee,Beverage,4,149,596,Cash,Sunny,24,94,59,35,149.0,551,Yes,Wednesday,No,No,New,Dine-In,756.6
4050,2025-01-30,2025-01-30,12:11,Veg Sandwich,Snacks,2,179,358,UPI,Cloudy,35,143,24,119,179.0,774,Yes,Thursday,No,No,Returning,Dine-In,620.8
4051,2025-10-17,2025-10-17,08:05,Spring Rolls,Starter,5,229,1145,Debit Card,Windy,20,153,24,129,229.0,626,No,Friday,No,No,Returning,Dine-In,1362.5
4052,2025-12-10,2025-12-10,01:14,French Fries,Snacks,4,129,516,UPI,Cloudy,33,128,31,97,129.0,490,No,Wednesday,No,No,Returning,Takeaway,676.6
4053,2025-07-27,2025-07-27,18:43,Paneer Tikka,Starter,2,299,598,Debit Card,Sunny,30,117,38,79,299.0,403,No,Sunday,Yes,Yes,Returning,Takeaway,1044.8
4054,2025-09-13,2025-09-13,20:18,Soft Drink,Beverage,2,79,158,Cash,Cloudy,31,112,10,102,79.0,532,No,Saturday,Yes,No,Returning,Dine-In,510.8
4055,2025-12-28,2025-12-28,09:42,Farmhouse Pizza,Pizza,4,399,1596,Cash,Sunny,23,179,52,127,399.0,510,Yes,Sunday,Yes,Yes,Returning,Delivery,2218.6
4056,2025-02-13,2025-02-13,22:53,Cheese Burger,Burger,4,199,796,Debit Card,Windy,28,96,10,86,199.0,367,No,Thursday,No,No,Returning,Dine-In,1132.6
4057,2025-07-25,2025-07-25,02:08,Soft Drink,Beverage,2,79,158,UPI,Windy,23,169,60,109,79.0,325,Yes,Friday,No,No,Returning,Dine-In,609.8
4058,2025-06-16,2025-06-16,23:46,Cheese Burger,Burger,3,199,597,UPI,Windy,33,121,11,110,199.0,376,No,Monday,No,No,Returning,Delivery,913.7
4059,2025-01-28,2025-01-28,20:52,Margherita Pizza,Pizza,5,299,1495,UPI,Windy,31,119,16,103,299.0,428,No,Tuesday,No,No,Returning,Delivery,1784.5
4060,2025-01-20,2025-01-20,22:41,Masala Dosa,South Indian,1,199,199,Debit Card,Sunny,27,131,37,94,199.0,803,No,Monday,No,No,Returning,Dine-In,460.9
4061,2025-10-16,2025-10-16,15:13,Margherita Pizza,Pizza,3,299,897,Credit Card,Sunny,26,168,51,117,299.0,752,Yes,Thursday,No,Yes,New,Takeaway,1334.7
4062,2025-09-05,2025-09-05,00:51,Spring Rolls,Starter,1,229,229,UPI,Rainy,31,141,59,82,229.0,406,No,Friday,No,No,Returning,Takeaway,465.9
4063,2025-06-16,2025-06-16,09:48,Cheese Burger,Burger,5,199,995,UPI,Windy,32,117,57,60,199.0,594,Yes,Monday,No,No,Returning,Takeaway,1577.5
4064,2025-03-11,2025-03-11,18:40,Veg Sandwich,Snacks,1,179,179,Debit Card,Sunny,24,175,16,159,179.0,505,Yes,Tuesday,No,No,New,Delivery,672.9
4065,2025-02-13,2025-02-13,22:36,French Fries,Snacks,1,129,129,Credit Card,Windy,21,156,51,105,129.0,839,No,Thursday,No,Yes,Returning,Takeaway,243.9
4066,2025-03-22,2025-03-22,19:38,Chocolate Shake,Beverage,5,179,895,UPI,Windy,20,169,31,138,179.0,522,No,Saturday,Yes,No,New,Takeaway,1129.5
4067,2025-10-01,2025-10-01,05:52,Cold Coffee,Beverage,4,149,596,Cash,Cloudy,23,87,22,65,149.0,387,No,Wednesday,No,No,Returning,Delivery,941.6
4068,2025-07-03,2025-07-03,22:01,Masala Dosa,South Indian,2,199,398,Cash,Sunny,29,149,43,106,199.0,479,No,Thursday,No,No,New,Dine-In,819.8
4069,2025-09-04,2025-09-04,16:50,Soft Drink,Beverage,2,79,158,Cash,Sunny,21,119,38,81,79.0,660,No,Thursday,No,No,Returning,Takeaway,369.8
4070,2025-01-25,2025-01-25,12:44,Spring Rolls,Starter,2,229,458,Debit Card,Sunny,24,89,29,60,229.0,426,Yes,Saturday,Yes,No,Returning,Takeaway,960.8
4071,2025-03-11,2025-03-11,08:49,Margherita Pizza,Pizza,4,299,1196,UPI,Cloudy,29,135,46,89,299.0,894,Yes,Tuesday,No,No,Returning,Dine-In,1772.6
4072,2025-08-01,2025-08-01,15:34,Margherita Pizza,Pizza,5,299,1495,Cash,Cloudy,27,178,20,158,299.0,824,Yes,Friday,No,No,Returning,Takeaway,1779.5
4073,2025-02-06,2025-02-06,22:28,French Fries,Snacks,3,129,387,Debit Card,Sunny,28,98,11,87,129.0,546,Yes,Thursday,No,No,Returning,Takeaway,685.7
4074,2025-10-09,2025-10-09,22:34,Soft Drink,Beverage,1,79,79,UPI,Windy,30,178,51,127,79.0,528,No,Thursday,No,No,Returning,Delivery,385.9
4075,2025-05-10,2025-05-10,05:03,White Sauce Pasta,Pasta,5,249,1245,Credit Card,Cloudy,23,83,45,38,249.0,526,Yes,Saturday,Yes,No,New,Dine-In,1673.5
4076,2025-08-13,2025-08-13,00:20,Cold Coffee,Beverage,4,149,596,Credit Card,Windy,18,137,37,100,149.0,811,No,Wednesday,No,No,Returning,Dine-In,830.6
4077,2025-06-08,2025-06-08,17:50,French Fries,Snacks,3,129,387,Debit Card,Windy,23,142,54,88,129.0,825,No,Sunday,Yes,No,Returning,Dine-In,560.7
4078,2025-07-26,2025-07-26,08:23,Veg Burger,Burger,2,149,298,UPI,Cloudy,29,160,46,114,149.0,493,Yes,Saturday,Yes,Yes,Returning,Dine-In,629.8
4079,2025-08-28,2025-08-28,13:41,French Fries,Snacks,5,129,645,UPI,Cloudy,28,180,27,153,129.0,437,Yes,Thursday,No,No,New,Delivery,1048.5
4080,2025-01-02,2025-01-02,02:03,Soft Drink,Beverage,3,79,237,Credit Card,Rainy,18,95,49,46,79.0,833,Yes,Thursday,No,No,Returning,Delivery,568.7
4081,2025-04-09,2025-04-09,09:35,French Fries,Snacks,2,129,258,Credit Card,Sunny,30,131,45,86,129.0,455,No,Wednesday,No,No,New,Delivery,709.8
4082,2025-09-27,2025-09-27,16:19,French Fries,Snacks,3,129,387,Debit Card,Sunny,34,136,23,113,129.0,459,Yes,Saturday,Yes,No,New,Takeaway,730.7
4083,2025-10-05,2025-10-05,23:27,White Sauce Pasta,Pasta,5,249,1245,Credit Card,Windy,32,154,45,109,249.0,303,Yes,Sunday,Yes,No,New,Delivery,1844.5
4084,2025-05-25,2025-05-25,07:20,Soft Drink,Beverage,3,79,237,Debit Card,Windy,28,120,29,91,79.0,830,No,Sunday,Yes,No,New,Takeaway,589.7
4085,2025-03-02,2025-03-02,01:43,Soft Drink,Beverage,5,79,395,Credit Card,Cloudy,28,142,43,99,79.0,585,No,Sunday,Yes,No,Returning,Dine-In,757.5
4086,2025-08-05,2025-08-05,16:33,Chocolate Shake,Beverage,4,179,716,Debit Card,Sunny,34,121,48,73,179.0,801,No,Tuesday,No,Yes,Returning,Dine-In,1232.6
4087,2025-11-17,2025-11-17,02:23,White Sauce Pasta,Pasta,2,249,498,Debit Card,Cloudy,26,165,33,132,249.0,308,Yes,Monday,No,No,New,Dine-In,943.8
4088,2025-10-16,2025-10-16,12:42,Soft Drink,Beverage,3,79,237,Credit Card,Sunny,30,98,13,85,79.0,781,Yes,Thursday,No,No,New,Dine-In,654.7
4089,2025-07-22,2025-07-22,01:07,Soft Drink,Beverage,1,79,79,Debit Card,Windy,26,88,50,38,79.0,865,Yes,Tuesday,No,No,New,Delivery,218.9
4090,2025-07-11,2025-07-11,13:07,Farmhouse Pizza,Pizza,3,399,1197,UPI,Cloudy,21,90,45,45,399.0,628,Yes,Friday,No,No,Returning,Takeaway,1783.7
4091,2025-11-20,2025-11-20,03:22,Farmhouse Pizza,Pizza,2,399,798,Cash,Rainy,26,138,58,80,399.0,475,Yes,Thursday,No,No,New,Takeaway,1034.8
4092,2025-01-01,2025-01-01,23:38,Spring Rolls,Starter,1,229,229,UPI,Rainy,26,82,50,32,229.0,613,No,Wednesday,No,No,New,Takeaway,354.9
4093,2025-09-27,2025-09-27,13:13,Margherita Pizza,Pizza,3,299,897,Credit Card,Rainy,33,99,47,52,299.0,653,Yes,Saturday,Yes,No,Returning,Delivery,1168.7
4094,2025-04-13,2025-04-13,21:10,Veg Burger,Burger,2,149,298,Debit Card,Sunny,29,174,43,131,149.0,407,No,Sunday,Yes,No,Returning,Dine-In,612.8
4095,2025-08-27,2025-08-27,01:01,French Fries,Snacks,2,129,258,UPI,Sunny,34,153,25,128,129.0,544,Yes,Wednesday,No,No,New,Delivery,724.8
4096,2025-12-30,2025-12-30,11:33,Veg Sandwich,Snacks,1,179,179,Cash,Windy,25,147,42,105,179.0,473,Yes,Tuesday,No,No,New,Takeaway,574.9
4097,2025-12-05,2025-12-05,01:18,Veg Burger,Burger,5,149,745,UPI,Sunny,21,178,33,145,149.0,770,No,Friday,No,No,Returning,Dine-In,1179.5
4098,2025-03-21,2025-03-21,10:44,Chole Bhature,Main Course,3,199,597,UPI,Cloudy,34,90,32,58,199.0,751,No,Friday,No,No,Returning,Takeaway,806.7
4099,2025-11-11,2025-11-11,16:11,Veg Burger,Burger,3,149,447,Credit Card,Rainy,20,102,58,44,149.0,735,No,Tuesday,No,No,Returning,Takeaway,613.7
4100,2025-03-31,2025-03-31,16:43,Spring Rolls,Starter,3,229,687,Cash,Sunny,18,111,45,66,229.0,710,No,Monday,No,No,New,Dine-In,867.7
4101,2025-05-25,2025-05-25,00:31,Chocolate Shake,Beverage,1,179,179,Debit Card,Cloudy,31,114,10,104,179.0,524,Yes,Sunday,Yes,Yes,New,Takeaway,399.9
4102,2025-09-08,2025-09-08,09:47,Farmhouse Pizza,Pizza,4,399,1596,Cash,Rainy,22,102,15,87,399.0,846,Yes,Monday,No,No,New,Delivery,2090.6
4103,2025-03-06,2025-03-06,08:06,Cheese Burger,Burger,5,199,995,UPI,Windy,24,103,11,92,199.0,492,No,Thursday,No,Yes,New,Delivery,1510.5
4104,2025-12-19,2025-12-19,03:57,Masala Dosa,South Indian,3,199,597,Cash,Sunny,24,140,52,88,199.0,429,No,Friday,No,No,New,Dine-In,883.7
4105,2025-06-01,2025-06-01,21:43,Veg Sandwich,Snacks,2,179,358,Debit Card,Rainy,18,151,51,100,179.0,787,No,Sunday,Yes,No,Returning,Takeaway,541.8
4106,2025-08-11,2025-08-11,17:15,Cheese Burger,Burger,2,199,398,UPI,Sunny,23,168,38,130,199.0,418,No,Monday,No,No,New,Dine-In,828.8
4107,2025-01-14,2025-01-14,08:58,Margherita Pizza,Pizza,1,299,299,Cash,Cloudy,32,83,28,55,299.0,829,No,Tuesday,No,No,New,Takeaway,753.9
4108,2025-03-05,2025-03-05,13:42,Farmhouse Pizza,Pizza,4,399,1596,Credit Card,Cloudy,20,137,55,82,399.0,765,Yes,Wednesday,No,Yes,New,Delivery,2064.6
4109,2025-03-08,2025-03-08,23:49,White Sauce Pasta,Pasta,5,249,1245,Credit Card,Rainy,24,115,22,93,249.0,445,No,Saturday,Yes,Yes,Returning,Takeaway,1728.5
4110,2025-10-02,2025-10-02,03:53,Paneer Tikka,Starter,1,299,299,Debit Card,Sunny,18,85,50,35,299.0,887,Yes,Thursday,No,No,New,Dine-In,511.9
4111,2025-01-28,2025-01-28,16:40,Chole Bhature,Main Course,3,199,597,UPI,Windy,34,91,55,36,199.0,688,Yes,Tuesday,No,No,New,Dine-In,1135.7
4112,2025-01-06,2025-01-06,14:50,Veg Burger,Burger,1,149,149,Cash,Windy,33,134,50,84,149.0,336,No,Monday,No,No,Returning,Dine-In,512.9
4113,2025-12-16,2025-12-16,15:00,French Fries,Snacks,4,129,516,Credit Card,Sunny,30,104,29,75,129.0,562,Yes,Tuesday,No,No,Returning,Takeaway,888.6
4114,2025-10-30,2025-10-30,19:57,Masala Dosa,South Indian,3,199,597,Cash,Windy,30,154,47,107,199.0,851,Yes,Thursday,No,No,New,Takeaway,949.7
4115,2025-04-17,2025-04-17,21:28,Farmhouse Pizza,Pizza,2,399,798,Cash,Windy,19,129,30,99,399.0,453,Yes,Thursday,No,No,New,Dine-In,1367.8
4116,2025-10-20,2025-10-20,04:40,Veg Sandwich,Snacks,1,179,179,UPI,Sunny,18,104,41,63,179.0,694,No,Monday,No,No,Returning,Takeaway,491.9
4117,2025-01-17,2025-01-17,14:09,Margherita Pizza,Pizza,4,299,1196,Debit Card,Sunny,32,125,10,115,299.0,428,No,Friday,No,No,New,Takeaway,1583.6
4118,2025-07-25,2025-07-25,15:25,White Sauce Pasta,Pasta,4,249,996,Debit Card,Windy,35,99,10,89,249.0,896,Yes,Friday,No,No,New,Dine-In,1419.6
4119,2025-02-12,2025-02-12,14:28,French Fries,Snacks,2,129,258,Debit Card,Rainy,33,142,29,113,129.0,809,Yes,Wednesday,No,No,New,Delivery,568.8
4120,2025-09-18,2025-09-18,18:51,Soft Drink,Beverage,5,79,395,Cash,Windy,24,83,10,73,79.0,725,Yes,Thursday,No,No,New,Dine-In,607.5
4121,2025-06-23,2025-06-23,22:53,Farmhouse Pizza,Pizza,1,399,399,Credit Card,Rainy,26,126,49,77,399.0,483,No,Monday,No,No,New,Delivery,646.9
4122,2025-05-28,2025-05-28,04:14,Chole Bhature,Main Course,3,199,597,UPI,Rainy,34,175,38,137,199.0,755,Yes,Wednesday,No,No,New,Dine-In,930.7
4123,2025-02-28,2025-02-28,22:51,Soft Drink,Beverage,1,79,79,Cash,Cloudy,32,166,35,131,79.0,447,Yes,Friday,No,No,New,Delivery,533.9
4124,2025-11-11,2025-11-11,13:36,White Sauce Pasta,Pasta,5,249,1245,Credit Card,Sunny,19,104,56,48,249.0,451,Yes,Tuesday,No,No,New,Dine-In,1760.5
4125,2025-03-05,2025-03-05,15:03,Paneer Tikka,Starter,5,299,1495,Debit Card,Sunny,33,150,59,91,299.0,439,Yes,Wednesday,No,No,New,Takeaway,1972.5
4126,2025-09-11,2025-09-11,01:02,Cold Coffee,Beverage,5,149,745,Debit Card,Cloudy,20,134,51,83,149.0,720,No,Thursday,No,No,Returning,Dine-In,1169.5
4127,2025-12-20,2025-12-20,16:03,Farmhouse Pizza,Pizza,2,399,798,Credit Card,Sunny,27,154,51,103,399.0,307,No,Saturday,Yes,Yes,New,Delivery,1345.8
4128,2025-07-23,2025-07-23,10:05,Chole Bhature,Main Course,1,199,199,Credit Card,Windy,33,90,53,37,199.0,808,Yes,Wednesday,No,No,Returning,Takeaway,551.9
4129,2025-12-02,2025-12-02,02:10,White Sauce Pasta,Pasta,5,249,1245,Debit Card,Sunny,25,82,27,55,249.0,872,No,Tuesday,No,No,New,Delivery,1709.5
4130,2025-12-26,2025-12-26,16:25,Masala Dosa,South Indian,1,199,199,Credit Card,Cloudy,24,104,20,84,199.0,552,No,Friday,No,No,Returning,Takeaway,468.9
4131,2025-10-01,2025-10-01,23:41,Cheese Burger,Burger,2,199,398,Debit Card,Rainy,23,177,25,152,199.0,785,No,Wednesday,No,No,New,Delivery,587.8
4132,2025-02-17,2025-02-17,23:16,Masala Dosa,South Indian,4,199,796,Credit Card,Rainy,35,108,11,97,199.0,723,No,Monday,No,No,New,Delivery,1167.6
4133,2025-12-27,2025-12-27,16:29,Masala Dosa,South Indian,5,199,995,UPI,Rainy,27,154,33,121,199.0,592,Yes,Saturday,Yes,No,Returning,Dine-In,1329.5
4134,2025-03-16,2025-03-16,18:52,Margherita Pizza,Pizza,1,299,299,Debit Card,Cloudy,35,127,15,112,299.0,748,Yes,Sunday,Yes,No,Returning,Takeaway,811.9
4135,2025-02-13,2025-02-13,01:03,Paneer Tikka,Starter,5,299,1495,Credit Card,Cloudy,22,105,11,94,299.0,512,No,Thursday,No,No,New,Delivery,2021.5
4136,2025-12-31,2025-12-31,14:03,Paneer Tikka,Starter,3,299,897,Cash,Cloudy,22,122,49,73,299.0,852,Yes,Wednesday,No,No,New,Dine-In,1481.7
4137,2025-10-12,2025-10-12,12:47,White Sauce Pasta,Pasta,4,249,996,Cash,Cloudy,22,138,26,112,249.0,513,Yes,Sunday,Yes,No,Returning,Takeaway,1212.6
4138,2025-04-01,2025-04-01,19:39,Margherita Pizza,Pizza,3,299,897,Debit Card,Windy,19,118,14,104,299.0,407,Yes,Tuesday,No,Yes,New,Delivery,1130.7
4139,2025-01-04,2025-01-04,14:14,White Sauce Pasta,Pasta,4,249,996,UPI,Windy,23,148,43,105,249.0,886,Yes,Saturday,Yes,No,Returning,Dine-In,1387.6
4140,2025-09-24,2025-09-24,07:31,Chole Bhature,Main Course,1,199,199,Credit Card,Rainy,30,170,20,150,199.0,858,Yes,Wednesday,No,No,New,Dine-In,643.9
4141,2025-08-06,2025-08-06,18:17,Spring Rolls,Starter,2,229,458,Cash,Windy,28,86,10,76,229.0,900,No,Wednesday,No,No,Returning,Delivery,641.8
4142,2025-07-07,2025-07-07,23:42,Veg Biryani,Main Course,4,249,996,UPI,Cloudy,23,105,24,81,249.0,543,No,Monday,No,No,Returning,Dine-In,1486.6
4143,2025-06-04,2025-06-04,06:23,Chocolate Shake,Beverage,2,179,358,Credit Card,Rainy,34,168,24,144,179.0,845,No,Wednesday,No,No,Returning,Delivery,717.8
4144,2025-08-07,2025-08-07,22:22,Spring Rolls,Starter,3,229,687,Debit Card,Cloudy,31,179,26,153,229.0,322,Yes,Thursday,No,No,New,Dine-In,990.7
4145,2025-10-24,2025-10-24,10:07,Veg Sandwich,Snacks,1,179,179,Debit Card,Sunny,21,94,47,47,179.0,802,No,Friday,No,No,New,Takeaway,588.9
4146,2025-08-01,2025-08-01,09:23,French Fries,Snacks,2,129,258,Debit Card,Sunny,26,146,35,111,129.0,583,No,Friday,No,No,Returning,Takeaway,543.8
4147,2025-12-07,2025-12-07,11:18,Chocolate Shake,Beverage,4,179,716,Credit Card,Windy,24,122,26,96,179.0,594,Yes,Sunday,Yes,No,New,Delivery,933.6
4148,2025-09-04,2025-09-04,12:57,Cheese Burger,Burger,1,199,199,Credit Card,Cloudy,20,140,59,81,199.0,581,Yes,Thursday,No,No,Returning,Takeaway,442.9
4149,2025-11-22,2025-11-22,12:15,Veg Sandwich,Snacks,1,179,179,Credit Card,Sunny,21,97,20,77,179.0,428,No,Saturday,Yes,No,New,Delivery,648.9
4150,2025-04-14,2025-04-14,23:05,Farmhouse Pizza,Pizza,5,399,1995,Cash,Windy,18,123,43,80,399.0,897,No,Monday,No,No,New,Takeaway,2404.5
4151,2025-11-09,2025-11-09,14:35,Paneer Tikka,Starter,1,299,299,UPI,Cloudy,24,146,33,113,299.0,469,Yes,Sunday,Yes,No,Returning,Dine-In,698.9
4152,2025-08-11,2025-08-11,15:05,Veg Burger,Burger,5,149,745,UPI,Windy,35,101,36,65,149.0,566,Yes,Monday,No,No,Returning,Takeaway,1025.5
4153,2025-11-28,2025-11-28,08:02,Veg Biryani,Main Course,5,249,1245,Debit Card,Windy,25,91,20,71,249.0,631,No,Friday,No,No,Returning,Delivery,1720.5
4154,2025-06-27,2025-06-27,23:37,Margherita Pizza,Pizza,3,299,897,Cash,Rainy,19,117,54,63,299.0,819,No,Friday,No,No,Returning,Delivery,1137.7
4155,2025-06-10,2025-06-10,10:09,Chocolate Shake,Beverage,4,179,716,UPI,Sunny,31,150,39,111,179.0,726,Yes,Tuesday,No,Yes,New,Dine-In,1041.6
4156,2025-05-26,2025-05-26,21:33,Cold Coffee,Beverage,1,149,149,UPI,Windy,27,157,22,135,149.0,710,No,Monday,No,No,Returning,Delivery,345.9
4157,2025-12-13,2025-12-13,10:36,White Sauce Pasta,Pasta,3,249,747,Credit Card,Cloudy,27,137,56,81,249.0,762,Yes,Saturday,Yes,No,Returning,Dine-In,1039.7
4158,2025-12-16,2025-12-16,23:24,French Fries,Snacks,1,129,129,Cash,Cloudy,25,135,16,119,129.0,325,No,Tuesday,No,No,Returning,Dine-In,252.9
4159,2025-10-29,2025-10-29,14:20,Cheese Burger,Burger,2,199,398,UPI,Cloudy,33,131,59,72,199.0,400,Yes,Wednesday,No,No,Returning,Takeaway,720.8
4160,2025-08-16,2025-08-16,04:39,French Fries,Snacks,5,129,645,UPI,Cloudy,35,103,10,93,129.0,533,No,Saturday,Yes,No,New,Delivery,1026.5
4161,2025-08-27,2025-08-27,04:46,Farmhouse Pizza,Pizza,1,399,399,UPI,Windy,21,122,60,62,399.0,750,Yes,Wednesday,No,No,Returning,Dine-In,848.9
4162,2025-05-28,2025-05-28,16:26,Masala Dosa,South Indian,5,199,995,UPI,Windy,35,86,49,37,199.0,845,No,Wednesday,No,No,New,Dine-In,1427.5
4163,2025-01-28,2025-01-28,10:59,White Sauce Pasta,Pasta,3,249,747,Credit Card,Windy,24,103,38,65,249.0,455,No,Tuesday,No,No,Returning,Dine-In,1103.7
4164,2025-01-11,2025-01-11,06:07,Chocolate Shake,Beverage,5,179,895,Debit Card,Rainy,24,160,37,123,179.0,504,Yes,Saturday,Yes,No,Returning,Dine-In,1115.5
4165,2025-06-09,2025-06-09,07:15,Cold Coffee,Beverage,1,149,149,Debit Card,Rainy,27,138,29,109,149.0,465,No,Monday,No,No,Returning,Delivery,270.9
4166,2025-04-23,2025-04-23,23:58,Cold Coffee,Beverage,4,149,596,Debit Card,Windy,25,96,56,40,149.0,591,Yes,Wednesday,No,No,New,Takeaway,1131.6
4167,2025-07-16,2025-07-16,23:17,Chole Bhature,Main Course,3,199,597,Debit Card,Rainy,35,128,26,102,199.0,715,No,Wednesday,No,No,Returning,Takeaway,824.7
4168,2025-01-16,2025-01-16,05:58,Chocolate Shake,Beverage,4,179,716,Credit Card,Cloudy,19,89,34,55,179.0,832,No,Thursday,No,No,Returning,Dine-In,992.6
4169,2025-09-25,2025-09-25,02:48,Veg Biryani,Main Course,4,249,996,UPI,Cloudy,20,148,59,89,249.0,739,Yes,Thursday,No,No,Returning,Delivery,1257.6
4170,2025-06-20,2025-06-20,20:13,Veg Sandwich,Snacks,5,179,895,Debit Card,Windy,35,81,30,51,179.0,546,Yes,Friday,No,No,New,Dine-In,1195.5
4171,2025-04-27,2025-04-27,16:04,Veg Sandwich,Snacks,2,179,358,Debit Card,Sunny,26,148,20,128,179.0,411,Yes,Sunday,Yes,No,New,Takeaway,699.8
4172,2025-01-09,2025-01-09,15:28,Margherita Pizza,Pizza,1,299,299,Debit Card,Windy,29,133,27,106,299.0,709,No,Thursday,No,No,Returning,Takeaway,654.9
4173,2025-12-19,2025-12-19,22:04,Veg Sandwich,Snacks,3,179,537,UPI,Sunny,23,83,16,67,179.0,846,No,Friday,No,Yes,Returning,Delivery,965.7
4174,2025-08-17,2025-08-17,21:58,Margherita Pizza,Pizza,1,299,299,Cash,Sunny,34,113,40,73,299.0,703,No,Sunday,Yes,No,Returning,Delivery,538.9
4175,2025-12-23,2025-12-23,17:11,Veg Biryani,Main Course,3,249,747,UPI,Rainy,20,113,46,67,249.0,455,Yes,Tuesday,No,No,New,Delivery,938.7
4176,2025-09-14,2025-09-14,02:54,Veg Sandwich,Snacks,2,179,358,Debit Card,Cloudy,22,169,25,144,179.0,373,No,Sunday,Yes,No,New,Takeaway,550.8
4177,2025-10-04,2025-10-04,06:54,Chole Bhature,Main Course,2,199,398,Debit Card,Sunny,19,102,47,55,199.0,524,No,Saturday,Yes,No,New,Takeaway,742.8
4178,2025-09-20,2025-09-20,12:44,Margherita Pizza,Pizza,4,299,1196,UPI,Cloudy,25,173,24,149,299.0,425,No,Saturday,Yes,No,New,Delivery,1431.6
4179,2025-07-24,2025-07-24,21:50,Veg Sandwich,Snacks,2,179,358,UPI,Cloudy,33,176,54,122,179.0,724,Yes,Thursday,No,No,New,Takeaway,851.8
4180,2025-05-18,2025-05-18,16:09,White Sauce Pasta,Pasta,1,249,249,Credit Card,Cloudy,24,153,23,130,249.0,321,No,Sunday,Yes,No,Returning,Dine-In,747.9
4181,2025-03-06,2025-03-06,10:12,Spring Rolls,Starter,1,229,229,UPI,Windy,34,91,47,44,229.0,706,No,Thursday,No,No,Returning,Dine-In,580.9
4182,2025-04-21,2025-04-21,22:59,White Sauce Pasta,Pasta,2,249,498,UPI,Rainy,27,152,40,112,249.0,334,No,Monday,No,No,Returning,Delivery,916.8
4183,2025-08-13,2025-08-13,07:25,Cold Coffee,Beverage,3,149,447,Credit Card,Sunny,31,111,48,63,149.0,613,No,Wednesday,No,No,New,Dine-In,835.7
4184,2025-11-29,2025-11-29,13:12,Chocolate Shake,Beverage,1,179,179,Debit Card,Windy,34,96,36,60,179.0,449,No,Saturday,Yes,No,Returning,Takeaway,350.9
4185,2025-09-12,2025-09-12,09:46,Masala Dosa,South Indian,3,199,597,Cash,Cloudy,27,168,52,116,199.0,345,Yes,Friday,No,No,New,Takeaway,789.7
4186,2025-07-27,2025-07-27,00:55,Masala Dosa,South Indian,4,199,796,Cash,Windy,18,122,14,108,199.0,327,Yes,Sunday,Yes,No,Returning,Delivery,1118.6
4187,2025-03-06,2025-03-06,09:34,Spring Rolls,Starter,2,229,458,Credit Card,Cloudy,19,153,37,116,229.0,650,No,Thursday,No,No,Returning,Takeaway,657.8
4188,2025-08-29,2025-08-29,20:14,Spring Rolls,Starter,5,229,1145,Debit Card,Rainy,30,162,28,134,229.0,645,No,Friday,No,No,New,Delivery,1668.5
4189,2025-06-05,2025-06-05,18:11,Cold Coffee,Beverage,4,149,596,Cash,Rainy,19,134,37,97,149.0,828,Yes,Thursday,No,Yes,Returning,Dine-In,908.6
4190,2025-08-01,2025-08-01,06:37,Margherita Pizza,Pizza,1,299,299,UPI,Cloudy,22,147,26,121,299.0,342,No,Friday,No,Yes,Returning,Takeaway,629.9
4191,2025-12-12,2025-12-12,21:17,Paneer Tikka,Starter,5,299,1495,UPI,Cloudy,20,129,34,95,299.0,665,Yes,Friday,No,Yes,New,Dine-In,1962.5
4192,2025-08-12,2025-08-12,04:20,White Sauce Pasta,Pasta,3,249,747,Debit Card,Rainy,18,148,31,117,249.0,679,No,Tuesday,No,No,New,Dine-In,1015.7
4193,2025-11-07,2025-11-07,17:19,Farmhouse Pizza,Pizza,5,399,1995,Cash,Sunny,23,135,37,98,399.0,757,No,Friday,No,Yes,Returning,Dine-In,2428.5
4194,2025-01-31,2025-01-31,08:22,Chole Bhature,Main Course,3,199,597,Credit Card,Windy,25,113,57,56,199.0,771,No,Friday,No,No,New,Takeaway,937.7
4195,2025-10-13,2025-10-13,00:52,Farmhouse Pizza,Pizza,1,399,399,Cash,Sunny,22,168,46,122,399.0,714,No,Monday,No,No,New,Takeaway,831.9
4196,2025-06-05,2025-06-05,07:43,Cold Coffee,Beverage,4,149,596,UPI,Cloudy,18,124,40,84,149.0,447,Yes,Thursday,No,No,New,Dine-In,1128.6
4197,2025-12-25,2025-12-25,14:59,Farmhouse Pizza,Pizza,1,399,399,Credit Card,Cloudy,35,135,48,87,399.0,611,No,Thursday,No,No,New,Delivery,647.9
4198,2025-06-27,2025-06-27,17:17,Cold Coffee,Beverage,5,149,745,UPI,Windy,34,134,43,91,149.0,414,No,Friday,No,No,Returning,Delivery,1240.5
4199,2025-08-13,2025-08-13,14:52,Masala Dosa,South Indian,5,199,995,UPI,Cloudy,35,117,38,79,199.0,396,No,Wednesday,No,No,Returning,Takeaway,1345.5
4200,2025-05-21,2025-05-21,18:45,Cheese Burger,Burger,4,199,796,Credit Card,Windy,32,82,36,46,199.0,762,Yes,Wednesday,No,No,New,Dine-In,1015.6
4201,2025-06-10,2025-06-10,20:39,Spring Rolls,Starter,3,229,687,Cash,Cloudy,23,157,38,119,229.0,765,Yes,Tuesday,No,No,New,Delivery,1083.7
4202,2025-12-08,2025-12-08,04:46,Veg Biryani,Main Course,4,249,996,Cash,Sunny,30,124,28,96,249.0,731,No,Monday,No,No,New,Takeaway,1236.6
4203,2025-07-05,2025-07-05,21:55,Farmhouse Pizza,Pizza,1,399,399,Debit Card,Windy,19,136,32,104,399.0,361,No,Saturday,Yes,No,New,Takeaway,830.9
4204,2025-08-25,2025-08-25,08:43,Paneer Tikka,Starter,3,299,897,Cash,Windy,32,142,42,100,299.0,322,Yes,Monday,No,No,New,Dine-In,1471.7
4205,2025-01-21,2025-01-21,21:01,French Fries,Snacks,2,129,258,UPI,Sunny,27,129,47,82,129.0,377,No,Tuesday,No,No,Returning,Delivery,587.8
4206,2025-11-22,2025-11-22,13:07,Cold Coffee,Beverage,2,149,298,Credit Card,Rainy,19,111,24,87,149.0,515,Yes,Saturday,Yes,No,Returning,Delivery,501.8
4207,2025-09-30,2025-09-30,03:26,Spring Rolls,Starter,4,229,916,Cash,Cloudy,24,119,25,94,229.0,364,No,Tuesday,No,No,Returning,Dine-In,1269.6
4208,2025-07-05,2025-07-05,09:20,French Fries,Snacks,4,129,516,Debit Card,Cloudy,26,118,16,102,129.0,336,Yes,Saturday,Yes,No,Returning,Delivery,796.6
4209,2025-08-30,2025-08-30,12:54,Veg Biryani,Main Course,4,249,996,Cash,Cloudy,30,101,43,58,249.0,307,No,Saturday,Yes,Yes,New,Dine-In,1522.6
4210,2025-04-09,2025-04-09,01:41,Paneer Tikka,Starter,4,299,1196,Credit Card,Sunny,22,84,47,37,299.0,304,Yes,Wednesday,No,No,Returning,Takeaway,1549.6
4211,2025-08-28,2025-08-28,13:17,Masala Dosa,South Indian,5,199,995,Cash,Rainy,31,99,14,85,199.0,499,No,Thursday,No,No,New,Dine-In,1422.5
4212,2025-07-06,2025-07-06,00:39,Chocolate Shake,Beverage,2,179,358,Debit Card,Sunny,27,147,54,93,179.0,823,Yes,Sunday,Yes,Yes,New,Delivery,610.8
4213,2025-03-31,2025-03-31,12:11,Masala Dosa,South Indian,5,199,995,UPI,Sunny,24,137,39,98,199.0,640,No,Monday,No,No,Returning,Dine-In,1538.5
4214,2025-01-03,2025-01-03,04:59,Farmhouse Pizza,Pizza,1,399,399,Debit Card,Sunny,21,109,18,91,399.0,633,Yes,Friday,No,No,New,Delivery,700.9
4215,2025-11-29,2025-11-29,04:01,Spring Rolls,Starter,5,229,1145,Debit Card,Sunny,34,130,28,102,229.0,826,No,Saturday,Yes,No,Returning,Dine-In,1503.5
4216,2025-05-22,2025-05-22,13:48,French Fries,Snacks,3,129,387,Credit Card,Sunny,34,94,21,73,129.0,417,Yes,Thursday,No,No,Returning,Delivery,841.7
4217,2025-11-16,2025-11-16,03:04,Margherita Pizza,Pizza,3,299,897,Cash,Sunny,18,125,18,107,299.0,415,No,Sunday,Yes,No,New,Dine-In,1164.7
4218,2025-02-18,2025-02-18,11:41,Cheese Burger,Burger,5,199,995,UPI,Rainy,25,142,24,118,199.0,644,Yes,Tuesday,No,No,New,Takeaway,1565.5
4219,2025-04-16,2025-04-16,21:22,Spring Rolls,Starter,3,229,687,Debit Card,Cloudy,30,133,40,93,229.0,505,Yes,Wednesday,No,No,Returning,Takeaway,1191.7
4220,2025-07-28,2025-07-28,19:52,Chole Bhature,Main Course,5,199,995,Debit Card,Rainy,30,100,19,81,199.0,512,No,Monday,No,No,Returning,Dine-In,1328.5
4221,2025-07-20,2025-07-20,05:47,Soft Drink,Beverage,2,79,158,Cash,Windy,29,110,50,60,79.0,356,No,Sunday,Yes,Yes,Returning,Delivery,543.8
4222,2025-08-10,2025-08-10,04:21,Margherita Pizza,Pizza,4,299,1196,Cash,Rainy,19,132,15,117,299.0,647,No,Sunday,Yes,No,New,Dine-In,1615.6
4223,2025-10-03,2025-10-03,20:32,Margherita Pizza,Pizza,5,299,1495,Cash,Rainy,19,109,16,93,299.0,354,No,Friday,No,No,Returning,Takeaway,1780.5
4224,2025-06-25,2025-06-25,23:42,French Fries,Snacks,4,129,516,Cash,Sunny,25,179,60,119,129.0,839,Yes,Wednesday,No,No,New,Dine-In,897.6
4225,2025-11-20,2025-11-20,20:56,Cheese Burger,Burger,2,199,398,Credit Card,Cloudy,21,129,32,97,199.0,302,No,Thursday,No,No,New,Delivery,659.8
4226,2025-05-16,2025-05-16,16:56,Masala Dosa,South Indian,2,199,398,Debit Card,Cloudy,22,170,21,149,199.0,569,No,Friday,No,No,New,Takeaway,688.8
4227,2025-12-12,2025-12-12,15:46,French Fries,Snacks,2,129,258,Debit Card,Rainy,29,122,59,63,129.0,592,Yes,Friday,No,No,Returning,Delivery,729.8
4228,2025-06-27,2025-06-27,14:12,Cheese Burger,Burger,5,199,995,Credit Card,Cloudy,31,175,15,160,199.0,427,No,Friday,No,No,New,Takeaway,1521.5
4229,2025-12-18,2025-12-18,12:06,White Sauce Pasta,Pasta,4,249,996,Cash,Cloudy,21,133,14,119,249.0,582,No,Thursday,No,No,New,Dine-In,1251.6
4230,2025-11-13,2025-11-13,03:29,French Fries,Snacks,5,129,645,Debit Card,Rainy,21,103,22,81,129.0,498,No,Thursday,No,No,Returning,Takeaway,883.5
4231,2025-06-24,2025-06-24,14:58,Veg Biryani,Main Course,1,249,249,UPI,Rainy,32,142,37,105,249.0,550,Yes,Tuesday,No,No,New,Takeaway,759.9
4232,2025-06-19,2025-06-19,21:47,Margherita Pizza,Pizza,2,299,598,Cash,Sunny,19,121,24,97,299.0,805,No,Thursday,No,No,Returning,Takeaway,992.8
4233,2025-08-11,2025-08-11,16:14,Veg Sandwich,Snacks,2,179,358,Debit Card,Sunny,31,95,35,60,179.0,377,Yes,Monday,No,No,New,Dine-In,792.8
4234,2025-01-09,2025-01-09,14:17,Cold Coffee,Beverage,5,149,745,Cash,Rainy,26,152,22,130,149.0,611,No,Thursday,No,No,New,Delivery,1144.5
4235,2025-09-02,2025-09-02,05:41,Veg Sandwich,Snacks,2,179,358,UPI,Sunny,18,124,10,114,179.0,535,Yes,Tuesday,No,Yes,Returning,Takeaway,830.8
4236,2025-01-26,2025-01-26,12:11,Margherita Pizza,Pizza,1,299,299,UPI,Sunny,33,170,28,142,299.0,752,No,Sunday,Yes,Yes,New,Delivery,439.9
4237,2025-08-17,2025-08-17,08:59,White Sauce Pasta,Pasta,2,249,498,UPI,Cloudy,35,135,35,100,249.0,821,No,Sunday,Yes,No,Returning,Delivery,715.8
4238,2025-02-13,2025-02-13,08:16,Cheese Burger,Burger,1,199,199,UPI,Sunny,32,105,32,73,199.0,706,Yes,Thursday,No,No,Returning,Takeaway,364.9
4239,2025-06-29,2025-06-29,04:49,Margherita Pizza,Pizza,5,299,1495,Debit Card,Rainy,28,127,28,99,299.0,887,No,Sunday,Yes,No,New,Dine-In,1852.5
4240,2025-07-21,2025-07-21,07:17,Veg Biryani,Main Course,3,249,747,Debit Card,Sunny,29,81,32,49,249.0,460,Yes,Monday,No,No,New,Delivery,1209.7
4241,2025-09-26,2025-09-26,09:21,White Sauce Pasta,Pasta,1,249,249,Credit Card,Sunny,29,91,30,61,249.0,385,Yes,Friday,No,No,Returning,Delivery,451.9
4242,2025-09-25,2025-09-25,13:28,Spring Rolls,Starter,4,229,916,UPI,Sunny,32,122,49,73,229.0,415,Yes,Thursday,No,Yes,Returning,Delivery,1263.6
4243,2025-12-23,2025-12-23,09:27,Chocolate Shake,Beverage,2,179,358,UPI,Rainy,33,111,43,68,179.0,758,No,Tuesday,No,No,Returning,Takeaway,494.8
4244,2025-07-04,2025-07-04,14:15,Soft Drink,Beverage,2,79,158,Credit Card,Rainy,27,154,33,121,79.0,642,No,Friday,No,No,Returning,Takeaway,397.8
4245,2025-11-22,2025-11-22,23:16,Veg Biryani,Main Course,2,249,498,Credit Card,Rainy,32,142,43,99,249.0,440,Yes,Saturday,Yes,No,Returning,Takeaway,668.8
4246,2025-04-08,2025-04-08,14:16,Paneer Tikka,Starter,5,299,1495,Cash,Sunny,20,113,26,87,299.0,572,Yes,Tuesday,No,No,New,Dine-In,2027.5
4247,2025-04-13,2025-04-13,13:53,Masala Dosa,South Indian,1,199,199,Cash,Cloudy,20,94,35,59,199.0,603,No,Sunday,Yes,No,New,Dine-In,714.9
4248,2025-01-20,2025-01-20,02:10,Paneer Tikka,Starter,5,299,1495,Cash,Rainy,28,108,13,95,299.0,670,No,Monday,No,No,New,Takeaway,1935.5
4249,2025-01-15,2025-01-15,18:44,Margherita Pizza,Pizza,5,299,1495,Cash,Cloudy,20,116,31,85,299.0,485,No,Wednesday,No,Yes,Returning,Takeaway,1812.5
4250,2025-05-17,2025-05-17,11:28,Margherita Pizza,Pizza,1,299,299,UPI,Windy,24,166,56,110,299.0,322,No,Saturday,Yes,Yes,New,Delivery,753.9
4251,2025-12-10,2025-12-10,03:55,Veg Biryani,Main Course,5,249,1245,UPI,Rainy,32,134,49,85,249.0,678,Yes,Wednesday,No,No,New,Dine-In,1543.5
4252,2025-07-22,2025-07-22,07:04,Cheese Burger,Burger,3,199,597,Debit Card,Windy,21,80,45,35,199.0,581,No,Tuesday,No,No,New,Dine-In,944.7
4253,2025-02-14,2025-02-14,04:50,Farmhouse Pizza,Pizza,4,399,1596,UPI,Sunny,25,160,34,126,399.0,306,Yes,Friday,No,No,New,Dine-In,1924.6
4254,2025-09-08,2025-09-08,06:31,White Sauce Pasta,Pasta,1,249,249,Cash,Rainy,33,151,39,112,249.0,722,No,Monday,No,Yes,New,Delivery,730.9
4255,2025-05-09,2025-05-09,17:00,French Fries,Snacks,3,129,387,UPI,Rainy,30,87,25,62,129.0,567,No,Friday,No,No,New,Dine-In,737.7
4256,2025-11-04,2025-11-04,19:12,White Sauce Pasta,Pasta,2,249,498,Debit Card,Windy,30,82,38,44,249.0,900,No,Tuesday,No,No,Returning,Takeaway,722.8
4257,2025-12-19,2025-12-19,08:35,Cold Coffee,Beverage,1,149,149,Credit Card,Sunny,26,147,37,110,149.0,772,Yes,Friday,No,No,New,Takeaway,394.9
4258,2025-08-09,2025-08-09,14:45,Veg Biryani,Main Course,3,249,747,UPI,Windy,31,85,15,70,249.0,341,Yes,Saturday,Yes,No,New,Delivery,1202.7
4259,2025-03-01,2025-03-01,00:57,Soft Drink,Beverage,5,79,395,Cash,Cloudy,20,138,46,92,79.0,885,No,Saturday,Yes,No,New,Delivery,703.5
4260,2025-12-29,2025-12-29,18:48,Margherita Pizza,Pizza,2,299,598,Debit Card,Sunny,33,117,36,81,299.0,885,Yes,Monday,No,No,Returning,Takeaway,851.8
4261,2025-04-30,2025-04-30,19:37,Cold Coffee,Beverage,1,149,149,UPI,Sunny,27,93,25,68,149.0,860,Yes,Wednesday,No,No,New,Dine-In,463.9
4262,2025-10-16,2025-10-16,22:22,Spring Rolls,Starter,1,229,229,Debit Card,Sunny,24,99,34,65,229.0,835,Yes,Thursday,No,No,New,Dine-In,627.9
4263,2025-02-27,2025-02-27,09:08,Cold Coffee,Beverage,1,149,149,Debit Card,Cloudy,18,114,48,66,149.0,892,Yes,Thursday,No,Yes,Returning,Delivery,339.9
4264,2025-01-16,2025-01-16,09:56,Veg Burger,Burger,4,149,596,Debit Card,Cloudy,33,111,16,95,149.0,344,No,Thursday,No,No,Returning,Dine-In,1131.6
4265,2025-01-17,2025-01-17,19:32,White Sauce Pasta,Pasta,3,249,747,UPI,Sunny,29,175,20,155,249.0,514,No,Friday,No,No,Returning,Dine-In,1273.7
4266,2025-10-04,2025-10-04,16:03,Chocolate Shake,Beverage,2,179,358,Debit Card,Cloudy,35,88,60,28,179.0,396,Yes,Saturday,Yes,No,Returning,Dine-In,554.8
4267,2025-08-28,2025-08-28,09:58,Spring Rolls,Starter,2,229,458,Credit Card,Cloudy,26,132,25,107,229.0,363,No,Thursday,No,No,Returning,Dine-In,924.8
4268,2025-08-21,2025-08-21,05:46,Paneer Tikka,Starter,4,299,1196,Cash,Windy,25,153,13,140,299.0,755,Yes,Thursday,No,No,Returning,Takeaway,1472.6
4269,2025-12-27,2025-12-27,10:41,Soft Drink,Beverage,2,79,158,Cash,Sunny,32,163,37,126,79.0,845,No,Saturday,Yes,No,Returning,Dine-In,651.8
4270,2025-04-01,2025-04-01,11:31,Cold Coffee,Beverage,2,149,298,Debit Card,Windy,34,126,53,73,149.0,634,No,Tuesday,No,No,New,Delivery,736.8
4271,2025-08-17,2025-08-17,19:01,Cheese Burger,Burger,3,199,597,Credit Card,Cloudy,18,112,20,92,199.0,864,Yes,Sunday,Yes,No,Returning,Delivery,987.7
4272,2025-10-10,2025-10-10,18:05,Soft Drink,Beverage,1,79,79,UPI,Sunny,35,89,21,68,79.0,734,No,Friday,No,No,Returning,Takeaway,408.9
4273,2025-10-02,2025-10-02,03:30,Farmhouse Pizza,Pizza,3,399,1197,UPI,Rainy,21,91,55,36,399.0,589,No,Thursday,No,No,New,Dine-In,1466.7
4274,2025-04-28,2025-04-28,21:40,Veg Biryani,Main Course,2,249,498,Debit Card,Windy,27,163,53,110,249.0,541,No,Monday,No,No,New,Delivery,941.8
4275,2025-07-25,2025-07-25,17:14,Masala Dosa,South Indian,2,199,398,Credit Card,Sunny,18,149,46,103,199.0,768,Yes,Friday,No,No,Returning,Takeaway,541.8
4276,2025-10-21,2025-10-21,23:11,Paneer Tikka,Starter,5,299,1495,Credit Card,Sunny,21,141,57,84,299.0,522,Yes,Tuesday,No,No,Returning,Takeaway,1958.5
4277,2025-01-13,2025-01-13,06:16,Soft Drink,Beverage,3,79,237,Cash,Windy,25,152,49,103,79.0,631,Yes,Monday,No,No,Returning,Takeaway,550.7
4278,2025-02-25,2025-02-25,06:34,Cold Coffee,Beverage,3,149,447,Cash,Cloudy,31,93,37,56,149.0,650,No,Tuesday,No,No,Returning,Delivery,734.7
4279,2025-10-01,2025-10-01,23:59,Veg Sandwich,Snacks,1,179,179,Credit Card,Windy,20,180,44,136,179.0,489,No,Wednesday,No,No,Returning,Delivery,378.9
4280,2025-10-06,2025-10-06,12:52,White Sauce Pasta,Pasta,4,249,996,UPI,Rainy,34,147,38,109,249.0,489,No,Monday,No,No,Returning,Dine-In,1212.6
4281,2025-03-24,2025-03-24,14:01,Chole Bhature,Main Course,3,199,597,Cash,Rainy,29,158,50,108,199.0,841,No,Monday,No,No,Returning,Takeaway,1031.7
4282,2025-01-23,2025-01-23,02:18,Chocolate Shake,Beverage,1,179,179,Cash,Cloudy,21,140,30,110,179.0,792,No,Thursday,No,No,Returning,Dine-In,512.9
4283,2025-12-07,2025-12-07,19:34,Farmhouse Pizza,Pizza,2,399,798,Debit Card,Sunny,35,133,40,93,399.0,710,No,Sunday,Yes,No,Returning,Takeaway,1235.8
4284,2025-03-26,2025-03-26,16:28,Chocolate Shake,Beverage,5,179,895,UPI,Sunny,30,110,24,86,179.0,329,No,Wednesday,No,No,New,Takeaway,1179.5
4285,2025-10-21,2025-10-21,22:12,Soft Drink,Beverage,2,79,158,Debit Card,Windy,30,85,26,59,79.0,686,No,Tuesday,No,No,New,Delivery,547.8
4286,2025-02-10,2025-02-10,04:47,Veg Burger,Burger,5,149,745,Debit Card,Rainy,31,170,18,152,149.0,714,No,Monday,No,No,Returning,Takeaway,1167.5
4287,2025-04-18,2025-04-18,07:05,Spring Rolls,Starter,3,229,687,Debit Card,Sunny,35,110,39,71,229.0,823,No,Friday,No,No,New,Dine-In,1039.7
4288,2025-03-08,2025-03-08,14:13,Cold Coffee,Beverage,1,149,149,UPI,Cloudy,35,169,36,133,149.0,660,No,Saturday,Yes,No,New,Delivery,526.9
4289,2025-10-15,2025-10-15,02:51,Veg Sandwich,Snacks,2,179,358,UPI,Sunny,24,149,36,113,179.0,739,Yes,Wednesday,No,No,New,Dine-In,587.8
4290,2025-01-08,2025-01-08,07:02,Spring Rolls,Starter,1,229,229,UPI,Rainy,23,170,30,140,229.0,794,No,Wednesday,No,No,Returning,Takeaway,747.9
4291,2025-12-08,2025-12-08,17:13,Masala Dosa,South Indian,1,199,199,Credit Card,Sunny,20,112,57,55,199.0,587,Yes,Monday,No,No,Returning,Delivery,716.9
4292,2025-11-28,2025-11-28,00:16,Farmhouse Pizza,Pizza,4,399,1596,UPI,Cloudy,28,146,15,131,399.0,832,No,Friday,No,No,Returning,Takeaway,1928.6
4293,2025-05-27,2025-05-27,13:54,Spring Rolls,Starter,2,229,458,Debit Card,Rainy,32,135,54,81,229.0,478,No,Tuesday,No,No,New,Dine-In,770.8
4294,2025-05-12,2025-05-12,21:45,Masala Dosa,South Indian,5,199,995,Debit Card,Rainy,27,107,59,48,199.0,433,Yes,Monday,No,Yes,Returning,Dine-In,1513.5
4295,2025-03-08,2025-03-08,16:28,Cheese Burger,Burger,4,199,796,UPI,Cloudy,21,90,55,35,199.0,776,No,Saturday,Yes,No,New,Takeaway,1274.6
4296,2025-02-23,2025-02-23,19:36,Margherita Pizza,Pizza,5,299,1495,Debit Card,Cloudy,30,171,31,140,299.0,878,Yes,Sunday,Yes,No,New,Dine-In,1840.5
4297,2025-11-29,2025-11-29,09:34,Margherita Pizza,Pizza,2,299,598,UPI,Sunny,33,111,54,57,299.0,635,No,Saturday,Yes,No,Returning,Delivery,992.8
4298,2025-03-12,2025-03-12,09:21,Veg Sandwich,Snacks,5,179,895,UPI,Rainy,18,99,25,74,179.0,641,Yes,Wednesday,No,Yes,New,Delivery,1155.5
4299,2025-09-09,2025-09-09,14:57,Cheese Burger,Burger,1,199,199,Debit Card,Windy,27,122,21,101,199.0,508,Yes,Tuesday,No,No,New,Takeaway,464.9
4300,2025-05-12,2025-05-12,03:21,Farmhouse Pizza,Pizza,2,399,798,Cash,Cloudy,21,140,58,82,399.0,836,No,Monday,No,No,New,Dine-In,1303.8
4301,2025-03-31,2025-03-31,04:57,Farmhouse Pizza,Pizza,1,399,399,Debit Card,Windy,27,130,60,70,399.0,630,No,Monday,No,No,Returning,Delivery,875.9
4302,2025-02-25,2025-02-25,08:17,Veg Biryani,Main Course,2,249,498,UPI,Rainy,25,97,60,37,249.0,590,Yes,Tuesday,No,Yes,Returning,Dine-In,1047.8
4303,2025-02-06,2025-02-06,21:25,Chole Bhature,Main Course,5,199,995,Debit Card,Cloudy,27,144,34,110,199.0,548,No,Thursday,No,No,Returning,Dine-In,1544.5
4304,2025-11-26,2025-11-26,12:33,Masala Dosa,South Indian,3,199,597,UPI,Cloudy,35,80,33,47,199.0,520,Yes,Wednesday,No,Yes,Returning,Takeaway,1144.7
4305,2025-04-18,2025-04-18,01:30,Spring Rolls,Starter,1,229,229,Debit Card,Cloudy,32,160,56,104,229.0,574,Yes,Friday,No,No,New,Delivery,480.9
4306,2025-02-27,2025-02-27,09:50,Veg Sandwich,Snacks,4,179,716,Debit Card,Cloudy,29,87,42,45,179.0,746,Yes,Thursday,No,No,Returning,Takeaway,1272.6
4307,2025-09-13,2025-09-13,00:04,Margherita Pizza,Pizza,2,299,598,UPI,Sunny,25,175,16,159,299.0,376,Yes,Saturday,Yes,Yes,Returning,Dine-In,1148.8
4308,2025-07-03,2025-07-03,02:20,Veg Biryani,Main Course,5,249,1245,UPI,Windy,28,162,48,114,249.0,301,No,Thursday,No,No,New,Dine-In,1620.5
4309,2025-08-09,2025-08-09,10:38,Paneer Tikka,Starter,3,299,897,Debit Card,Rainy,28,126,49,77,299.0,424,Yes,Saturday,Yes,No,New,Takeaway,1154.7
4310,2025-06-03,2025-06-03,15:41,Veg Biryani,Main Course,5,249,1245,UPI,Rainy,32,171,32,139,249.0,632,Yes,Tuesday,No,Yes,Returning,Takeaway,1478.5
4311,2025-12-07,2025-12-07,16:00,Cheese Burger,Burger,1,199,199,UPI,Cloudy,19,170,49,121,199.0,674,No,Sunday,Yes,No,New,Takeaway,461.9
4312,2025-03-29,2025-03-29,20:23,Farmhouse Pizza,Pizza,3,399,1197,Credit Card,Cloudy,18,86,19,67,399.0,533,Yes,Saturday,Yes,No,Returning,Delivery,1660.7
4313,2025-01-18,2025-01-18,23:00,Chocolate Shake,Beverage,5,179,895,UPI,Sunny,35,89,27,62,179.0,610,Yes,Saturday,Yes,No,Returning,Takeaway,1238.5
4314,2025-07-01,2025-07-01,01:47,Soft Drink,Beverage,5,79,395,Debit Card,Sunny,30,133,34,99,79.0,819,No,Tuesday,No,No,Returning,Takeaway,838.5
4315,2025-03-11,2025-03-11,06:03,Spring Rolls,Starter,1,229,229,Credit Card,Cloudy,19,159,34,125,229.0,310,No,Tuesday,No,No,New,Takeaway,643.9
4316,2025-11-16,2025-11-16,12:27,Masala Dosa,South Indian,4,199,796,UPI,Windy,32,118,33,85,199.0,586,Yes,Sunday,Yes,No,Returning,Delivery,1119.6
4317,2025-07-12,2025-07-12,02:39,Soft Drink,Beverage,1,79,79,Cash,Cloudy,29,107,43,64,79.0,690,No,Saturday,Yes,No,Returning,Takeaway,485.9
4318,2025-07-02,2025-07-02,04:11,Cheese Burger,Burger,3,199,597,Debit Card,Windy,31,95,59,36,199.0,371,No,Wednesday,No,No,Returning,Dine-In,830.7
4319,2025-04-19,2025-04-19,01:45,Cheese Burger,Burger,2,199,398,Credit Card,Sunny,32,149,35,114,199.0,878,Yes,Saturday,Yes,No,Returning,Takeaway,719.8
4320,2025-02-13,2025-02-13,02:07,Veg Sandwich,Snacks,2,179,358,UPI,Sunny,28,159,16,143,179.0,317,Yes,Thursday,No,No,Returning,Dine-In,679.8
4321,2025-02-11,2025-02-11,16:27,Veg Biryani,Main Course,1,249,249,Debit Card,Sunny,32,161,11,150,249.0,389,No,Tuesday,No,No,New,Dine-In,392.9
4322,2025-10-19,2025-10-19,06:54,Farmhouse Pizza,Pizza,3,399,1197,Cash,Sunny,24,99,40,59,399.0,825,Yes,Sunday,Yes,No,Returning,Delivery,1541.7
4323,2025-01-14,2025-01-14,22:41,French Fries,Snacks,4,129,516,Credit Card,Windy,32,91,45,46,129.0,322,Yes,Tuesday,No,No,New,Dine-In,677.6
4324,2025-12-25,2025-12-25,01:37,Masala Dosa,South Indian,5,199,995,Cash,Windy,29,142,60,82,199.0,761,No,Thursday,No,No,Returning,Dine-In,1430.5
4325,2025-11-03,2025-11-03,17:44,French Fries,Snacks,5,129,645,UPI,Windy,35,112,32,80,129.0,823,No,Monday,No,No,New,Delivery,904.5
4326,2025-04-02,2025-04-02,06:06,Soft Drink,Beverage,2,79,158,Cash,Cloudy,31,95,45,50,79.0,420,No,Wednesday,No,No,New,Delivery,317.8
4327,2025-04-23,2025-04-23,09:33,Veg Sandwich,Snacks,5,179,895,Cash,Rainy,27,179,30,149,179.0,806,No,Wednesday,No,No,New,Takeaway,1210.5
4328,2025-05-02,2025-05-02,16:58,French Fries,Snacks,4,129,516,UPI,Cloudy,29,131,24,107,129.0,499,Yes,Friday,No,Yes,New,Delivery,816.6
4329,2025-03-25,2025-03-25,19:55,Spring Rolls,Starter,3,229,687,Cash,Windy,32,113,48,65,229.0,875,No,Tuesday,No,No,Returning,Takeaway,1018.7
4330,2025-11-07,2025-11-07,14:25,Margherita Pizza,Pizza,2,299,598,Debit Card,Cloudy,28,151,46,105,299.0,859,No,Friday,No,No,Returning,Delivery,813.8
4331,2025-02-25,2025-02-25,06:18,Chole Bhature,Main Course,1,199,199,Debit Card,Cloudy,23,95,58,37,199.0,618,No,Tuesday,No,No,Returning,Takeaway,711.9
4332,2025-12-18,2025-12-18,08:39,Soft Drink,Beverage,1,79,79,Debit Card,Windy,35,131,35,96,79.0,856,Yes,Thursday,No,No,Returning,Dine-In,304.9
4333,2025-05-05,2025-05-05,08:35,White Sauce Pasta,Pasta,3,249,747,Debit Card,Rainy,33,106,29,77,249.0,636,No,Monday,No,No,Returning,Delivery,1126.7
4334,2025-10-19,2025-10-19,00:12,Chole Bhature,Main Course,4,199,796,Debit Card,Rainy,26,125,39,86,199.0,604,Yes,Sunday,Yes,No,Returning,Takeaway,1169.6
4335,2025-09-26,2025-09-26,20:16,Farmhouse Pizza,Pizza,2,399,798,UPI,Rainy,34,118,25,93,399.0,889,No,Friday,No,No,Returning,Dine-In,1147.8
4336,2025-10-06,2025-10-06,13:47,Chocolate Shake,Beverage,2,179,358,Credit Card,Sunny,27,110,22,88,179.0,895,Yes,Monday,No,Yes,Returning,Dine-In,496.8
4337,2025-04-09,2025-04-09,17:13,Cheese Burger,Burger,1,199,199,Credit Card,Rainy,28,93,55,38,199.0,528,No,Wednesday,No,Yes,New,Takeaway,611.9
4338,2025-04-15,2025-04-15,19:29,Cheese Burger,Burger,4,199,796,Cash,Windy,30,89,47,42,199.0,619,No,Tuesday,No,No,Returning,Delivery,1373.6
4339,2025-05-01,2025-05-01,19:15,Spring Rolls,Starter,2,229,458,UPI,Windy,33,150,13,137,229.0,772,No,Thursday,No,No,New,Delivery,692.8
4340,2025-05-25,2025-05-25,19:49,Spring Rolls,Starter,5,229,1145,UPI,Sunny,28,143,14,129,229.0,847,Yes,Sunday,Yes,No,Returning,Dine-In,1533.5
4341,2025-01-16,2025-01-16,20:18,Cold Coffee,Beverage,5,149,745,Cash,Rainy,18,92,16,76,149.0,437,No,Thursday,No,No,Returning,Delivery,1166.5
4342,2025-10-11,2025-10-11,01:54,Veg Sandwich,Snacks,4,179,716,Credit Card,Cloudy,29,150,60,90,179.0,640,Yes,Saturday,Yes,No,Returning,Dine-In,979.6
4343,2025-11-27,2025-11-27,07:22,Chocolate Shake,Beverage,3,179,537,UPI,Sunny,35,152,22,130,179.0,817,No,Thursday,No,No,New,Dine-In,820.7
4344,2025-09-06,2025-09-06,13:59,Chocolate Shake,Beverage,3,179,537,UPI,Rainy,27,140,48,92,179.0,692,Yes,Saturday,Yes,No,New,Delivery,956.7
4345,2025-04-11,2025-04-11,22:37,Chole Bhature,Main Course,5,199,995,Debit Card,Rainy,24,80,48,32,199.0,741,Yes,Friday,No,No,Returning,Takeaway,1565.5
4346,2025-12-11,2025-12-11,10:21,Veg Biryani,Main Course,2,249,498,Credit Card,Cloudy,34,115,45,70,249.0,732,Yes,Thursday,No,No,New,Takeaway,827.8
4347,2025-12-01,2025-12-01,14:58,French Fries,Snacks,5,129,645,Credit Card,Cloudy,24,161,20,141,129.0,574,Yes,Monday,No,No,New,Dine-In,886.5
4348,2025-03-04,2025-03-04,09:56,Chole Bhature,Main Course,4,199,796,Debit Card,Sunny,26,157,41,116,199.0,462,No,Tuesday,No,No,Returning,Delivery,1141.6
4349,2025-03-03,2025-03-03,13:16,Veg Biryani,Main Course,3,249,747,Cash,Windy,26,91,57,34,249.0,623,Yes,Monday,No,No,New,Takeaway,1231.7
4350,2025-02-28,2025-02-28,07:27,Masala Dosa,South Indian,4,199,796,Credit Card,Cloudy,26,160,12,148,199.0,659,No,Friday,No,No,New,Delivery,1012.6
4351,2025-08-18,2025-08-18,16:56,Veg Sandwich,Snacks,2,179,358,Credit Card,Sunny,30,133,36,97,179.0,403,No,Monday,No,No,New,Takeaway,726.8
4352,2025-11-01,2025-11-01,06:09,White Sauce Pasta,Pasta,5,249,1245,UPI,Cloudy,31,172,41,131,249.0,620,Yes,Saturday,Yes,No,Returning,Takeaway,1633.5
4353,2025-10-23,2025-10-23,16:21,Cold Coffee,Beverage,3,149,447,Cash,Windy,34,86,43,43,149.0,876,No,Thursday,No,No,Returning,Dine-In,622.7
4354,2025-01-28,2025-01-28,05:01,Masala Dosa,South Indian,1,199,199,Debit Card,Sunny,21,104,43,61,199.0,555,Yes,Tuesday,No,No,New,Dine-In,591.9
4355,2025-03-14,2025-03-14,03:30,White Sauce Pasta,Pasta,4,249,996,Credit Card,Windy,32,143,51,92,249.0,325,No,Friday,No,No,New,Takeaway,1454.6
4356,2025-05-18,2025-05-18,21:36,Chocolate Shake,Beverage,1,179,179,UPI,Cloudy,24,120,47,73,179.0,885,No,Sunday,Yes,No,Returning,Delivery,410.9
4357,2025-08-02,2025-08-02,01:25,Paneer Tikka,Starter,2,299,598,Credit Card,Sunny,27,145,22,123,299.0,438,Yes,Saturday,Yes,No,Returning,Dine-In,978.8
4358,2025-11-12,2025-11-12,22:36,Cheese Burger,Burger,2,199,398,Cash,Cloudy,33,173,45,128,199.0,862,Yes,Wednesday,No,No,Returning,Delivery,760.8
4359,2025-10-08,2025-10-08,20:07,Chole Bhature,Main Course,4,199,796,Debit Card,Rainy,23,130,49,81,199.0,801,No,Wednesday,No,No,New,Dine-In,1230.6
4360,2025-06-16,2025-06-16,09:34,Chocolate Shake,Beverage,4,179,716,Cash,Windy,30,129,10,119,179.0,514,No,Monday,No,No,Returning,Dine-In,989.6
4361,2025-02-12,2025-02-12,05:44,Masala Dosa,South Indian,1,199,199,Credit Card,Rainy,22,128,29,99,199.0,896,No,Wednesday,No,No,New,Dine-In,366.9
4362,2025-07-25,2025-07-25,11:21,Masala Dosa,South Indian,5,199,995,Debit Card,Cloudy,23,85,49,36,199.0,533,Yes,Friday,No,No,New,Dine-In,1235.5
4363,2025-04-21,2025-04-21,09:04,Masala Dosa,South Indian,1,199,199,UPI,Windy,19,175,60,115,199.0,465,Yes,Monday,No,No,Returning,Dine-In,538.9
4364,2025-07-15,2025-07-15,09:28,Chocolate Shake,Beverage,2,179,358,Credit Card,Rainy,19,156,26,130,179.0,353,No,Tuesday,No,No,New,Delivery,640.8
4365,2025-09-12,2025-09-12,21:19,Veg Sandwich,Snacks,5,179,895,Cash,Rainy,33,135,19,116,179.0,858,Yes,Friday,No,No,New,Dine-In,1233.5
4366,2025-01-25,2025-01-25,11:37,Cold Coffee,Beverage,5,149,745,Debit Card,Rainy,19,110,60,50,149.0,557,No,Saturday,Yes,No,New,Takeaway,1040.5
4367,2025-07-20,2025-07-20,12:32,Veg Biryani,Main Course,2,249,498,Cash,Rainy,29,144,57,87,249.0,738,No,Sunday,Yes,No,Returning,Delivery,1037.8
4368,2025-05-13,2025-05-13,11:43,French Fries,Snacks,5,129,645,Credit Card,Windy,25,95,41,54,129.0,551,No,Tuesday,No,No,New,Delivery,1197.5
4369,2025-01-21,2025-01-21,14:30,Cold Coffee,Beverage,5,149,745,Debit Card,Sunny,34,84,60,24,149.0,715,Yes,Tuesday,No,No,New,Takeaway,1265.5
4370,2025-04-04,2025-04-04,07:05,White Sauce Pasta,Pasta,5,249,1245,Credit Card,Windy,35,90,35,55,249.0,873,Yes,Friday,No,No,Returning,Takeaway,1757.5
4371,2025-12-29,2025-12-29,12:45,Cold Coffee,Beverage,2,149,298,Debit Card,Windy,26,158,25,133,149.0,752,No,Monday,No,No,Returning,Delivery,699.8
4372,2025-05-14,2025-05-14,11:35,Cheese Burger,Burger,3,199,597,Debit Card,Sunny,19,171,15,156,199.0,900,No,Wednesday,No,No,New,Delivery,1024.7
4373,2025-12-19,2025-12-19,00:50,Cheese Burger,Burger,5,199,995,Cash,Rainy,21,100,45,55,199.0,692,Yes,Friday,No,No,New,Delivery,1266.5
4374,2025-04-15,2025-04-15,20:35,Veg Sandwich,Snacks,5,179,895,Debit Card,Sunny,29,111,40,71,179.0,817,Yes,Tuesday,No,No,Returning,Delivery,1449.5
4375,2025-03-05,2025-03-05,18:23,Cheese Burger,Burger,5,199,995,Debit Card,Rainy,26,85,12,73,199.0,882,Yes,Wednesday,No,No,New,Dine-In,1437.5
4376,2025-11-16,2025-11-16,18:14,Cheese Burger,Burger,1,199,199,Cash,Sunny,26,147,10,137,199.0,314,Yes,Sunday,Yes,No,Returning,Delivery,448.9
4377,2025-06-01,2025-06-01,16:48,Veg Biryani,Main Course,1,249,249,Cash,Cloudy,26,97,16,81,249.0,661,Yes,Sunday,Yes,No,Returning,Delivery,711.9
4378,2025-09-04,2025-09-04,17:47,French Fries,Snacks,5,129,645,Cash,Cloudy,25,119,45,74,129.0,500,Yes,Thursday,No,No,Returning,Dine-In,1147.5
4379,2025-11-21,2025-11-21,15:32,Veg Burger,Burger,2,149,298,Cash,Rainy,31,173,23,150,149.0,624,No,Friday,No,Yes,New,Takeaway,699.8
4380,2025-01-27,2025-01-27,10:45,Soft Drink,Beverage,2,79,158,UPI,Rainy,22,120,25,95,79.0,495,No,Monday,No,No,New,Takeaway,664.8
4381,2025-10-19,2025-10-19,02:29,French Fries,Snacks,3,129,387,UPI,Rainy,28,87,24,63,129.0,721,Yes,Sunday,Yes,Yes,New,Dine-In,592.7
4382,2025-07-24,2025-07-24,04:12,Veg Biryani,Main Course,1,249,249,Credit Card,Rainy,27,152,26,126,249.0,855,No,Thursday,No,No,New,Dine-In,381.9
4383,2025-09-09,2025-09-09,11:19,Soft Drink,Beverage,2,79,158,UPI,Windy,23,102,58,44,79.0,506,Yes,Tuesday,No,No,New,Dine-In,627.8
4384,2025-07-12,2025-07-12,08:53,White Sauce Pasta,Pasta,2,249,498,Debit Card,Rainy,18,112,28,84,249.0,397,No,Saturday,Yes,No,Returning,Dine-In,773.8
4385,2025-01-27,2025-01-27,14:43,Chocolate Shake,Beverage,1,179,179,Credit Card,Windy,25,163,36,127,179.0,795,No,Monday,No,No,New,Dine-In,609.9
4386,2025-02-17,2025-02-17,05:38,French Fries,Snacks,1,129,129,Credit Card,Sunny,30,119,53,66,129.0,356,No,Monday,No,No,Returning,Delivery,269.9
4387,2025-12-11,2025-12-11,12:34,Margherita Pizza,Pizza,4,299,1196,Debit Card,Windy,29,163,14,149,299.0,660,Yes,Thursday,No,No,New,Dine-In,1450.6
4388,2025-09-13,2025-09-13,18:49,Veg Burger,Burger,5,149,745,Debit Card,Windy,19,115,29,86,149.0,690,No,Saturday,Yes,No,New,Delivery,1056.5
4389,2025-05-11,2025-05-11,20:03,Veg Sandwich,Snacks,4,179,716,Credit Card,Cloudy,35,93,42,51,179.0,377,No,Sunday,Yes,No,Returning,Takeaway,1025.6
4390,2025-05-23,2025-05-23,22:38,White Sauce Pasta,Pasta,2,249,498,Debit Card,Sunny,21,99,53,46,249.0,313,No,Friday,No,No,New,Delivery,860.8
4391,2025-06-19,2025-06-19,02:30,White Sauce Pasta,Pasta,2,249,498,UPI,Sunny,19,86,52,34,249.0,492,Yes,Thursday,No,No,Returning,Dine-In,993.8
4392,2025-03-02,2025-03-02,12:31,Spring Rolls,Starter,5,229,1145,Debit Card,Rainy,35,134,51,83,229.0,683,No,Sunday,Yes,No,Returning,Dine-In,1531.5
4393,2025-05-01,2025-05-01,00:32,Cold Coffee,Beverage,5,149,745,Debit Card,Sunny,30,107,33,74,149.0,721,No,Thursday,No,No,Returning,Dine-In,1208.5
4394,2025-05-04,2025-05-04,10:02,Paneer Tikka,Starter,3,299,897,Debit Card,Rainy,34,130,41,89,299.0,719,No,Sunday,Yes,No,Returning,Dine-In,1411.7
4395,2025-07-13,2025-07-13,07:43,French Fries,Snacks,4,129,516,UPI,Windy,24,169,42,127,129.0,899,Yes,Sunday,Yes,No,Returning,Delivery,780.6
4396,2025-09-06,2025-09-06,03:43,White Sauce Pasta,Pasta,5,249,1245,Cash,Sunny,24,112,16,96,249.0,402,No,Saturday,Yes,No,Returning,Dine-In,1862.5
4397,2025-03-05,2025-03-05,10:01,Chole Bhature,Main Course,1,199,199,Credit Card,Sunny,29,143,43,100,199.0,420,Yes,Wednesday,No,No,New,Dine-In,418.9
4398,2025-07-30,2025-07-30,17:34,Spring Rolls,Starter,3,229,687,Credit Card,Rainy,20,130,11,119,229.0,361,No,Wednesday,No,Yes,New,Dine-In,1103.7
4399,2025-08-22,2025-08-22,23:33,Margherita Pizza,Pizza,5,299,1495,UPI,Cloudy,31,124,29,95,299.0,896,No,Friday,No,No,New,Takeaway,1864.5
4400,2025-06-23,2025-06-23,07:09,Veg Burger,Burger,3,149,447,UPI,Sunny,26,125,15,110,149.0,537,Yes,Monday,No,Yes,Returning,Delivery,690.7
4401,2025-04-06,2025-04-06,04:52,White Sauce Pasta,Pasta,2,249,498,Debit Card,Windy,24,86,53,33,249.0,562,Yes,Sunday,Yes,No,New,Dine-In,684.8
4402,2025-11-14,2025-11-14,13:51,Veg Burger,Burger,5,149,745,Credit Card,Cloudy,25,157,35,122,149.0,840,Yes,Friday,No,No,Returning,Dine-In,1021.5
4403,2025-05-13,2025-05-13,05:12,Chole Bhature,Main Course,4,199,796,Debit Card,Windy,20,159,20,139,199.0,523,Yes,Tuesday,No,No,New,Takeaway,1277.6
4404,2025-10-11,2025-10-11,07:55,Chole Bhature,Main Course,5,199,995,UPI,Sunny,24,112,18,94,199.0,519,No,Saturday,Yes,No,New,Takeaway,1229.5
4405,2025-10-11,2025-10-11,16:46,Margherita Pizza,Pizza,5,299,1495,Debit Card,Rainy,34,122,29,93,299.0,670,Yes,Saturday,Yes,No,New,Dine-In,2080.5
4406,2025-06-30,2025-06-30,08:38,Spring Rolls,Starter,2,229,458,Debit Card,Cloudy,28,137,38,99,229.0,453,No,Monday,No,No,New,Delivery,728.8
4407,2025-11-22,2025-11-22,22:20,Soft Drink,Beverage,2,79,158,Cash,Cloudy,35,151,43,108,79.0,485,No,Saturday,Yes,No,New,Dine-In,399.8
4408,2025-06-30,2025-06-30,09:33,Chole Bhature,Main Course,1,199,199,Debit Card,Sunny,31,96,15,81,199.0,602,No,Monday,No,No,Returning,Delivery,480.9
4409,2025-12-25,2025-12-25,22:35,Chole Bhature,Main Course,5,199,995,UPI,Rainy,31,121,12,109,199.0,339,No,Thursday,No,Yes,New,Dine-In,1358.5
4410,2025-09-23,2025-09-23,10:26,Cold Coffee,Beverage,2,149,298,UPI,Windy,21,179,26,153,149.0,627,Yes,Tuesday,No,No,Returning,Delivery,526.8
4411,2025-04-06,2025-04-06,05:56,White Sauce Pasta,Pasta,1,249,249,Debit Card,Rainy,24,95,32,63,249.0,606,No,Sunday,Yes,No,New,Dine-In,385.9
4412,2025-04-23,2025-04-23,01:55,Cheese Burger,Burger,4,199,796,Cash,Windy,22,150,41,109,199.0,712,Yes,Wednesday,No,No,New,Dine-In,1283.6
4413,2025-04-02,2025-04-02,09:22,Chocolate Shake,Beverage,2,179,358,Cash,Sunny,34,114,23,91,179.0,860,No,Wednesday,No,No,New,Dine-In,769.8
4414,2025-11-18,2025-11-18,02:42,Chole Bhature,Main Course,4,199,796,Debit Card,Rainy,28,127,55,72,199.0,733,No,Tuesday,No,No,Returning,Delivery,1077.6
4415,2025-08-09,2025-08-09,14:24,Farmhouse Pizza,Pizza,4,399,1596,UPI,Sunny,34,140,42,98,399.0,470,No,Saturday,Yes,No,New,Delivery,2105.6
4416,2025-01-05,2025-01-05,10:41,Soft Drink,Beverage,4,79,316,UPI,Rainy,31,151,19,132,79.0,324,Yes,Sunday,Yes,No,New,Takeaway,516.6
4417,2025-08-25,2025-08-25,02:43,Chole Bhature,Main Course,2,199,398,Cash,Cloudy,32,173,24,149,199.0,812,No,Monday,No,No,New,Dine-In,584.8
4418,2025-09-03,2025-09-03,00:18,Cheese Burger,Burger,4,199,796,UPI,Sunny,19,122,57,65,199.0,538,Yes,Wednesday,No,No,Returning,Delivery,1020.6
4419,2025-07-01,2025-07-01,22:04,Margherita Pizza,Pizza,1,299,299,Credit Card,Sunny,30,134,21,113,299.0,394,No,Tuesday,No,No,New,Dine-In,698.9
4420,2025-04-26,2025-04-26,09:34,Veg Sandwich,Snacks,2,179,358,Cash,Cloudy,19,157,24,133,179.0,570,No,Saturday,Yes,No,New,Dine-In,540.8
4421,2025-05-24,2025-05-24,20:47,French Fries,Snacks,3,129,387,Credit Card,Sunny,32,122,30,92,129.0,841,Yes,Saturday,Yes,No,Returning,Takeaway,773.7
4422,2025-10-20,2025-10-20,01:02,Soft Drink,Beverage,1,79,79,UPI,Rainy,19,174,16,158,79.0,601,Yes,Monday,No,Yes,Returning,Delivery,413.9
4423,2025-06-19,2025-06-19,06:00,Veg Biryani,Main Course,5,249,1245,Credit Card,Rainy,35,80,57,23,249.0,709,Yes,Thursday,No,No,New,Dine-In,1577.5
4424,2025-12-26,2025-12-26,04:05,Margherita Pizza,Pizza,1,299,299,Debit Card,Rainy,31,135,48,87,299.0,899,Yes,Friday,No,No,New,Dine-In,699.9
4425,2025-12-06,2025-12-06,09:58,Veg Burger,Burger,2,149,298,Credit Card,Sunny,29,150,49,101,149.0,670,No,Saturday,Yes,No,New,Dine-In,647.8
4426,2025-08-03,2025-08-03,08:09,Masala Dosa,South Indian,5,199,995,UPI,Rainy,30,167,53,114,199.0,849,Yes,Sunday,Yes,No,Returning,Takeaway,1213.5
4427,2025-08-16,2025-08-16,15:21,Veg Burger,Burger,2,149,298,Credit Card,Sunny,24,128,29,99,149.0,330,Yes,Saturday,Yes,No,Returning,Dine-In,469.8
4428,2025-10-06,2025-10-06,01:20,Masala Dosa,South Indian,3,199,597,Cash,Windy,25,102,24,78,199.0,590,Yes,Monday,No,No,Returning,Dine-In,824.7
4429,2025-03-17,2025-03-17,18:43,Masala Dosa,South Indian,5,199,995,Credit Card,Cloudy,35,80,56,24,199.0,883,Yes,Monday,No,No,Returning,Takeaway,1392.5
4430,2025-02-14,2025-02-14,00:44,Margherita Pizza,Pizza,1,299,299,UPI,Windy,32,162,58,104,299.0,785,Yes,Friday,No,No,New,Takeaway,622.9
4431,2025-11-06,2025-11-06,14:30,Spring Rolls,Starter,3,229,687,Debit Card,Windy,34,90,54,36,229.0,357,No,Thursday,No,No,New,Takeaway,1221.7
4432,2025-08-22,2025-08-22,19:44,Soft Drink,Beverage,5,79,395,UPI,Windy,26,158,16,142,79.0,641,No,Friday,No,No,Returning,Takeaway,911.5
4433,2025-08-01,2025-08-01,13:07,Chole Bhature,Main Course,1,199,199,Debit Card,Cloudy,18,135,17,118,199.0,449,Yes,Friday,No,No,New,Dine-In,453.9
4434,2025-04-08,2025-04-08,17:18,Margherita Pizza,Pizza,5,299,1495,Cash,Sunny,33,149,58,91,299.0,723,No,Tuesday,No,No,New,Delivery,1913.5
4435,2025-06-08,2025-06-08,23:57,Chole Bhature,Main Course,4,199,796,Cash,Windy,33,178,15,163,199.0,611,No,Sunday,Yes,Yes,Returning,Takeaway,1362.6
4436,2025-06-30,2025-06-30,21:55,Paneer Tikka,Starter,1,299,299,UPI,Sunny,21,120,52,68,299.0,300,Yes,Monday,No,No,New,Dine-In,702.9
4437,2025-08-14,2025-08-14,10:00,Spring Rolls,Starter,2,229,458,UPI,Rainy,28,151,60,91,229.0,792,Yes,Thursday,No,No,Returning,Delivery,912.8
4438,2025-09-07,2025-09-07,11:12,Veg Biryani,Main Course,4,249,996,Debit Card,Cloudy,26,180,30,150,249.0,364,Yes,Sunday,Yes,No,New,Dine-In,1572.6
4439,2025-02-02,2025-02-02,08:35,Margherita Pizza,Pizza,3,299,897,Cash,Rainy,32,97,60,37,299.0,601,Yes,Sunday,Yes,No,Returning,Takeaway,1268.7
4440,2025-08-27,2025-08-27,05:35,Cold Coffee,Beverage,1,149,149,UPI,Sunny,27,179,24,155,149.0,546,No,Wednesday,No,No,Returning,Delivery,630.9
4441,2025-09-10,2025-09-10,16:49,Veg Sandwich,Snacks,2,179,358,Debit Card,Sunny,34,135,49,86,179.0,701,No,Wednesday,No,Yes,New,Delivery,538.8
4442,2025-01-12,2025-01-12,23:35,Spring Rolls,Starter,3,229,687,UPI,Windy,25,179,20,159,229.0,611,No,Sunday,Yes,No,New,Delivery,1082.7
4443,2025-03-20,2025-03-20,15:16,Veg Sandwich,Snacks,5,179,895,Debit Card,Sunny,31,109,38,71,179.0,611,No,Thursday,No,No,Returning,Dine-In,1369.5
4444,2025-09-13,2025-09-13,03:00,Masala Dosa,South Indian,5,199,995,Debit Card,Cloudy,32,80,45,35,199.0,736,Yes,Saturday,Yes,No,Returning,Dine-In,1447.5
4445,2025-01-27,2025-01-27,00:42,Veg Sandwich,Snacks,1,179,179,Debit Card,Rainy,24,170,23,147,179.0,626,No,Monday,No,Yes,New,Delivery,654.9
4446,2025-12-22,2025-12-22,19:25,Veg Burger,Burger,3,149,447,Debit Card,Windy,18,136,56,80,149.0,776,No,Monday,No,No,New,Takeaway,634.7
4447,2025-04-29,2025-04-29,13:28,Cheese Burger,Burger,3,199,597,Cash,Windy,27,125,39,86,199.0,585,Yes,Tuesday,No,No,New,Delivery,966.7
4448,2025-03-31,2025-03-31,23:34,Chocolate Shake,Beverage,1,179,179,Cash,Cloudy,28,170,39,131,179.0,829,Yes,Monday,No,No,Returning,Delivery,605.9
4449,2025-02-22,2025-02-22,23:56,White Sauce Pasta,Pasta,2,249,498,Cash,Cloudy,31,93,21,72,249.0,440,Yes,Saturday,Yes,No,Returning,Takeaway,671.8
4450,2025-07-29,2025-07-29,04:53,Cold Coffee,Beverage,4,149,596,Cash,Windy,25,124,41,83,149.0,836,No,Tuesday,No,No,Returning,Dine-In,1052.6
4451,2025-05-06,2025-05-06,04:58,Chole Bhature,Main Course,1,199,199,Debit Card,Cloudy,21,133,56,77,199.0,355,Yes,Tuesday,No,No,New,Delivery,568.9
4452,2025-03-28,2025-03-28,12:58,Veg Burger,Burger,4,149,596,Debit Card,Sunny,32,180,51,129,149.0,530,Yes,Friday,No,No,New,Delivery,766.6
4453,2025-07-28,2025-07-28,06:58,Chocolate Shake,Beverage,5,179,895,Credit Card,Windy,19,89,36,53,179.0,306,No,Monday,No,No,Returning,Delivery,1329.5
4454,2025-08-31,2025-08-31,00:49,Margherita Pizza,Pizza,2,299,598,UPI,Rainy,28,106,53,53,299.0,333,Yes,Sunday,Yes,No,Returning,Dine-In,1008.8
4455,2025-05-08,2025-05-08,16:55,Masala Dosa,South Indian,4,199,796,Credit Card,Cloudy,19,137,21,116,199.0,457,No,Thursday,No,No,Returning,Dine-In,1256.6
4456,2025-04-22,2025-04-22,05:38,Cold Coffee,Beverage,1,149,149,Credit Card,Sunny,20,111,11,100,149.0,694,No,Tuesday,No,No,New,Takeaway,400.9
4457,2025-12-14,2025-12-14,01:36,Cheese Burger,Burger,4,199,796,UPI,Rainy,18,166,13,153,199.0,598,Yes,Sunday,Yes,No,New,Takeaway,983.6
4458,2025-01-25,2025-01-25,21:52,Margherita Pizza,Pizza,5,299,1495,Debit Card,Cloudy,33,175,27,148,299.0,574,No,Saturday,Yes,No,Returning,Delivery,1998.5
4459,2025-04-21,2025-04-21,12:13,Cold Coffee,Beverage,3,149,447,Cash,Sunny,19,146,51,95,149.0,370,Yes,Monday,No,Yes,New,Takeaway,791.7
4460,2025-06-05,2025-06-05,14:34,Chocolate Shake,Beverage,1,179,179,Cash,Cloudy,25,101,31,70,179.0,768,No,Thursday,No,No,Returning,Delivery,555.9
4461,2025-08-12,2025-08-12,22:43,White Sauce Pasta,Pasta,3,249,747,Cash,Windy,31,156,48,108,249.0,418,No,Tuesday,No,No,New,Delivery,1237.7
4462,2025-05-18,2025-05-18,04:50,Veg Sandwich,Snacks,5,179,895,Debit Card,Cloudy,33,114,47,67,179.0,788,No,Sunday,Yes,No,Returning,Dine-In,1375.5
4463,2025-06-12,2025-06-12,11:47,Chocolate Shake,Beverage,2,179,358,Debit Card,Sunny,20,118,60,58,179.0,658,No,Thursday,No,No,New,Delivery,848.8
4464,2025-08-30,2025-08-30,23:04,Spring Rolls,Starter,2,229,458,Credit Card,Cloudy,31,84,43,41,229.0,533,No,Saturday,Yes,No,Returning,Dine-In,870.8
4465,2025-07-03,2025-07-03,04:09,Chocolate Shake,Beverage,2,179,358,Debit Card,Windy,33,111,40,71,179.0,590,Yes,Thursday,No,Yes,New,Dine-In,587.8
4466,2025-09-18,2025-09-18,12:21,Spring Rolls,Starter,5,229,1145,Credit Card,Windy,33,126,34,92,229.0,699,Yes,Thursday,No,No,New,Delivery,1417.5
4467,2025-07-12,2025-07-12,11:41,Veg Sandwich,Snacks,3,179,537,UPI,Windy,19,127,54,73,179.0,605,No,Saturday,Yes,No,Returning,Delivery,858.7
4468,2025-05-23,2025-05-23,10:07,Soft Drink,Beverage,4,79,316,Credit Card,Sunny,20,120,20,100,79.0,900,Yes,Friday,No,No,New,Dine-In,782.6
4469,2025-07-27,2025-07-27,01:25,Soft Drink,Beverage,1,79,79,Credit Card,Rainy,35,148,45,103,79.0,584,No,Sunday,Yes,No,Returning,Delivery,505.9
4470,2025-06-01,2025-06-01,10:42,Veg Biryani,Main Course,4,249,996,Credit Card,Rainy,30,98,34,64,249.0,401,Yes,Sunday,Yes,Yes,Returning,Dine-In,1355.6
4471,2025-09-19,2025-09-19,11:31,Chole Bhature,Main Course,1,199,199,Debit Card,Cloudy,32,131,50,81,199.0,376,No,Friday,No,No,New,Takeaway,708.9
4472,2025-05-17,2025-05-17,18:10,White Sauce Pasta,Pasta,1,249,249,Debit Card,Sunny,29,154,18,136,249.0,520,Yes,Saturday,Yes,No,Returning,Delivery,572.9
4473,2025-05-08,2025-05-08,12:22,Margherita Pizza,Pizza,2,299,598,UPI,Rainy,26,112,59,53,299.0,882,Yes,Thursday,No,No,Returning,Delivery,964.8
4474,2025-10-24,2025-10-24,10:45,Spring Rolls,Starter,3,229,687,Credit Card,Windy,29,180,44,136,229.0,637,Yes,Friday,No,No,Returning,Dine-In,865.7
4475,2025-06-12,2025-06-12,08:53,French Fries,Snacks,1,129,129,UPI,Windy,30,111,40,71,129.0,358,No,Thursday,No,No,New,Delivery,278.9
4476,2025-08-24,2025-08-24,14:13,Soft Drink,Beverage,4,79,316,UPI,Sunny,24,142,49,93,79.0,881,Yes,Sunday,Yes,No,Returning,Delivery,477.6
4477,2025-06-15,2025-06-15,13:17,Paneer Tikka,Starter,5,299,1495,Debit Card,Rainy,25,81,59,22,299.0,791,No,Sunday,Yes,No,New,Dine-In,1752.5
4478,2025-10-25,2025-10-25,02:38,Chole Bhature,Main Course,3,199,597,Cash,Windy,19,124,27,97,199.0,484,Yes,Saturday,Yes,No,New,Takeaway,1056.7
4479,2025-02-05,2025-02-05,14:56,Cold Coffee,Beverage,3,149,447,UPI,Sunny,22,178,29,149,149.0,758,No,Wednesday,No,No,New,Dine-In,609.7
4480,2025-12-14,2025-12-14,19:48,Chocolate Shake,Beverage,4,179,716,UPI,Cloudy,26,102,58,44,179.0,300,No,Sunday,Yes,No,Returning,Dine-In,924.6
4481,2025-12-29,2025-12-29,11:21,Chocolate Shake,Beverage,4,179,716,Credit Card,Sunny,24,110,21,89,179.0,631,Yes,Monday,No,No,Returning,Takeaway,1027.6
4482,2025-04-05,2025-04-05,15:27,Masala Dosa,South Indian,2,199,398,Credit Card,Windy,19,113,57,56,199.0,771,Yes,Saturday,Yes,No,Returning,Delivery,546.8
4483,2025-12-19,2025-12-19,16:45,Cold Coffee,Beverage,4,149,596,Credit Card,Cloudy,31,161,38,123,149.0,805,Yes,Friday,No,Yes,New,Delivery,1007.6
4484,2025-05-06,2025-05-06,13:15,Chocolate Shake,Beverage,4,179,716,UPI,Rainy,20,121,23,98,179.0,626,Yes,Tuesday,No,No,Returning,Dine-In,1053.6
4485,2025-10-01,2025-10-01,15:26,Masala Dosa,South Indian,1,199,199,Credit Card,Rainy,27,114,47,67,199.0,423,Yes,Wednesday,No,No,Returning,Delivery,355.9
4486,2025-01-04,2025-01-04,21:43,Masala Dosa,South Indian,3,199,597,Cash,Rainy,23,86,42,44,199.0,547,Yes,Saturday,Yes,No,New,Takeaway,1067.7
4487,2025-03-26,2025-03-26,23:01,Cold Coffee,Beverage,3,149,447,UPI,Sunny,23,177,59,118,149.0,594,Yes,Wednesday,No,No,Returning,Delivery,721.7
4488,2025-11-18,2025-11-18,22:25,Cold Coffee,Beverage,5,149,745,Credit Card,Sunny,20,82,54,28,149.0,367,Yes,Tuesday,No,Yes,New,Takeaway,1195.5
4489,2025-06-17,2025-06-17,14:28,Paneer Tikka,Starter,1,299,299,Cash,Cloudy,20,169,37,132,299.0,873,No,Tuesday,No,No,Returning,Takeaway,508.9
4490,2025-07-03,2025-07-03,09:50,Paneer Tikka,Starter,5,299,1495,Credit Card,Cloudy,34,99,58,41,299.0,774,Yes,Thursday,No,No,New,Takeaway,1984.5
4491,2025-08-29,2025-08-29,22:07,Masala Dosa,South Indian,4,199,796,Credit Card,Rainy,23,178,23,155,199.0,421,No,Friday,No,No,Returning,Takeaway,1290.6
4492,2025-03-26,2025-03-26,03:22,White Sauce Pasta,Pasta,5,249,1245,Debit Card,Rainy,22,105,41,64,249.0,638,Yes,Wednesday,No,No,Returning,Takeaway,1724.5
4493,2025-05-07,2025-05-07,06:10,Veg Biryani,Main Course,2,249,498,UPI,Sunny,30,131,48,83,249.0,410,Yes,Wednesday,No,No,Returning,Dine-In,698.8
4494,2025-04-16,2025-04-16,17:12,White Sauce Pasta,Pasta,4,249,996,UPI,Sunny,20,89,46,43,249.0,352,No,Wednesday,No,No,Returning,Takeaway,1256.6
4495,2025-06-23,2025-06-23,11:59,Veg Biryani,Main Course,1,249,249,Cash,Sunny,27,172,32,140,249.0,594,Yes,Monday,No,Yes,New,Delivery,656.9
4496,2025-08-11,2025-08-11,01:35,Chocolate Shake,Beverage,1,179,179,UPI,Rainy,35,152,19,133,179.0,474,Yes,Monday,No,No,Returning,Delivery,491.9
4497,2025-09-07,2025-09-07,01:24,Spring Rolls,Starter,2,229,458,Cash,Cloudy,32,124,13,111,229.0,770,Yes,Sunday,Yes,Yes,New,Delivery,953.8
4498,2025-03-16,2025-03-16,22:26,Margherita Pizza,Pizza,4,299,1196,Credit Card,Rainy,22,175,18,157,299.0,434,Yes,Sunday,Yes,Yes,New,Takeaway,1705.6
4499,2025-06-18,2025-06-18,11:55,Cheese Burger,Burger,5,199,995,Debit Card,Rainy,28,167,51,116,199.0,559,Yes,Wednesday,No,No,New,Dine-In,1242.5
4500,2025-09-14,2025-09-14,20:52,Spring Rolls,Starter,1,229,229,UPI,Rainy,35,117,32,85,229.0,388,Yes,Sunday,Yes,No,Returning,Delivery,531.9
4501,2025-10-10,2025-10-10,23:53,Chocolate Shake,Beverage,4,179,716,UPI,Rainy,35,90,54,36,179.0,349,No,Friday,No,Yes,New,Dine-In,900.6
4502,2025-01-16,2025-01-16,09:02,Farmhouse Pizza,Pizza,5,399,1995,UPI,Sunny,19,150,11,139,399.0,314,No,Thursday,No,No,New,Delivery,2309.5
4503,2025-05-16,2025-05-16,21:25,Paneer Tikka,Starter,1,299,299,Cash,Rainy,25,157,56,101,299.0,557,Yes,Friday,No,No,Returning,Delivery,435.9
4504,2025-12-03,2025-12-03,18:39,Chole Bhature,Main Course,4,199,796,Credit Card,Cloudy,27,146,11,135,199.0,415,No,Wednesday,No,No,New,Dine-In,1033.6
4505,2025-12-06,2025-12-06,05:23,Masala Dosa,South Indian,4,199,796,Cash,Rainy,27,147,38,109,199.0,855,No,Saturday,Yes,No,New,Dine-In,1090.6
4506,2025-02-02,2025-02-02,11:44,White Sauce Pasta,Pasta,4,249,996,UPI,Windy,35,152,35,117,249.0,620,Yes,Sunday,Yes,No,New,Takeaway,1487.6
4507,2025-10-18,2025-10-18,17:46,Cold Coffee,Beverage,3,149,447,Cash,Rainy,28,163,40,123,149.0,449,No,Saturday,Yes,No,New,Delivery,693.7
4508,2025-01-16,2025-01-16,18:58,Margherita Pizza,Pizza,4,299,1196,Cash,Sunny,18,178,19,159,299.0,855,No,Thursday,No,No,Returning,Delivery,1457.6
4509,2025-09-09,2025-09-09,07:28,Spring Rolls,Starter,3,229,687,Debit Card,Rainy,23,174,40,134,229.0,496,No,Tuesday,No,No,Returning,Takeaway,899.7
4510,2025-09-30,2025-09-30,00:59,Paneer Tikka,Starter,3,299,897,Debit Card,Windy,20,98,55,43,299.0,878,No,Tuesday,No,No,New,Dine-In,1111.7
4511,2025-04-12,2025-04-12,07:02,Cold Coffee,Beverage,5,149,745,Credit Card,Sunny,28,169,38,131,149.0,517,No,Saturday,Yes,No,New,Delivery,1248.5
4512,2025-02-01,2025-02-01,13:20,White Sauce Pasta,Pasta,5,249,1245,Debit Card,Rainy,29,167,30,137,249.0,578,No,Saturday,Yes,No,New,Dine-In,1825.5
4513,2025-01-23,2025-01-23,10:36,Veg Burger,Burger,1,149,149,Credit Card,Rainy,23,159,59,100,149.0,687,Yes,Thursday,No,No,Returning,Dine-In,649.9
4514,2025-09-04,2025-09-04,11:09,Farmhouse Pizza,Pizza,3,399,1197,Credit Card,Rainy,19,112,24,88,399.0,496,Yes,Thursday,No,No,Returning,Dine-In,1694.7
4515,2025-03-30,2025-03-30,21:57,Paneer Tikka,Starter,4,299,1196,Cash,Sunny,33,113,16,97,299.0,710,No,Sunday,Yes,No,New,Delivery,1539.6
4516,2025-09-30,2025-09-30,17:23,White Sauce Pasta,Pasta,5,249,1245,Debit Card,Windy,30,134,14,120,249.0,304,Yes,Tuesday,No,No,Returning,Dine-In,1472.5
4517,2025-01-22,2025-01-22,17:48,Cold Coffee,Beverage,5,149,745,Cash,Sunny,25,122,18,104,149.0,395,No,Wednesday,No,No,New,Takeaway,1147.5
4518,2025-07-17,2025-07-17,09:33,Spring Rolls,Starter,2,229,458,Credit Card,Cloudy,23,155,35,120,229.0,789,Yes,Thursday,No,No,New,Takeaway,943.8
4519,2025-12-03,2025-12-03,01:46,Veg Sandwich,Snacks,3,179,537,Debit Card,Sunny,34,127,41,86,179.0,680,Yes,Wednesday,No,No,Returning,Delivery,734.7
4520,2025-05-14,2025-05-14,17:51,White Sauce Pasta,Pasta,3,249,747,UPI,Windy,32,93,36,57,249.0,841,No,Wednesday,No,No,Returning,Delivery,1142.7
4521,2025-09-13,2025-09-13,11:06,Veg Burger,Burger,3,149,447,Debit Card,Sunny,18,178,38,140,149.0,614,No,Saturday,Yes,No,New,Takeaway,609.7
4522,2025-04-29,2025-04-29,16:57,French Fries,Snacks,1,129,129,Credit Card,Sunny,29,96,15,81,129.0,508,No,Tuesday,No,No,New,Dine-In,587.9
4523,2025-03-14,2025-03-14,15:39,Chocolate Shake,Beverage,5,179,895,Credit Card,Rainy,27,88,34,54,179.0,856,Yes,Friday,No,No,New,Takeaway,1110.5
4524,2025-06-11,2025-06-11,11:11,Cheese Burger,Burger,4,199,796,UPI,Sunny,22,123,60,63,199.0,804,Yes,Wednesday,No,No,New,Dine-In,1139.6
4525,2025-05-10,2025-05-10,17:46,French Fries,Snacks,2,129,258,Debit Card,Rainy,23,151,37,114,129.0,530,Yes,Saturday,Yes,No,New,Delivery,536.8
4526,2025-01-16,2025-01-16,02:39,Soft Drink,Beverage,2,79,158,Debit Card,Windy,35,87,20,67,79.0,523,No,Thursday,No,No,New,Takeaway,284.8
4527,2025-05-05,2025-05-05,20:10,French Fries,Snacks,2,129,258,Debit Card,Rainy,23,179,51,128,129.0,637,Yes,Monday,No,No,Returning,Takeaway,441.8
4528,2025-09-22,2025-09-22,19:26,Veg Burger,Burger,2,149,298,Credit Card,Windy,29,109,58,51,149.0,485,No,Monday,No,No,Returning,Takeaway,632.8
4529,2025-04-04,2025-04-04,10:10,Farmhouse Pizza,Pizza,1,399,399,Cash,Windy,35,178,42,136,399.0,450,No,Friday,No,No,New,Delivery,901.9
4530,2025-09-11,2025-09-11,01:32,Soft Drink,Beverage,1,79,79,Debit Card,Cloudy,26,84,49,35,79.0,383,No,Thursday,No,No,New,Dine-In,405.9
4531,2025-07-03,2025-07-03,02:58,White Sauce Pasta,Pasta,4,249,996,Credit Card,Windy,20,128,28,100,249.0,541,No,Thursday,No,No,New,Delivery,1241.6
4532,2025-05-21,2025-05-21,16:23,Soft Drink,Beverage,3,79,237,Cash,Cloudy,34,118,18,100,79.0,638,No,Wednesday,No,No,New,Takeaway,573.7
4533,2025-12-18,2025-12-18,00:25,Veg Sandwich,Snacks,3,179,537,Debit Card,Sunny,21,131,36,95,179.0,391,No,Thursday,No,No,Returning,Takeaway,950.7
4534,2025-01-26,2025-01-26,12:03,Chocolate Shake,Beverage,5,179,895,Credit Card,Cloudy,25,104,48,56,179.0,424,No,Sunday,Yes,No,New,Dine-In,1241.5
4535,2025-02-03,2025-02-03,21:33,Margherita Pizza,Pizza,3,299,897,Credit Card,Rainy,20,159,40,119,299.0,877,Yes,Monday,No,Yes,New,Delivery,1298.7
4536,2025-08-02,2025-08-02,08:13,Farmhouse Pizza,Pizza,3,399,1197,Credit Card,Windy,28,141,49,92,399.0,705,Yes,Saturday,Yes,No,Returning,Dine-In,1715.7
4537,2025-04-10,2025-04-10,04:29,Spring Rolls,Starter,2,229,458,Credit Card,Cloudy,31,95,51,44,229.0,475,No,Thursday,No,No,New,Takeaway,673.8
4538,2025-04-13,2025-04-13,22:22,Soft Drink,Beverage,5,79,395,Credit Card,Cloudy,31,153,49,104,79.0,625,Yes,Sunday,Yes,No,Returning,Delivery,665.5
4539,2025-12-04,2025-12-04,11:48,Farmhouse Pizza,Pizza,2,399,798,Credit Card,Windy,32,113,29,84,399.0,685,Yes,Thursday,No,No,New,Delivery,995.8
4540,2025-01-08,2025-01-08,03:25,Veg Biryani,Main Course,1,249,249,Credit Card,Sunny,33,136,44,92,249.0,674,No,Wednesday,No,No,Returning,Takeaway,643.9
4541,2025-05-30,2025-05-30,00:40,Margherita Pizza,Pizza,1,299,299,Debit Card,Windy,35,121,44,77,299.0,782,Yes,Friday,No,No,New,Takeaway,669.9
4542,2025-12-19,2025-12-19,14:17,Margherita Pizza,Pizza,2,299,598,Debit Card,Rainy,18,168,33,135,299.0,543,Yes,Friday,No,No,New,Takeaway,1008.8
4543,2025-05-11,2025-05-11,16:29,Paneer Tikka,Starter,4,299,1196,UPI,Rainy,23,93,20,73,299.0,565,No,Sunday,Yes,No,New,Delivery,1684.6
4544,2025-03-31,2025-03-31,02:16,Margherita Pizza,Pizza,5,299,1495,Debit Card,Windy,20,93,34,59,299.0,892,Yes,Monday,No,No,New,Delivery,1904.5
4545,2025-05-07,2025-05-07,09:10,Cheese Burger,Burger,3,199,597,Debit Card,Cloudy,34,158,11,147,199.0,808,Yes,Wednesday,No,No,New,Dine-In,880.7
4546,2025-09-18,2025-09-18,17:32,Soft Drink,Beverage,5,79,395,Credit Card,Windy,32,117,38,79,79.0,864,Yes,Thursday,No,No,Returning,Dine-In,740.5
4547,2025-03-15,2025-03-15,02:24,Spring Rolls,Starter,3,229,687,Credit Card,Windy,23,95,13,82,229.0,702,No,Saturday,Yes,Yes,New,Delivery,950.7
4548,2025-11-24,2025-11-24,21:31,Masala Dosa,South Indian,4,199,796,UPI,Cloudy,22,155,11,144,199.0,628,Yes,Monday,No,No,Returning,Dine-In,1363.6
4549,2025-02-22,2025-02-22,06:50,Paneer Tikka,Starter,5,299,1495,Cash,Sunny,20,99,39,60,299.0,673,Yes,Saturday,Yes,No,Returning,Delivery,2079.5
4550,2025-10-28,2025-10-28,05:11,Chole Bhature,Main Course,4,199,796,Debit Card,Sunny,25,173,50,123,199.0,398,Yes,Tuesday,No,No,Returning,Dine-In,1072.6
4551,2025-10-24,2025-10-24,09:50,Farmhouse Pizza,Pizza,3,399,1197,Debit Card,Windy,20,162,46,116,399.0,596,No,Friday,No,No,Returning,Dine-In,1704.7
4552,2025-08-08,2025-08-08,19:38,Masala Dosa,South Indian,1,199,199,UPI,Sunny,33,161,55,106,199.0,752,Yes,Friday,No,Yes,New,Delivery,462.9
4553,2025-11-16,2025-11-16,22:20,Chocolate Shake,Beverage,5,179,895,Debit Card,Windy,20,115,19,96,179.0,394,No,Sunday,Yes,No,Returning,Takeaway,1389.5
4554,2025-05-22,2025-05-22,21:37,Veg Burger,Burger,3,149,447,UPI,Rainy,20,107,56,51,149.0,626,No,Thursday,No,No,Returning,Delivery,593.7
4555,2025-08-13,2025-08-13,03:26,Soft Drink,Beverage,5,79,395,UPI,Cloudy,19,159,10,149,79.0,448,Yes,Wednesday,No,No,Returning,Delivery,918.5
4556,2025-11-15,2025-11-15,08:44,Veg Sandwich,Snacks,3,179,537,Debit Card,Rainy,25,158,38,120,179.0,301,No,Saturday,Yes,No,New,Dine-In,1026.7
4557,2025-10-09,2025-10-09,23:34,Paneer Tikka,Starter,3,299,897,Cash,Rainy,35,119,34,85,299.0,303,Yes,Thursday,No,No,Returning,Dine-In,1311.7
4558,2025-04-23,2025-04-23,05:08,Cheese Burger,Burger,3,199,597,Cash,Windy,30,86,25,61,199.0,434,No,Wednesday,No,No,Returning,Dine-In,795.7
4559,2025-11-01,2025-11-01,11:18,Chocolate Shake,Beverage,4,179,716,Cash,Sunny,20,87,49,38,179.0,760,Yes,Saturday,Yes,No,Returning,Delivery,932.6
4560,2025-11-12,2025-11-12,08:42,Cold Coffee,Beverage,5,149,745,UPI,Windy,31,122,57,65,149.0,383,No,Wednesday,No,No,New,Delivery,1091.5
4561,2025-01-05,2025-01-05,06:46,Soft Drink,Beverage,1,79,79,UPI,Cloudy,20,136,58,78,79.0,487,No,Sunday,Yes,No,Returning,Delivery,422.9
4562,2025-07-29,2025-07-29,17:06,Veg Sandwich,Snacks,5,179,895,UPI,Windy,31,159,55,104,179.0,425,Yes,Tuesday,No,No,New,Delivery,1385.5
4563,2025-04-07,2025-04-07,05:00,Veg Burger,Burger,5,149,745,Cash,Windy,28,83,28,55,149.0,551,Yes,Monday,No,No,Returning,Dine-In,1298.5
4564,2025-02-07,2025-02-07,10:51,Cheese Burger,Burger,2,199,398,Credit Card,Cloudy,26,100,40,60,199.0,888,No,Friday,No,No,New,Delivery,829.8
4565,2025-03-25,2025-03-25,13:38,Cold Coffee,Beverage,2,149,298,UPI,Sunny,24,139,52,87,149.0,690,No,Tuesday,No,No,New,Delivery,445.8
4566,2025-03-11,2025-03-11,00:01,Paneer Tikka,Starter,2,299,598,Credit Card,Sunny,33,160,32,128,299.0,654,Yes,Tuesday,No,No,Returning,Takeaway,959.8
4567,2025-09-16,2025-09-16,22:00,Masala Dosa,South Indian,1,199,199,UPI,Windy,24,126,51,75,199.0,518,No,Tuesday,No,No,Returning,Delivery,364.9
4568,2025-11-11,2025-11-11,10:04,Chocolate Shake,Beverage,2,179,358,Credit Card,Sunny,34,95,20,75,179.0,349,Yes,Tuesday,No,No,Returning,Takeaway,852.8
4569,2025-11-28,2025-11-28,07:49,Veg Sandwich,Snacks,5,179,895,Cash,Cloudy,23,151,13,138,179.0,766,No,Friday,No,No,Returning,Dine-In,1474.5
4570,2025-10-24,2025-10-24,00:45,Paneer Tikka,Starter,2,299,598,UPI,Rainy,26,92,27,65,299.0,661,Yes,Friday,No,No,Returning,Delivery,1031.8
4571,2025-07-17,2025-07-17,13:40,Soft Drink,Beverage,5,79,395,Cash,Rainy,29,156,15,141,79.0,396,Yes,Thursday,No,No,New,Dine-In,809.5
4572,2025-11-30,2025-11-30,01:22,Cheese Burger,Burger,5,199,995,Cash,Sunny,18,150,15,135,199.0,347,No,Sunday,Yes,No,Returning,Takeaway,1594.5
4573,2025-08-02,2025-08-02,13:58,Masala Dosa,South Indian,5,199,995,Debit Card,Cloudy,32,136,41,95,199.0,748,Yes,Saturday,Yes,No,New,Takeaway,1473.5
4574,2025-03-17,2025-03-17,00:06,White Sauce Pasta,Pasta,4,249,996,Credit Card,Cloudy,26,80,29,51,249.0,632,No,Monday,No,No,Returning,Takeaway,1377.6
4575,2025-11-20,2025-11-20,04:24,Spring Rolls,Starter,1,229,229,Debit Card,Cloudy,25,88,56,32,229.0,467,No,Thursday,No,No,New,Takeaway,669.9
4576,2025-08-24,2025-08-24,19:09,Chocolate Shake,Beverage,5,179,895,Cash,Rainy,35,180,57,123,179.0,838,No,Sunday,Yes,No,Returning,Delivery,1119.5
4577,2025-05-14,2025-05-14,06:23,Margherita Pizza,Pizza,1,299,299,Credit Card,Cloudy,21,158,47,111,299.0,634,Yes,Wednesday,No,No,Returning,Takeaway,552.9
4578,2025-09-15,2025-09-15,11:52,Veg Sandwich,Snacks,4,179,716,Cash,Cloudy,35,95,41,54,179.0,425,Yes,Monday,No,No,New,Takeaway,1030.6
4579,2025-01-09,2025-01-09,05:47,French Fries,Snacks,4,129,516,Debit Card,Sunny,35,101,41,60,129.0,524,Yes,Thursday,No,Yes,New,Takeaway,923.6
4580,2025-06-06,2025-06-06,22:29,Farmhouse Pizza,Pizza,4,399,1596,UPI,Rainy,28,156,33,123,399.0,707,No,Friday,No,No,Returning,Takeaway,2108.6
4581,2025-03-07,2025-03-07,02:49,Veg Sandwich,Snacks,2,179,358,Credit Card,Sunny,34,161,59,102,179.0,873,Yes,Friday,No,No,New,Delivery,888.8
4582,2025-04-20,2025-04-20,04:57,Spring Rolls,Starter,5,229,1145,Credit Card,Rainy,26,88,48,40,229.0,424,No,Sunday,Yes,No,New,Dine-In,1537.5
4583,2025-08-05,2025-08-05,12:20,White Sauce Pasta,Pasta,4,249,996,Credit Card,Rainy,20,146,59,87,249.0,514,Yes,Tuesday,No,No,New,Dine-In,1466.6
4584,2025-06-22,2025-06-22,19:51,Spring Rolls,Starter,4,229,916,Credit Card,Sunny,18,121,23,98,229.0,606,No,Sunday,Yes,No,Returning,Delivery,1178.6
4585,2025-02-15,2025-02-15,18:23,Veg Sandwich,Snacks,4,179,716,Cash,Cloudy,29,83,53,30,179.0,388,No,Saturday,Yes,No,New,Dine-In,1186.6
4586,2025-06-12,2025-06-12,00:48,Chole Bhature,Main Course,1,199,199,Debit Card,Cloudy,22,111,28,83,199.0,891,No,Thursday,No,No,New,Dine-In,592.9
4587,2025-08-19,2025-08-19,14:25,Veg Biryani,Main Course,2,249,498,UPI,Cloudy,26,161,40,121,249.0,832,Yes,Tuesday,No,No,Returning,Dine-In,973.8
4588,2025-01-04,2025-01-04,05:08,Masala Dosa,South Indian,5,199,995,Cash,Windy,31,126,35,91,199.0,431,Yes,Saturday,Yes,No,New,Takeaway,1288.5
4589,2025-12-18,2025-12-18,07:45,French Fries,Snacks,2,129,258,UPI,Cloudy,31,110,59,51,129.0,475,Yes,Thursday,No,No,Returning,Takeaway,482.8
4590,2025-07-16,2025-07-16,18:13,Cold Coffee,Beverage,1,149,149,UPI,Cloudy,28,130,12,118,149.0,831,No,Wednesday,No,No,New,Delivery,280.9
4591,2025-07-19,2025-07-19,08:00,Cold Coffee,Beverage,2,149,298,Credit Card,Sunny,35,173,50,123,149.0,346,No,Saturday,Yes,No,New,Takeaway,731.8
4592,2025-06-18,2025-06-18,21:47,Veg Biryani,Main Course,1,249,249,Credit Card,Cloudy,23,160,54,106,249.0,773,No,Wednesday,No,Yes,Returning,Takeaway,454.9
4593,2025-11-22,2025-11-22,10:43,Paneer Tikka,Starter,4,299,1196,Debit Card,Windy,31,163,35,128,299.0,442,Yes,Saturday,Yes,No,New,Delivery,1588.6
4594,2025-02-08,2025-02-08,11:49,Spring Rolls,Starter,4,229,916,UPI,Cloudy,18,166,28,138,229.0,877,Yes,Saturday,Yes,No,Returning,Takeaway,1424.6
4595,2025-09-18,2025-09-18,07:43,Masala Dosa,South Indian,2,199,398,Debit Card,Windy,20,152,30,122,199.0,704,Yes,Thursday,No,No,New,Takeaway,865.8
4596,2025-05-13,2025-05-13,23:00,Chole Bhature,Main Course,2,199,398,Credit Card,Rainy,26,132,58,74,199.0,303,No,Tuesday,No,No,Returning,Delivery,687.8
4597,2025-07-24,2025-07-24,01:16,Veg Biryani,Main Course,5,249,1245,Credit Card,Sunny,33,102,48,54,249.0,465,Yes,Thursday,No,No,Returning,Delivery,1740.5
4598,2025-08-09,2025-08-09,02:52,Veg Biryani,Main Course,1,249,249,UPI,Sunny,19,158,14,144,249.0,842,No,Saturday,Yes,No,New,Takeaway,761.9
4599,2025-11-14,2025-11-14,03:47,Margherita Pizza,Pizza,1,299,299,Cash,Cloudy,33,100,39,61,299.0,870,No,Friday,No,No,Returning,Delivery,547.9
4600,2025-08-16,2025-08-16,19:33,Cold Coffee,Beverage,2,149,298,Credit Card,Rainy,19,119,52,67,149.0,382,Yes,Saturday,Yes,No,New,Takeaway,655.8
4601,2025-08-30,2025-08-30,08:35,Farmhouse Pizza,Pizza,2,399,798,Debit Card,Rainy,28,97,55,42,399.0,720,No,Saturday,Yes,No,Returning,Takeaway,1060.8
4602,2025-11-23,2025-11-23,17:05,Spring Rolls,Starter,5,229,1145,Cash,Cloudy,25,117,41,76,229.0,589,Yes,Sunday,Yes,No,New,Takeaway,1698.5
4603,2025-12-21,2025-12-21,18:46,French Fries,Snacks,5,129,645,Cash,Windy,32,174,18,156,129.0,591,No,Sunday,Yes,No,New,Delivery,1056.5
4604,2025-05-03,2025-05-03,23:56,White Sauce Pasta,Pasta,4,249,996,Cash,Cloudy,27,170,22,148,249.0,671,No,Saturday,Yes,No,Returning,Dine-In,1248.6
4605,2025-11-11,2025-11-11,20:19,Soft Drink,Beverage,4,79,316,Debit Card,Rainy,28,117,12,105,79.0,825,Yes,Tuesday,No,No,New,Takeaway,499.6
4606,2025-12-07,2025-12-07,15:27,Paneer Tikka,Starter,3,299,897,Debit Card,Rainy,18,139,18,121,299.0,343,Yes,Sunday,Yes,No,Returning,Takeaway,1095.7
4607,2025-03-15,2025-03-15,01:41,Cheese Burger,Burger,2,199,398,Cash,Sunny,35,89,44,45,199.0,518,No,Saturday,Yes,No,New,Takeaway,667.8
4608,2025-09-11,2025-09-11,23:56,Cold Coffee,Beverage,4,149,596,UPI,Rainy,22,96,38,58,149.0,691,Yes,Thursday,No,No,New,Dine-In,818.6
4609,2025-05-23,2025-05-23,16:48,Veg Biryani,Main Course,2,249,498,Credit Card,Cloudy,32,95,53,42,249.0,540,Yes,Friday,No,No,New,Delivery,910.8
4610,2025-10-09,2025-10-09,01:47,Cold Coffee,Beverage,3,149,447,Credit Card,Sunny,30,164,23,141,149.0,669,No,Thursday,No,No,Returning,Dine-In,716.7
4611,2025-09-22,2025-09-22,04:39,Cold Coffee,Beverage,1,149,149,Credit Card,Sunny,23,151,38,113,149.0,447,No,Monday,No,No,Returning,Dine-In,556.9
4612,2025-06-23,2025-06-23,16:55,Cheese Burger,Burger,3,199,597,Cash,Windy,24,170,21,149,199.0,662,Yes,Monday,No,No,Returning,Delivery,1135.7
4613,2025-08-02,2025-08-02,11:11,Paneer Tikka,Starter,3,299,897,Credit Card,Cloudy,35,85,31,54,299.0,722,Yes,Saturday,Yes,No,New,Dine-In,1243.7
4614,2025-07-27,2025-07-27,23:53,Chocolate Shake,Beverage,5,179,895,Debit Card,Cloudy,23,167,22,145,179.0,795,Yes,Sunday,Yes,No,Returning,Takeaway,1091.5
4615,2025-04-17,2025-04-17,17:24,Veg Sandwich,Snacks,1,179,179,Debit Card,Cloudy,33,143,60,83,179.0,896,No,Thursday,No,No,New,Takeaway,514.9
4616,2025-04-26,2025-04-26,04:53,Veg Biryani,Main Course,1,249,249,Cash,Windy,24,146,55,91,249.0,571,Yes,Saturday,Yes,No,New,Delivery,631.9
4617,2025-05-15,2025-05-15,17:21,Veg Sandwich,Snacks,2,179,358,UPI,Cloudy,28,180,32,148,179.0,780,Yes,Thursday,No,No,New,Takeaway,741.8
4618,2025-04-07,2025-04-07,16:35,Cold Coffee,Beverage,2,149,298,UPI,Rainy,18,158,19,139,149.0,532,Yes,Monday,No,Yes,Returning,Dine-In,708.8
4619,2025-05-03,2025-05-03,17:08,French Fries,Snacks,4,129,516,UPI,Rainy,18,110,46,64,129.0,645,Yes,Saturday,Yes,No,New,Delivery,940.6
4620,2025-12-07,2025-12-07,22:28,Veg Burger,Burger,4,149,596,Debit Card,Sunny,31,114,58,56,149.0,713,Yes,Sunday,Yes,Yes,Returning,Delivery,859.6
4621,2025-12-17,2025-12-17,11:23,Chole Bhature,Main Course,5,199,995,Cash,Cloudy,33,83,32,51,199.0,479,No,Wednesday,No,No,New,Takeaway,1216.5
4622,2025-11-27,2025-11-27,04:29,Chocolate Shake,Beverage,1,179,179,Cash,Cloudy,34,156,48,108,179.0,364,Yes,Thursday,No,No,New,Dine-In,324.9
4623,2025-02-16,2025-02-16,03:23,Masala Dosa,South Indian,3,199,597,Credit Card,Cloudy,26,139,24,115,199.0,558,No,Sunday,Yes,No,Returning,Delivery,1032.7
4624,2025-06-03,2025-06-03,22:38,Cheese Burger,Burger,1,199,199,Cash,Cloudy,34,147,22,125,199.0,302,No,Tuesday,No,No,Returning,Takeaway,336.9
4625,2025-12-09,2025-12-09,02:57,Paneer Tikka,Starter,2,299,598,Debit Card,Cloudy,23,174,45,129,299.0,568,No,Tuesday,No,No,Returning,Takeaway,897.8
4626,2025-02-24,2025-02-24,01:15,Veg Burger,Burger,4,149,596,Debit Card,Windy,35,173,47,126,149.0,738,No,Monday,No,No,Returning,Takeaway,1059.6
4627,2025-12-17,2025-12-17,10:30,Cheese Burger,Burger,5,199,995,Debit Card,Rainy,20,128,50,78,199.0,346,Yes,Wednesday,No,Yes,Returning,Delivery,1404.5
4628,2025-02-05,2025-02-05,04:54,Cheese Burger,Burger,4,199,796,Cash,Sunny,21,163,37,126,199.0,407,Yes,Wednesday,No,No,Returning,Dine-In,1028.6
4629,2025-07-28,2025-07-28,09:31,Paneer Tikka,Starter,4,299,1196,Credit Card,Cloudy,26,97,10,87,299.0,738,Yes,Monday,No,No,Returning,Dine-In,1545.6
4630,2025-02-13,2025-02-13,21:29,French Fries,Snacks,4,129,516,Debit Card,Cloudy,35,122,29,93,129.0,861,Yes,Thursday,No,Yes,Returning,Takeaway,674.6
4631,2025-04-16,2025-04-16,21:05,Cheese Burger,Burger,5,199,995,UPI,Cloudy,22,134,23,111,199.0,627,No,Wednesday,No,No,New,Takeaway,1202.5
4632,2025-09-11,2025-09-11,22:20,Soft Drink,Beverage,3,79,237,UPI,Rainy,34,135,40,95,79.0,413,No,Thursday,No,No,New,Takeaway,390.7
4633,2025-06-22,2025-06-22,22:19,Cheese Burger,Burger,2,199,398,Credit Card,Sunny,34,140,14,126,199.0,800,No,Sunday,Yes,No,New,Delivery,577.8
4634,2025-02-05,2025-02-05,15:47,Soft Drink,Beverage,3,79,237,UPI,Rainy,33,158,38,120,79.0,378,Yes,Wednesday,No,No,New,Dine-In,500.7
4635,2025-05-12,2025-05-12,14:46,Margherita Pizza,Pizza,4,299,1196,Credit Card,Cloudy,30,94,27,67,299.0,876,Yes,Monday,No,No,New,Delivery,1797.6
4636,2025-10-14,2025-10-14,09:06,Veg Sandwich,Snacks,2,179,358,UPI,Rainy,24,135,39,96,179.0,496,Yes,Tuesday,No,No,New,Delivery,867.8
4637,2025-01-27,2025-01-27,19:26,Cold Coffee,Beverage,5,149,745,Cash,Sunny,27,113,29,84,149.0,370,No,Monday,No,No,Returning,Takeaway,1051.5
4638,2025-08-24,2025-08-24,21:05,Masala Dosa,South Indian,2,199,398,Credit Card,Cloudy,23,166,48,118,199.0,517,No,Sunday,Yes,Yes,New,Delivery,639.8
4639,2025-03-16,2025-03-16,23:58,Veg Sandwich,Snacks,4,179,716,UPI,Rainy,34,87,18,69,179.0,584,Yes,Sunday,Yes,No,New,Delivery,1274.6
4640,2025-06-12,2025-06-12,19:51,Veg Biryani,Main Course,5,249,1245,Credit Card,Windy,24,127,44,83,249.0,692,No,Thursday,No,No,Returning,Dine-In,1798.5
4641,2025-08-05,2025-08-05,10:36,Soft Drink,Beverage,3,79,237,Credit Card,Sunny,35,148,18,130,79.0,821,No,Tuesday,No,Yes,New,Delivery,551.7
4642,2025-07-23,2025-07-23,04:17,Veg Sandwich,Snacks,2,179,358,Cash,Windy,28,165,39,126,179.0,531,Yes,Wednesday,No,No,Returning,Delivery,800.8
4643,2025-04-10,2025-04-10,07:38,Cold Coffee,Beverage,2,149,298,Credit Card,Rainy,19,159,22,137,149.0,844,No,Thursday,No,No,Returning,Dine-In,617.8
4644,2025-03-09,2025-03-09,14:38,Veg Biryani,Main Course,2,249,498,Cash,Sunny,19,114,24,90,249.0,799,No,Sunday,Yes,No,New,Takeaway,796.8
4645,2025-05-30,2025-05-30,07:21,Masala Dosa,South Indian,1,199,199,Credit Card,Rainy,30,100,49,51,199.0,308,Yes,Friday,No,No,New,Dine-In,467.9
4646,2025-03-05,2025-03-05,19:46,White Sauce Pasta,Pasta,3,249,747,Debit Card,Rainy,26,153,21,132,249.0,757,Yes,Wednesday,No,No,New,Delivery,1263.7
4647,2025-10-16,2025-10-16,08:40,Spring Rolls,Starter,4,229,916,Cash,Rainy,28,81,55,26,229.0,667,No,Thursday,No,No,New,Takeaway,1146.6
4648,2025-05-04,2025-05-04,22:40,Veg Burger,Burger,1,149,149,Cash,Rainy,30,115,20,95,149.0,617,No,Sunday,Yes,No,New,Takeaway,596.9
4649,2025-09-28,2025-09-28,21:36,Masala Dosa,South Indian,1,199,199,Cash,Rainy,21,131,12,119,199.0,836,No,Sunday,Yes,Yes,New,Delivery,457.9
4650,2025-10-11,2025-10-11,08:04,Chole Bhature,Main Course,4,199,796,UPI,Windy,34,179,10,169,199.0,441,No,Saturday,Yes,No,Returning,Takeaway,1055.6
4651,2025-04-13,2025-04-13,17:35,Masala Dosa,South Indian,1,199,199,UPI,Sunny,32,146,31,115,199.0,578,Yes,Sunday,Yes,No,New,Takeaway,656.9
4652,2025-03-03,2025-03-03,03:05,Masala Dosa,South Indian,1,199,199,UPI,Sunny,28,95,57,38,199.0,551,Yes,Monday,No,No,New,Takeaway,368.9
4653,2025-09-10,2025-09-10,14:22,Veg Sandwich,Snacks,1,179,179,Credit Card,Sunny,25,83,50,33,179.0,781,No,Wednesday,No,No,New,Dine-In,337.9
4654,2025-01-09,2025-01-09,11:01,Chole Bhature,Main Course,5,199,995,Credit Card,Windy,33,91,29,62,199.0,839,Yes,Thursday,No,No,New,Takeaway,1487.5
4655,2025-07-21,2025-07-21,12:22,Veg Burger,Burger,3,149,447,Cash,Cloudy,34,85,50,35,149.0,470,Yes,Monday,No,No,New,Takeaway,678.7
4656,2025-07-23,2025-07-23,02:57,White Sauce Pasta,Pasta,5,249,1245,UPI,Rainy,22,118,53,65,249.0,434,No,Wednesday,No,No,Returning,Takeaway,1724.5
4657,2025-09-03,2025-09-03,14:30,Veg Sandwich,Snacks,1,179,179,Cash,Rainy,18,85,20,65,179.0,343,Yes,Wednesday,No,No,Returning,Takeaway,574.9
4658,2025-03-01,2025-03-01,11:39,Farmhouse Pizza,Pizza,2,399,798,Credit Card,Rainy,35,128,17,111,399.0,809,Yes,Saturday,Yes,No,Returning,Dine-In,1194.8
4659,2025-11-17,2025-11-17,00:48,Chole Bhature,Main Course,3,199,597,UPI,Sunny,24,134,56,78,199.0,554,No,Monday,No,No,Returning,Takeaway,971.7
4660,2025-02-04,2025-02-04,11:27,Spring Rolls,Starter,4,229,916,Debit Card,Cloudy,34,92,24,68,229.0,368,Yes,Tuesday,No,No,New,Delivery,1350.6
4661,2025-08-01,2025-08-01,18:39,Veg Sandwich,Snacks,5,179,895,Credit Card,Rainy,21,156,31,125,179.0,399,Yes,Friday,No,No,Returning,Takeaway,1410.5
4662,2025-12-11,2025-12-11,11:01,White Sauce Pasta,Pasta,1,249,249,Credit Card,Sunny,31,142,27,115,249.0,704,No,Thursday,No,No,New,Takeaway,758.9
4663,2025-07-20,2025-07-20,06:57,Margherita Pizza,Pizza,4,299,1196,Debit Card,Cloudy,18,109,56,53,299.0,836,Yes,Sunday,Yes,No,Returning,Dine-In,1666.6
4664,2025-10-05,2025-10-05,17:28,Chole Bhature,Main Course,1,199,199,Credit Card,Rainy,26,125,11,114,199.0,714,Yes,Sunday,Yes,No,Returning,Dine-In,644.9
4665,2025-04-15,2025-04-15,07:26,Margherita Pizza,Pizza,3,299,897,Debit Card,Windy,30,175,41,134,299.0,372,No,Tuesday,No,No,Returning,Dine-In,1434.7
4666,2025-06-01,2025-06-01,23:09,Spring Rolls,Starter,4,229,916,Debit Card,Windy,33,175,36,139,229.0,556,No,Sunday,Yes,No,Returning,Delivery,1388.6
4667,2025-10-16,2025-10-16,10:11,Soft Drink,Beverage,4,79,316,Credit Card,Cloudy,24,85,12,73,79.0,378,No,Thursday,No,No,New,Takeaway,762.6
4668,2025-07-17,2025-07-17,05:42,Veg Biryani,Main Course,1,249,249,Cash,Rainy,31,173,34,139,249.0,644,No,Thursday,No,No,New,Dine-In,677.9
4669,2025-04-21,2025-04-21,03:48,Margherita Pizza,Pizza,4,299,1196,Cash,Rainy,31,81,53,28,299.0,473,No,Monday,No,No,New,Dine-In,1457.6
4670,2025-06-17,2025-06-17,02:34,Soft Drink,Beverage,4,79,316,Cash,Windy,25,146,14,132,79.0,438,Yes,Tuesday,No,Yes,New,Delivery,748.6
4671,2025-07-08,2025-07-08,02:08,Veg Burger,Burger,5,149,745,Debit Card,Cloudy,24,160,42,118,149.0,331,No,Tuesday,No,No,Returning,Takeaway,965.5
4672,2025-07-02,2025-07-02,13:14,White Sauce Pasta,Pasta,1,249,249,UPI,Windy,21,97,23,74,249.0,696,No,Wednesday,No,No,New,Delivery,557.9
4673,2025-08-23,2025-08-23,18:20,Chole Bhature,Main Course,4,199,796,Debit Card,Sunny,28,88,17,71,199.0,531,No,Saturday,Yes,No,Returning,Dine-In,1142.6
4674,2025-05-21,2025-05-21,09:13,Farmhouse Pizza,Pizza,5,399,1995,Cash,Sunny,19,129,50,79,399.0,887,Yes,Wednesday,No,No,Returning,Takeaway,2444.5
4675,2025-01-07,2025-01-07,19:56,Chole Bhature,Main Course,4,199,796,Credit Card,Cloudy,28,149,13,136,199.0,741,Yes,Tuesday,No,No,New,Delivery,1171.6
4676,2025-06-02,2025-06-02,13:54,Veg Burger,Burger,3,149,447,Credit Card,Rainy,25,162,16,146,149.0,481,No,Monday,No,No,Returning,Delivery,681.7
4677,2025-11-19,2025-11-19,01:19,Cheese Burger,Burger,3,199,597,UPI,Windy,19,149,19,130,199.0,441,Yes,Wednesday,No,No,Returning,Dine-In,1054.7
4678,2025-03-07,2025-03-07,15:00,Veg Burger,Burger,2,149,298,UPI,Sunny,35,112,14,98,149.0,502,No,Friday,No,No,Returning,Dine-In,633.8
4679,2025-01-16,2025-01-16,23:25,Cheese Burger,Burger,3,199,597,Debit Card,Windy,21,140,13,127,199.0,458,Yes,Thursday,No,No,New,Takeaway,811.7
4680,2025-08-06,2025-08-06,06:10,French Fries,Snacks,2,129,258,Cash,Sunny,19,168,48,120,129.0,868,No,Wednesday,No,No,Returning,Dine-In,710.8
4681,2025-11-06,2025-11-06,17:28,Chole Bhature,Main Course,2,199,398,UPI,Sunny,34,154,36,118,199.0,482,No,Thursday,No,No,New,Dine-In,883.8
4682,2025-06-01,2025-06-01,19:42,Masala Dosa,South Indian,5,199,995,Debit Card,Windy,26,120,52,68,199.0,602,No,Sunday,Yes,No,Returning,Delivery,1207.5
4683,2025-12-24,2025-12-24,10:00,Paneer Tikka,Starter,4,299,1196,Cash,Sunny,19,122,52,70,299.0,681,No,Wednesday,No,No,Returning,Delivery,1637.6
4684,2025-03-21,2025-03-21,00:56,Margherita Pizza,Pizza,2,299,598,Cash,Rainy,24,162,58,104,299.0,633,Yes,Friday,No,No,Returning,Takeaway,969.8
4685,2025-06-09,2025-06-09,23:14,Veg Biryani,Main Course,5,249,1245,Debit Card,Cloudy,18,154,15,139,249.0,376,Yes,Monday,No,No,New,Dine-In,1788.5
4686,2025-01-28,2025-01-28,10:47,Veg Burger,Burger,4,149,596,UPI,Cloudy,32,138,43,95,149.0,679,Yes,Tuesday,No,No,Returning,Takeaway,911.6
4687,2025-06-06,2025-06-06,12:49,Spring Rolls,Starter,4,229,916,Debit Card,Sunny,28,106,29,77,229.0,612,No,Friday,No,No,New,Dine-In,1294.6
4688,2025-09-06,2025-09-06,03:18,Cold Coffee,Beverage,4,149,596,Credit Card,Cloudy,19,157,20,137,149.0,716,No,Saturday,Yes,No,Returning,Dine-In,980.6
4689,2025-10-01,2025-10-01,00:10,Cheese Burger,Burger,2,199,398,UPI,Cloudy,26,112,40,72,199.0,399,No,Wednesday,No,No,New,Takeaway,794.8
4690,2025-06-08,2025-06-08,23:22,Spring Rolls,Starter,1,229,229,Credit Card,Cloudy,21,159,42,117,229.0,782,No,Sunday,Yes,No,Returning,Delivery,592.9
4691,2025-02-08,2025-02-08,12:51,Veg Biryani,Main Course,4,249,996,Credit Card,Windy,32,128,16,112,249.0,614,No,Saturday,Yes,No,New,Takeaway,1442.6
4692,2025-11-22,2025-11-22,07:56,Farmhouse Pizza,Pizza,1,399,399,Credit Card,Rainy,23,131,50,81,399.0,732,Yes,Saturday,Yes,No,New,Dine-In,669.9
4693,2025-01-07,2025-01-07,23:29,Cheese Burger,Burger,3,199,597,UPI,Cloudy,19,92,12,80,199.0,736,No,Tuesday,No,No,Returning,Dine-In,756.7
4694,2025-05-13,2025-05-13,14:10,Masala Dosa,South Indian,3,199,597,Credit Card,Rainy,31,132,15,117,199.0,846,No,Tuesday,No,No,Returning,Takeaway,1117.7
4695,2025-07-03,2025-07-03,16:13,Soft Drink,Beverage,3,79,237,Debit Card,Windy,24,170,38,132,79.0,590,No,Thursday,No,No,Returning,Takeaway,745.7
4696,2025-10-17,2025-10-17,16:46,Cheese Burger,Burger,2,199,398,Cash,Rainy,23,124,37,87,199.0,484,No,Friday,No,No,New,Dine-In,624.8
4697,2025-08-18,2025-08-18,00:24,Cold Coffee,Beverage,1,149,149,UPI,Rainy,29,126,41,85,149.0,612,Yes,Monday,No,Yes,Returning,Delivery,289.9
4698,2025-11-13,2025-11-13,06:38,French Fries,Snacks,5,129,645,Credit Card,Sunny,27,151,23,128,129.0,348,No,Thursday,No,No,New,Dine-In,975.5
4699,2025-01-10,2025-01-10,00:36,Veg Biryani,Main Course,3,249,747,Debit Card,Windy,32,146,57,89,249.0,541,Yes,Friday,No,No,New,Takeaway,1272.7
4700,2025-01-26,2025-01-26,08:07,White Sauce Pasta,Pasta,4,249,996,UPI,Cloudy,25,168,47,121,249.0,431,No,Sunday,Yes,No,Returning,Delivery,1199.6
4701,2025-08-07,2025-08-07,10:12,Paneer Tikka,Starter,5,299,1495,Credit Card,Cloudy,29,91,33,58,299.0,453,No,Thursday,No,No,New,Dine-In,1974.5
4702,2025-12-26,2025-12-26,20:32,Chole Bhature,Main Course,2,199,398,UPI,Sunny,27,143,58,85,199.0,346,No,Friday,No,No,New,Dine-In,577.8
4703,2025-12-17,2025-12-17,15:10,Veg Burger,Burger,3,149,447,Cash,Sunny,32,98,60,38,149.0,653,No,Wednesday,No,No,New,Dine-In,630.7
4704,2025-04-14,2025-04-14,07:37,Masala Dosa,South Indian,1,199,199,Credit Card,Windy,31,163,52,111,199.0,482,No,Monday,No,No,Returning,Dine-In,521.9
4705,2025-09-06,2025-09-06,13:14,Cold Coffee,Beverage,3,149,447,Cash,Sunny,31,108,27,81,149.0,377,No,Saturday,Yes,No,New,Takeaway,826.7
4706,2025-12-25,2025-12-25,11:00,Spring Rolls,Starter,5,229,1145,Credit Card,Cloudy,23,171,51,120,229.0,588,Yes,Thursday,No,No,New,Dine-In,1614.5
4707,2025-03-17,2025-03-17,20:09,Soft Drink,Beverage,5,79,395,Cash,Windy,20,109,60,49,79.0,550,No,Monday,No,No,Returning,Takeaway,650.5
4708,2025-05-24,2025-05-24,23:10,Veg Sandwich,Snacks,3,179,537,Cash,Sunny,31,86,42,44,179.0,780,Yes,Saturday,Yes,No,Returning,Takeaway,1004.7
4709,2025-09-20,2025-09-20,16:29,Soft Drink,Beverage,2,79,158,Debit Card,Windy,26,152,45,107,79.0,419,Yes,Saturday,Yes,No,New,Dine-In,356.8
4710,2025-11-02,2025-11-02,16:10,Cheese Burger,Burger,5,199,995,Cash,Windy,22,111,36,75,199.0,364,No,Sunday,Yes,No,New,Takeaway,1546.5
4711,2025-06-02,2025-06-02,03:16,Masala Dosa,South Indian,4,199,796,Credit Card,Rainy,26,96,53,43,199.0,655,Yes,Monday,No,No,Returning,Delivery,1175.6
4712,2025-08-06,2025-08-06,10:25,Spring Rolls,Starter,2,229,458,Cash,Windy,27,177,59,118,229.0,430,Yes,Wednesday,No,No,Returning,Delivery,684.8
4713,2025-05-29,2025-05-29,02:43,White Sauce Pasta,Pasta,3,249,747,Cash,Sunny,32,178,26,152,249.0,570,No,Thursday,No,No,New,Delivery,1222.7
4714,2025-03-29,2025-03-29,16:21,Spring Rolls,Starter,5,229,1145,Cash,Sunny,26,139,58,81,229.0,442,No,Saturday,Yes,No,New,Takeaway,1622.5
4715,2025-05-20,2025-05-20,23:20,Cold Coffee,Beverage,4,149,596,Cash,Rainy,25,96,22,74,149.0,593,No,Tuesday,No,No,New,Delivery,774.6
4716,2025-05-22,2025-05-22,10:22,Cheese Burger,Burger,1,199,199,Credit Card,Rainy,20,161,53,108,199.0,584,Yes,Thursday,No,No,Returning,Dine-In,444.9
4717,2025-01-08,2025-01-08,19:36,Veg Biryani,Main Course,2,249,498,Debit Card,Cloudy,23,156,36,120,249.0,733,No,Wednesday,No,No,Returning,Delivery,666.8
4718,2025-07-03,2025-07-03,13:24,Masala Dosa,South Indian,2,199,398,UPI,Cloudy,18,172,59,113,199.0,342,Yes,Thursday,No,No,New,Delivery,739.8
4719,2025-06-06,2025-06-06,10:22,Farmhouse Pizza,Pizza,2,399,798,Debit Card,Rainy,29,170,41,129,399.0,799,Yes,Friday,No,No,Returning,Dine-In,1049.8
4720,2025-08-31,2025-08-31,15:35,Cheese Burger,Burger,1,199,199,Cash,Sunny,26,172,28,144,199.0,691,No,Sunday,Yes,Yes,Returning,Delivery,578.9
4721,2025-04-27,2025-04-27,18:33,Margherita Pizza,Pizza,4,299,1196,Credit Card,Sunny,19,93,37,56,299.0,447,No,Sunday,Yes,No,Returning,Takeaway,1539.6
4722,2025-07-25,2025-07-25,08:21,Paneer Tikka,Starter,5,299,1495,Cash,Cloudy,18,101,41,60,299.0,585,No,Friday,No,No,New,Dine-In,2049.5
4723,2025-08-05,2025-08-05,00:26,Chocolate Shake,Beverage,2,179,358,UPI,Rainy,27,155,17,138,179.0,457,Yes,Tuesday,No,No,Returning,Delivery,526.8
4724,2025-10-13,2025-10-13,00:16,Cheese Burger,Burger,3,199,597,UPI,Windy,22,129,25,104,199.0,860,No,Monday,No,No,New,Takeaway,1114.7
4725,2025-01-14,2025-01-14,09:23,Chole Bhature,Main Course,3,199,597,Cash,Windy,33,105,54,51,199.0,752,Yes,Tuesday,No,No,Returning,Delivery,1010.7
4726,2025-01-27,2025-01-27,13:31,Chole Bhature,Main Course,3,199,597,Cash,Sunny,29,170,30,140,199.0,477,No,Monday,No,No,New,Dine-In,975.7
4727,2025-07-11,2025-07-11,17:37,French Fries,Snacks,3,129,387,Credit Card,Cloudy,28,155,17,138,129.0,334,Yes,Friday,No,No,New,Delivery,568.7
4728,2025-05-07,2025-05-07,03:02,Chocolate Shake,Beverage,3,179,537,Debit Card,Rainy,25,88,17,71,179.0,540,Yes,Wednesday,No,No,New,Takeaway,1089.7
4729,2025-12-29,2025-12-29,01:15,Veg Sandwich,Snacks,5,179,895,Cash,Windy,30,142,51,91,179.0,582,Yes,Monday,No,No,New,Dine-In,1206.5
4730,2025-09-21,2025-09-21,03:56,Veg Sandwich,Snacks,2,179,358,UPI,Rainy,18,178,35,143,179.0,786,No,Sunday,Yes,No,Returning,Takeaway,659.8
4731,2025-02-12,2025-02-12,08:26,Chole Bhature,Main Course,2,199,398,Cash,Sunny,30,156,50,106,199.0,781,Yes,Wednesday,No,Yes,Returning,Delivery,719.8
4732,2025-11-29,2025-11-29,11:45,Cheese Burger,Burger,2,199,398,Cash,Cloudy,25,142,33,109,199.0,825,No,Saturday,Yes,No,New,Takeaway,576.8
4733,2025-05-03,2025-05-03,22:03,Cheese Burger,Burger,2,199,398,Credit Card,Cloudy,32,166,13,153,199.0,490,Yes,Saturday,Yes,No,New,Takeaway,702.8
4734,2025-04-04,2025-04-04,02:13,Chocolate Shake,Beverage,4,179,716,UPI,Cloudy,31,169,37,132,179.0,619,Yes,Friday,No,No,New,Delivery,1011.6
4735,2025-02-13,2025-02-13,23:34,Cold Coffee,Beverage,4,149,596,Cash,Windy,33,121,31,90,149.0,744,Yes,Thursday,No,Yes,Returning,Takeaway,774.6
4736,2025-05-26,2025-05-26,12:05,White Sauce Pasta,Pasta,4,249,996,UPI,Rainy,21,147,52,95,249.0,572,No,Monday,No,No,New,Takeaway,1581.6
4737,2025-10-14,2025-10-14,00:43,Cold Coffee,Beverage,2,149,298,UPI,Cloudy,23,150,42,108,149.0,794,No,Tuesday,No,No,New,Delivery,454.8
4738,2025-04-20,2025-04-20,22:14,French Fries,Snacks,3,129,387,Cash,Rainy,26,152,51,101,129.0,659,Yes,Sunday,Yes,No,New,Delivery,879.7
4739,2025-10-24,2025-10-24,01:52,Masala Dosa,South Indian,2,199,398,Debit Card,Sunny,18,141,21,120,199.0,698,No,Friday,No,No,New,Delivery,861.8
4740,2025-07-10,2025-07-10,06:34,Cheese Burger,Burger,4,199,796,Credit Card,Rainy,28,162,59,103,199.0,602,No,Thursday,No,No,New,Dine-In,1109.6
4741,2025-10-29,2025-10-29,03:27,Veg Biryani,Main Course,2,249,498,Credit Card,Sunny,31,146,15,131,249.0,403,Yes,Wednesday,No,No,Returning,Takeaway,810.8
4742,2025-03-10,2025-03-10,06:59,Spring Rolls,Starter,3,229,687,Debit Card,Rainy,29,136,20,116,229.0,522,Yes,Monday,No,No,New,Delivery,1162.7
4743,2025-10-18,2025-10-18,17:33,Veg Burger,Burger,1,149,149,Credit Card,Cloudy,32,131,22,109,149.0,500,No,Saturday,Yes,Yes,New,Dine-In,322.9
4744,2025-03-05,2025-03-05,04:52,Chole Bhature,Main Course,1,199,199,UPI,Sunny,21,130,52,78,199.0,383,Yes,Wednesday,No,No,New,Takeaway,399.9
4745,2025-01-09,2025-01-09,21:10,White Sauce Pasta,Pasta,2,249,498,Credit Card,Cloudy,21,141,29,112,249.0,614,No,Thursday,No,No,New,Takeaway,772.8
4746,2025-05-28,2025-05-28,05:24,Veg Biryani,Main Course,3,249,747,Credit Card,Rainy,33,103,55,48,249.0,420,No,Wednesday,No,No,New,Delivery,1118.7
4747,2025-07-09,2025-07-09,22:33,Farmhouse Pizza,Pizza,4,399,1596,UPI,Cloudy,21,147,17,130,399.0,550,Yes,Wednesday,No,No,Returning,Takeaway,2060.6
4748,2025-09-01,2025-09-01,00:13,White Sauce Pasta,Pasta,2,249,498,Debit Card,Rainy,18,114,42,72,249.0,455,No,Monday,No,Yes,Returning,Dine-In,650.8
4749,2025-05-21,2025-05-21,03:05,Soft Drink,Beverage,4,79,316,Debit Card,Windy,18,106,49,57,79.0,411,No,Wednesday,No,No,Returning,Takeaway,785.6
4750,2025-01-15,2025-01-15,16:04,Chole Bhature,Main Course,2,199,398,Debit Card,Cloudy,35,156,42,114,199.0,561,Yes,Wednesday,No,No,Returning,Dine-In,698.8
4751,2025-12-14,2025-12-14,05:55,Masala Dosa,South Indian,5,199,995,UPI,Cloudy,19,153,25,128,199.0,543,Yes,Sunday,Yes,No,Returning,Dine-In,1544.5
4752,2025-03-15,2025-03-15,11:55,Veg Burger,Burger,5,149,745,Debit Card,Cloudy,29,176,43,133,149.0,678,No,Saturday,Yes,Yes,Returning,Takeaway,987.5
4753,2025-10-29,2025-10-29,17:01,French Fries,Snacks,4,129,516,Cash,Rainy,32,169,58,111,129.0,317,No,Wednesday,No,No,New,Takeaway,928.6
4754,2025-01-02,2025-01-02,19:13,Cheese Burger,Burger,4,199,796,Debit Card,Cloudy,19,133,29,104,199.0,472,Yes,Thursday,No,No,Returning,Delivery,1167.6
4755,2025-07-08,2025-07-08,09:52,White Sauce Pasta,Pasta,3,249,747,UPI,Windy,32,153,34,119,249.0,676,Yes,Tuesday,No,No,New,Delivery,1287.7
4756,2025-09-22,2025-09-22,11:18,White Sauce Pasta,Pasta,4,249,996,Cash,Rainy,33,107,29,78,249.0,661,No,Monday,No,No,Returning,Delivery,1343.6
4757,2025-12-01,2025-12-01,04:05,Spring Rolls,Starter,5,229,1145,Credit Card,Sunny,19,95,20,75,229.0,518,No,Monday,No,No,New,Dine-In,1719.5
4758,2025-03-07,2025-03-07,09:55,Chocolate Shake,Beverage,1,179,179,Cash,Sunny,31,145,32,113,179.0,857,No,Friday,No,No,New,Takeaway,573.9
4759,2025-01-04,2025-01-04,22:18,Chocolate Shake,Beverage,2,179,358,Cash,Rainy,25,143,32,111,179.0,824,Yes,Saturday,Yes,No,Returning,Delivery,550.8
4760,2025-06-01,2025-06-01,06:44,Spring Rolls,Starter,1,229,229,Credit Card,Sunny,25,100,54,46,229.0,764,No,Sunday,Yes,No,New,Delivery,661.9
4761,2025-12-21,2025-12-21,00:24,Veg Sandwich,Snacks,5,179,895,Cash,Sunny,25,155,19,136,179.0,394,No,Sunday,Yes,No,New,Delivery,1171.5
4762,2025-05-29,2025-05-29,12:03,Margherita Pizza,Pizza,1,299,299,Cash,Rainy,20,101,40,61,299.0,459,Yes,Thursday,No,No,Returning,Delivery,755.9
4763,2025-05-28,2025-05-28,10:59,Margherita Pizza,Pizza,2,299,598,Debit Card,Rainy,24,162,45,117,299.0,594,No,Wednesday,No,No,New,Takeaway,918.8
4764,2025-01-16,2025-01-16,04:53,Cold Coffee,Beverage,5,149,745,UPI,Windy,19,149,39,110,149.0,801,No,Thursday,No,No,Returning,Delivery,1129.5
4765,2025-07-28,2025-07-28,05:58,French Fries,Snacks,2,129,258,Credit Card,Cloudy,25,162,57,105,129.0,433,Yes,Monday,No,Yes,New,Dine-In,653.8
4766,2025-08-19,2025-08-19,01:06,French Fries,Snacks,3,129,387,Cash,Cloudy,27,85,25,60,129.0,829,Yes,Tuesday,No,Yes,Returning,Delivery,699.7
4767,2025-04-08,2025-04-08,11:50,Veg Burger,Burger,2,149,298,Debit Card,Windy,24,141,16,125,149.0,529,No,Tuesday,No,No,Returning,Delivery,723.8
4768,2025-11-16,2025-11-16,05:32,Margherita Pizza,Pizza,3,299,897,Credit Card,Cloudy,25,90,13,77,299.0,385,No,Sunday,Yes,No,New,Delivery,1384.7
4769,2025-05-05,2025-05-05,05:36,Soft Drink,Beverage,3,79,237,Cash,Rainy,25,163,43,120,79.0,352,No,Monday,No,No,New,Dine-In,675.7
4770,2025-11-01,2025-11-01,05:41,Chocolate Shake,Beverage,2,179,358,Cash,Cloudy,30,179,28,151,179.0,533,No,Saturday,Yes,No,Returning,Dine-In,653.8
4771,2025-01-13,2025-01-13,10:51,Veg Sandwich,Snacks,3,179,537,UPI,Cloudy,21,111,17,94,179.0,453,No,Monday,No,No,New,Dine-In,829.7
4772,2025-08-11,2025-08-11,08:29,Farmhouse Pizza,Pizza,1,399,399,UPI,Sunny,33,108,54,54,399.0,600,No,Monday,No,No,Returning,Delivery,913.9
4773,2025-07-01,2025-07-01,06:30,Chole Bhature,Main Course,4,199,796,UPI,Windy,18,82,48,34,199.0,337,Yes,Tuesday,No,No,Returning,Dine-In,1118.6
4774,2025-01-02,2025-01-02,04:12,White Sauce Pasta,Pasta,5,249,1245,Debit Card,Windy,18,180,29,151,249.0,343,Yes,Thursday,No,No,New,Delivery,1746.5
4775,2025-11-29,2025-11-29,07:31,Farmhouse Pizza,Pizza,4,399,1596,Cash,Cloudy,35,112,11,101,399.0,327,No,Saturday,Yes,No,New,Delivery,2222.6
4776,2025-11-08,2025-11-08,23:48,Chole Bhature,Main Course,3,199,597,Cash,Rainy,19,96,22,74,199.0,416,No,Saturday,Yes,No,Returning,Dine-In,803.7
4777,2025-09-29,2025-09-29,23:14,Paneer Tikka,Starter,3,299,897,Debit Card,Cloudy,35,80,24,56,299.0,508,No,Monday,No,No,Returning,Takeaway,1339.7
4778,2025-10-08,2025-10-08,13:00,Masala Dosa,South Indian,4,199,796,Debit Card,Windy,28,151,18,133,199.0,865,No,Wednesday,No,No,New,Dine-In,1053.6
4779,2025-05-03,2025-05-03,14:31,Spring Rolls,Starter,1,229,229,Cash,Cloudy,35,117,39,78,229.0,597,No,Saturday,Yes,No,Returning,Dine-In,558.9
4780,2025-12-18,2025-12-18,20:25,Cold Coffee,Beverage,2,149,298,Debit Card,Windy,21,124,47,77,149.0,475,Yes,Thursday,No,No,Returning,Takeaway,774.8
4781,2025-09-21,2025-09-21,22:38,Veg Burger,Burger,1,149,149,Credit Card,Windy,33,138,35,103,149.0,824,Yes,Sunday,Yes,No,Returning,Delivery,412.9
4782,2025-01-09,2025-01-09,21:47,Masala Dosa,South Indian,4,199,796,Credit Card,Sunny,23,85,27,58,199.0,611,Yes,Thursday,No,No,Returning,Dine-In,1318.6
4783,2025-09-08,2025-09-08,04:00,White Sauce Pasta,Pasta,4,249,996,UPI,Sunny,21,144,44,100,249.0,803,No,Monday,No,No,Returning,Dine-In,1272.6
4784,2025-02-27,2025-02-27,17:12,Veg Biryani,Main Course,4,249,996,Cash,Windy,29,133,51,82,249.0,887,Yes,Thursday,No,No,Returning,Delivery,1583.6
4785,2025-03-31,2025-03-31,02:46,Chocolate Shake,Beverage,4,179,716,Cash,Rainy,27,159,14,145,179.0,838,No,Monday,No,Yes,New,Dine-In,1116.6
4786,2025-04-24,2025-04-24,02:18,Spring Rolls,Starter,3,229,687,Credit Card,Windy,23,136,28,108,229.0,306,Yes,Thursday,No,No,New,Delivery,921.7
4787,2025-07-20,2025-07-20,01:49,Veg Burger,Burger,5,149,745,UPI,Sunny,32,87,48,39,149.0,773,No,Sunday,Yes,No,New,Delivery,1255.5
4788,2025-08-11,2025-08-11,10:21,Chocolate Shake,Beverage,2,179,358,Debit Card,Sunny,21,81,41,40,179.0,601,No,Monday,No,No,New,Delivery,769.8
4789,2025-03-30,2025-03-30,10:51,Farmhouse Pizza,Pizza,2,399,798,Debit Card,Windy,34,173,38,135,399.0,551,No,Sunday,Yes,No,Returning,Takeaway,1104.8
4790,2025-06-03,2025-06-03,08:08,Spring Rolls,Starter,3,229,687,Debit Card,Rainy,27,104,26,78,229.0,724,Yes,Tuesday,No,No,Returning,Takeaway,916.7
4791,2025-04-19,2025-04-19,04:10,French Fries,Snacks,1,129,129,Cash,Windy,27,89,15,74,129.0,821,Yes,Saturday,Yes,No,New,Dine-In,471.9
4792,2025-11-13,2025-11-13,05:39,Cheese Burger,Burger,1,199,199,Debit Card,Cloudy,29,125,40,85,199.0,574,No,Thursday,No,No,Returning,Takeaway,411.9
4793,2025-08-03,2025-08-03,06:45,Margherita Pizza,Pizza,3,299,897,Cash,Windy,22,176,49,127,299.0,819,No,Sunday,Yes,No,Returning,Delivery,1392.7
4794,2025-04-03,2025-04-03,06:57,Masala Dosa,South Indian,1,199,199,Credit Card,Windy,19,139,49,90,199.0,405,Yes,Thursday,No,No,Returning,Dine-In,404.9
4795,2025-11-19,2025-11-19,12:47,White Sauce Pasta,Pasta,4,249,996,Credit Card,Windy,23,154,24,130,249.0,719,No,Wednesday,No,No,New,Dine-In,1262.6
4796,2025-12-03,2025-12-03,17:44,French Fries,Snacks,2,129,258,UPI,Rainy,23,164,46,118,129.0,856,No,Wednesday,No,No,New,Delivery,567.8
4797,2025-01-25,2025-01-25,23:03,Veg Burger,Burger,3,149,447,Credit Card,Sunny,22,126,57,69,149.0,373,Yes,Saturday,Yes,No,New,Takeaway,850.7
4798,2025-04-13,2025-04-13,20:24,Cold Coffee,Beverage,3,149,447,Cash,Cloudy,24,100,24,76,149.0,747,Yes,Sunday,Yes,No,New,Takeaway,667.7
4799,2025-01-27,2025-01-27,23:34,Cold Coffee,Beverage,4,149,596,Credit Card,Sunny,21,140,17,123,149.0,378,Yes,Monday,No,No,Returning,Delivery,983.6
4800,2025-01-25,2025-01-25,14:36,Veg Sandwich,Snacks,1,179,179,Cash,Sunny,21,147,36,111,179.0,386,Yes,Saturday,Yes,No,New,Dine-In,431.9
4801,2025-01-18,2025-01-18,15:51,White Sauce Pasta,Pasta,1,249,249,Cash,Sunny,21,169,60,109,249.0,392,Yes,Saturday,Yes,No,Returning,Dine-In,429.9
4802,2025-09-12,2025-09-12,17:56,French Fries,Snacks,1,129,129,Credit Card,Cloudy,18,165,47,118,129.0,304,No,Friday,No,No,Returning,Dine-In,623.9
4803,2025-10-22,2025-10-22,17:27,Cheese Burger,Burger,4,199,796,Debit Card,Sunny,25,108,28,80,199.0,797,Yes,Wednesday,No,No,Returning,Takeaway,1233.6
4804,2025-11-14,2025-11-14,19:07,Cold Coffee,Beverage,1,149,149,Debit Card,Cloudy,29,120,15,105,149.0,812,Yes,Friday,No,No,New,Takeaway,401.9
4805,2025-11-08,2025-11-08,22:57,Chole Bhature,Main Course,5,199,995,UPI,Windy,27,107,18,89,199.0,536,Yes,Saturday,Yes,No,New,Dine-In,1486.5
4806,2025-09-10,2025-09-10,01:09,Spring Rolls,Starter,2,229,458,Credit Card,Windy,34,173,41,132,229.0,491,Yes,Wednesday,No,No,Returning,Delivery,931.8
4807,2025-04-17,2025-04-17,08:04,French Fries,Snacks,5,129,645,Credit Card,Sunny,33,122,30,92,129.0,819,Yes,Thursday,No,No,New,Takeaway,910.5
4808,2025-08-22,2025-08-22,17:00,Chocolate Shake,Beverage,5,179,895,Credit Card,Windy,29,127,19,108,179.0,602,No,Friday,No,No,Returning,Dine-In,1315.5
4809,2025-12-10,2025-12-10,18:30,White Sauce Pasta,Pasta,1,249,249,UPI,Windy,25,118,60,58,249.0,782,Yes,Wednesday,No,No,Returning,Dine-In,406.9
4810,2025-02-21,2025-02-21,18:00,Spring Rolls,Starter,1,229,229,Credit Card,Windy,34,83,56,27,229.0,679,Yes,Friday,No,No,Returning,Dine-In,455.9
4811,2025-03-03,2025-03-03,10:20,White Sauce Pasta,Pasta,2,249,498,Cash,Sunny,33,85,37,48,249.0,423,No,Monday,No,No,Returning,Delivery,882.8
4812,2025-04-16,2025-04-16,17:49,Veg Sandwich,Snacks,1,179,179,Debit Card,Rainy,28,116,25,91,179.0,848,No,Wednesday,No,No,Returning,Takeaway,318.9
4813,2025-08-21,2025-08-21,16:46,Paneer Tikka,Starter,4,299,1196,UPI,Sunny,34,80,58,22,299.0,830,No,Thursday,No,No,Returning,Delivery,1775.6
4814,2025-02-22,2025-02-22,01:20,Spring Rolls,Starter,5,229,1145,UPI,Windy,29,132,24,108,229.0,448,No,Saturday,Yes,Yes,New,Delivery,1581.5
4815,2025-09-14,2025-09-14,11:36,Veg Sandwich,Snacks,3,179,537,Debit Card,Cloudy,29,103,50,53,179.0,692,Yes,Sunday,Yes,No,Returning,Takeaway,820.7
4816,2025-12-20,2025-12-20,09:10,Spring Rolls,Starter,3,229,687,UPI,Rainy,29,166,27,139,229.0,688,No,Saturday,Yes,No,New,Dine-In,1132.7
4817,2025-07-26,2025-07-26,17:12,Veg Sandwich,Snacks,2,179,358,UPI,Cloudy,32,105,16,89,179.0,612,Yes,Saturday,Yes,No,Returning,Delivery,703.8
4818,2025-04-13,2025-04-13,10:53,Chocolate Shake,Beverage,4,179,716,UPI,Cloudy,26,152,22,130,179.0,432,Yes,Sunday,Yes,No,Returning,Takeaway,1283.6
4819,2025-08-02,2025-08-02,06:47,Paneer Tikka,Starter,3,299,897,Debit Card,Cloudy,29,159,37,122,299.0,599,Yes,Saturday,Yes,No,New,Takeaway,1351.7
4820,2025-07-21,2025-07-21,04:27,Cold Coffee,Beverage,1,149,149,Cash,Sunny,27,117,32,85,149.0,460,No,Monday,No,No,Returning,Delivery,509.9
4821,2025-03-03,2025-03-03,16:38,Cold Coffee,Beverage,5,149,745,Cash,Sunny,22,114,45,69,149.0,397,No,Monday,No,Yes,New,Takeaway,1199.5
4822,2025-11-13,2025-11-13,23:09,Spring Rolls,Starter,5,229,1145,Credit Card,Sunny,28,82,59,23,229.0,462,No,Thursday,No,No,New,Delivery,1399.5
4823,2025-10-06,2025-10-06,19:06,Paneer Tikka,Starter,4,299,1196,Debit Card,Sunny,28,104,37,67,299.0,731,Yes,Monday,No,No,New,Dine-In,1609.6
4824,2025-11-26,2025-11-26,17:46,Farmhouse Pizza,Pizza,1,399,399,Cash,Sunny,23,97,18,79,399.0,446,Yes,Wednesday,No,No,New,Takeaway,750.9
4825,2025-10-16,2025-10-16,04:37,Chole Bhature,Main Course,3,199,597,Cash,Cloudy,28,86,38,48,199.0,700,No,Thursday,No,No,New,Delivery,848.7
4826,2025-01-20,2025-01-20,07:13,French Fries,Snacks,4,129,516,Debit Card,Sunny,29,131,42,89,129.0,578,Yes,Monday,No,No,New,Dine-In,739.6
4827,2025-11-11,2025-11-11,13:59,White Sauce Pasta,Pasta,1,249,249,UPI,Windy,20,99,34,65,249.0,575,No,Tuesday,No,Yes,New,Takeaway,417.9
4828,2025-04-15,2025-04-15,19:59,White Sauce Pasta,Pasta,4,249,996,Credit Card,Rainy,35,89,21,68,249.0,301,Yes,Tuesday,No,No,Returning,Delivery,1228.6
4829,2025-08-28,2025-08-28,06:00,Cheese Burger,Burger,2,199,398,UPI,Cloudy,21,108,34,74,199.0,735,No,Thursday,No,No,New,Dine-In,905.8
4830,2025-10-25,2025-10-25,14:50,Veg Burger,Burger,3,149,447,UPI,Windy,32,176,40,136,149.0,462,Yes,Saturday,Yes,No,Returning,Delivery,786.7
4831,2025-10-24,2025-10-24,04:51,Masala Dosa,South Indian,4,199,796,UPI,Rainy,25,163,46,117,199.0,334,No,Friday,No,No,Returning,Dine-In,1348.6
4832,2025-05-11,2025-05-11,22:49,Masala Dosa,South Indian,2,199,398,Cash,Windy,21,158,23,135,199.0,671,Yes,Sunday,Yes,No,New,Takeaway,865.8
4833,2025-04-17,2025-04-17,22:08,Margherita Pizza,Pizza,2,299,598,Credit Card,Rainy,24,100,47,53,299.0,772,No,Thursday,No,No,Returning,Dine-In,897.8
4834,2025-10-02,2025-10-02,19:23,Veg Burger,Burger,5,149,745,Cash,Sunny,20,159,60,99,149.0,614,Yes,Thursday,No,No,Returning,Takeaway,1172.5
4835,2025-04-28,2025-04-28,12:20,Chole Bhature,Main Course,3,199,597,UPI,Cloudy,35,96,32,64,199.0,568,No,Monday,No,No,New,Takeaway,1004.7
4836,2025-01-23,2025-01-23,18:21,Cheese Burger,Burger,3,199,597,Credit Card,Windy,35,94,45,49,199.0,325,No,Thursday,No,No,New,Dine-In,766.7
4837,2025-12-03,2025-12-03,02:37,Spring Rolls,Starter,2,229,458,Debit Card,Sunny,34,152,17,135,229.0,601,Yes,Wednesday,No,No,Returning,Takeaway,874.8
4838,2025-07-21,2025-07-21,00:16,Chocolate Shake,Beverage,3,179,537,Credit Card,Cloudy,28,164,31,133,179.0,759,No,Monday,No,No,New,Dine-In,985.7
4839,2025-01-09,2025-01-09,12:20,Veg Sandwich,Snacks,1,179,179,Credit Card,Cloudy,20,95,32,63,179.0,865,No,Thursday,No,No,Returning,Takeaway,656.9
4840,2025-07-28,2025-07-28,01:00,Paneer Tikka,Starter,4,299,1196,Cash,Sunny,34,115,41,74,299.0,847,Yes,Monday,No,No,Returning,Delivery,1449.6
4841,2025-06-21,2025-06-21,16:38,Paneer Tikka,Starter,1,299,299,Cash,Windy,23,166,19,147,299.0,545,Yes,Saturday,Yes,No,Returning,Dine-In,617.9
4842,2025-01-09,2025-01-09,03:39,Veg Burger,Burger,2,149,298,Debit Card,Rainy,20,110,29,81,149.0,554,Yes,Thursday,No,No,Returning,Delivery,783.8
4843,2025-10-09,2025-10-09,19:33,Veg Biryani,Main Course,2,249,498,Credit Card,Sunny,29,143,16,127,249.0,654,Yes,Thursday,No,No,New,Delivery,779.8
4844,2025-04-28,2025-04-28,12:11,White Sauce Pasta,Pasta,4,249,996,UPI,Sunny,19,173,59,114,249.0,336,Yes,Monday,No,No,Returning,Dine-In,1441.6
4845,2025-11-13,2025-11-13,15:33,French Fries,Snacks,5,129,645,UPI,Cloudy,24,97,34,63,129.0,807,Yes,Thursday,No,No,New,Dine-In,907.5
4846,2025-09-25,2025-09-25,16:09,Cold Coffee,Beverage,5,149,745,Debit Card,Windy,27,133,43,90,149.0,694,Yes,Thursday,No,No,New,Dine-In,1293.5
4847,2025-06-08,2025-06-08,12:22,Paneer Tikka,Starter,2,299,598,Cash,Rainy,31,129,55,74,299.0,564,Yes,Sunday,Yes,No,Returning,Delivery,1139.8
4848,2025-10-17,2025-10-17,02:40,Farmhouse Pizza,Pizza,3,399,1197,Credit Card,Cloudy,27,111,12,99,399.0,491,No,Friday,No,Yes,Returning,Dine-In,1541.7
4849,2025-12-18,2025-12-18,19:56,French Fries,Snacks,1,129,129,Credit Card,Rainy,19,89,51,38,129.0,435,No,Thursday,No,No,New,Dine-In,438.9
4850,2025-06-21,2025-06-21,09:22,Chole Bhature,Main Course,5,199,995,Debit Card,Rainy,18,140,48,92,199.0,756,No,Saturday,Yes,No,New,Delivery,1526.5
4851,2025-04-10,2025-04-10,13:22,Cold Coffee,Beverage,3,149,447,Credit Card,Cloudy,21,159,47,112,149.0,491,Yes,Thursday,No,Yes,Returning,Delivery,695.7
4852,2025-10-18,2025-10-18,08:25,Masala Dosa,South Indian,3,199,597,UPI,Sunny,35,137,44,93,199.0,579,Yes,Saturday,Yes,No,New,Dine-In,812.7
4853,2025-07-27,2025-07-27,12:43,Margherita Pizza,Pizza,1,299,299,Cash,Sunny,31,103,36,67,299.0,515,No,Sunday,Yes,No,Returning,Takeaway,552.9
4854,2025-09-29,2025-09-29,21:53,Cheese Burger,Burger,3,199,597,Credit Card,Rainy,23,130,58,72,199.0,691,No,Monday,No,No,New,Takeaway,991.7
4855,2025-03-09,2025-03-09,00:36,Veg Burger,Burger,5,149,745,Debit Card,Cloudy,29,117,59,58,149.0,704,No,Sunday,Yes,No,New,Dine-In,973.5
4856,2025-11-17,2025-11-17,00:08,Chocolate Shake,Beverage,2,179,358,Debit Card,Cloudy,18,118,51,67,179.0,698,No,Monday,No,No,New,Takeaway,745.8
4857,2025-06-13,2025-06-13,20:15,Chole Bhature,Main Course,5,199,995,Cash,Rainy,32,141,20,121,199.0,348,Yes,Friday,No,No,Returning,Dine-In,1379.5
4858,2025-11-16,2025-11-16,21:45,Chole Bhature,Main Course,5,199,995,UPI,Cloudy,33,157,46,111,199.0,754,Yes,Sunday,Yes,No,Returning,Delivery,1564.5
4859,2025-08-30,2025-08-30,15:07,Paneer Tikka,Starter,2,299,598,Debit Card,Rainy,21,103,53,50,299.0,453,No,Saturday,Yes,No,New,Takeaway,1008.8
4860,2025-10-02,2025-10-02,10:16,Veg Sandwich,Snacks,4,179,716,UPI,Rainy,20,150,13,137,179.0,402,Yes,Thursday,No,No,Returning,Dine-In,1012.6
4861,2025-08-31,2025-08-31,19:36,Spring Rolls,Starter,2,229,458,UPI,Windy,18,108,49,59,229.0,300,No,Sunday,Yes,No,New,Takeaway,722.8
4862,2025-12-09,2025-12-09,18:00,Chocolate Shake,Beverage,4,179,716,Cash,Rainy,24,111,39,72,179.0,474,Yes,Tuesday,No,No,Returning,Dine-In,1128.6
4863,2025-11-07,2025-11-07,07:37,Veg Burger,Burger,2,149,298,Credit Card,Cloudy,21,167,47,120,149.0,743,Yes,Friday,No,No,Returning,Delivery,561.8
4864,2025-02-15,2025-02-15,12:38,Spring Rolls,Starter,4,229,916,Cash,Sunny,22,110,39,71,229.0,784,Yes,Saturday,Yes,No,New,Dine-In,1325.6
4865,2025-07-24,2025-07-24,13:34,Veg Sandwich,Snacks,5,179,895,Credit Card,Sunny,19,177,54,123,179.0,606,No,Thursday,No,Yes,New,Takeaway,1136.5
4866,2025-11-14,2025-11-14,18:20,Cheese Burger,Burger,4,199,796,UPI,Sunny,24,104,26,78,199.0,599,No,Friday,No,No,Returning,Dine-In,1172.6
4867,2025-04-04,2025-04-04,17:00,Farmhouse Pizza,Pizza,5,399,1995,Credit Card,Windy,26,121,46,75,399.0,679,Yes,Friday,No,No,New,Delivery,2599.5
4868,2025-02-15,2025-02-15,14:18,Margherita Pizza,Pizza,5,299,1495,UPI,Rainy,28,173,15,158,299.0,325,Yes,Saturday,Yes,No,Returning,Takeaway,1841.5
4869,2025-08-11,2025-08-11,12:46,Veg Burger,Burger,5,149,745,UPI,Sunny,23,138,43,95,149.0,897,Yes,Monday,No,No,New,Dine-In,1024.5
4870,2025-09-02,2025-09-02,23:16,Margherita Pizza,Pizza,1,299,299,Credit Card,Sunny,19,163,58,105,299.0,421,Yes,Tuesday,No,Yes,Returning,Takeaway,675.9
4871,2025-04-02,2025-04-02,10:40,Veg Burger,Burger,2,149,298,Debit Card,Rainy,23,169,19,150,149.0,550,Yes,Wednesday,No,No,New,Dine-In,724.8
4872,2025-06-04,2025-06-04,21:37,Soft Drink,Beverage,1,79,79,Debit Card,Rainy,33,168,29,139,79.0,574,Yes,Wednesday,No,No,Returning,Dine-In,188.9
4873,2025-11-04,2025-11-04,17:09,Paneer Tikka,Starter,4,299,1196,Cash,Cloudy,22,86,49,37,299.0,342,Yes,Tuesday,No,Yes,New,Takeaway,1800.6
4874,2025-12-03,2025-12-03,11:13,French Fries,Snacks,2,129,258,UPI,Sunny,29,96,32,64,129.0,313,Yes,Wednesday,No,No,Returning,Dine-In,521.8
4875,2025-06-01,2025-06-01,20:44,Chole Bhature,Main Course,5,199,995,Credit Card,Rainy,28,113,35,78,199.0,666,Yes,Sunday,Yes,No,New,Dine-In,1482.5
4876,2025-04-16,2025-04-16,09:52,Chocolate Shake,Beverage,2,179,358,Debit Card,Windy,32,132,37,95,179.0,770,No,Wednesday,No,No,Returning,Delivery,726.8
4877,2025-12-16,2025-12-16,11:36,Veg Sandwich,Snacks,5,179,895,Credit Card,Cloudy,24,84,22,62,179.0,486,Yes,Tuesday,No,No,Returning,Takeaway,1277.5
4878,2025-07-01,2025-07-01,19:06,French Fries,Snacks,1,129,129,UPI,Cloudy,23,143,24,119,129.0,798,Yes,Tuesday,No,No,Returning,Dine-In,620.9
4879,2025-08-27,2025-08-27,07:29,Cheese Burger,Burger,1,199,199,Cash,Windy,31,116,43,73,199.0,899,No,Wednesday,No,No,Returning,Takeaway,526.9
4880,2025-02-26,2025-02-26,07:21,Paneer Tikka,Starter,5,299,1495,Debit Card,Rainy,27,134,47,87,299.0,680,No,Wednesday,No,No,Returning,Takeaway,1954.5
4881,2025-11-20,2025-11-20,05:53,White Sauce Pasta,Pasta,1,249,249,Debit Card,Sunny,35,139,53,86,249.0,817,No,Thursday,No,No,Returning,Dine-In,503.9
4882,2025-05-27,2025-05-27,19:01,Veg Sandwich,Snacks,5,179,895,UPI,Windy,24,103,56,47,179.0,435,No,Tuesday,No,Yes,New,Takeaway,1273.5
4883,2025-11-19,2025-11-19,20:06,Chole Bhature,Main Course,1,199,199,Debit Card,Sunny,20,167,15,152,199.0,896,Yes,Wednesday,No,No,New,Dine-In,676.9
4884,2025-10-05,2025-10-05,16:03,Cold Coffee,Beverage,3,149,447,Cash,Sunny,23,138,49,89,149.0,435,No,Sunday,Yes,No,New,Takeaway,697.7
4885,2025-05-02,2025-05-02,22:42,Masala Dosa,South Indian,5,199,995,UPI,Rainy,28,89,48,41,199.0,570,Yes,Friday,No,No,New,Dine-In,1293.5
4886,2025-07-04,2025-07-04,09:04,Veg Biryani,Main Course,3,249,747,UPI,Cloudy,23,158,11,147,249.0,557,No,Friday,No,No,Returning,Dine-In,1032.7
4887,2025-03-16,2025-03-16,19:36,Cold Coffee,Beverage,1,149,149,UPI,Windy,31,165,30,135,149.0,781,Yes,Sunday,Yes,No,New,Takeaway,412.9
4888,2025-08-02,2025-08-02,09:36,Veg Sandwich,Snacks,3,179,537,UPI,Sunny,20,114,17,97,179.0,735,No,Saturday,Yes,Yes,Returning,Dine-In,931.7
4889,2025-03-14,2025-03-14,18:47,Paneer Tikka,Starter,2,299,598,UPI,Sunny,21,81,54,27,299.0,357,No,Friday,No,No,New,Dine-In,815.8
4890,2025-02-06,2025-02-06,16:19,Veg Biryani,Main Course,5,249,1245,UPI,Rainy,22,114,51,63,249.0,628,Yes,Thursday,No,Yes,Returning,Dine-In,1701.5
4891,2025-09-13,2025-09-13,21:34,Spring Rolls,Starter,5,229,1145,Debit Card,Cloudy,24,130,25,105,229.0,367,No,Saturday,Yes,No,Returning,Takeaway,1545.5
4892,2025-04-12,2025-04-12,22:58,Spring Rolls,Starter,1,229,229,Cash,Rainy,26,108,23,85,229.0,507,Yes,Saturday,Yes,No,New,Takeaway,498.9
4893,2025-02-05,2025-02-05,21:14,Cold Coffee,Beverage,4,149,596,Credit Card,Cloudy,34,82,37,45,149.0,892,No,Wednesday,No,No,New,Takeaway,838.6
4894,2025-02-11,2025-02-11,06:42,Spring Rolls,Starter,1,229,229,UPI,Sunny,30,104,10,94,229.0,511,No,Tuesday,No,No,New,Delivery,729.9
4895,2025-07-25,2025-07-25,20:20,Cold Coffee,Beverage,3,149,447,Cash,Sunny,24,146,28,118,149.0,351,Yes,Friday,No,Yes,New,Dine-In,758.7
4896,2025-04-21,2025-04-21,00:34,Paneer Tikka,Starter,2,299,598,Debit Card,Windy,26,115,33,82,299.0,804,No,Monday,No,No,Returning,Dine-In,1007.8
4897,2025-06-23,2025-06-23,01:15,Veg Biryani,Main Course,3,249,747,Credit Card,Rainy,31,87,23,64,249.0,482,No,Monday,No,No,New,Dine-In,1230.7
4898,2025-06-10,2025-06-10,14:40,Paneer Tikka,Starter,3,299,897,Debit Card,Sunny,25,129,34,95,299.0,513,Yes,Tuesday,No,No,Returning,Takeaway,1299.7
4899,2025-08-02,2025-08-02,23:20,Farmhouse Pizza,Pizza,5,399,1995,Credit Card,Rainy,20,162,20,142,399.0,658,No,Saturday,Yes,No,Returning,Dine-In,2506.5
4900,2025-10-03,2025-10-03,20:51,White Sauce Pasta,Pasta,2,249,498,UPI,Windy,22,139,20,119,249.0,601,No,Friday,No,No,Returning,Dine-In,650.8
4901,2025-04-18,2025-04-18,19:22,Cheese Burger,Burger,5,199,995,Debit Card,Sunny,27,165,31,134,199.0,457,No,Friday,No,No,New,Dine-In,1214.5
4902,2025-06-23,2025-06-23,08:22,Masala Dosa,South Indian,3,199,597,UPI,Windy,24,141,55,86,199.0,734,Yes,Monday,No,No,New,Takeaway,1006.7
4903,2025-05-04,2025-05-04,02:34,Masala Dosa,South Indian,1,199,199,UPI,Rainy,25,126,53,73,199.0,586,No,Sunday,Yes,No,New,Takeaway,617.9
4904,2025-04-17,2025-04-17,05:15,Chole Bhature,Main Course,4,199,796,Cash,Cloudy,25,159,11,148,199.0,673,No,Thursday,No,No,New,Dine-In,1168.6
4905,2025-06-26,2025-06-26,05:23,Soft Drink,Beverage,5,79,395,Credit Card,Cloudy,20,177,11,166,79.0,643,No,Thursday,No,No,Returning,Delivery,909.5
4906,2025-05-28,2025-05-28,08:17,Chocolate Shake,Beverage,4,179,716,Cash,Cloudy,35,133,52,81,179.0,627,No,Wednesday,No,No,Returning,Delivery,1038.6
4907,2025-12-15,2025-12-15,14:30,Spring Rolls,Starter,1,229,229,Debit Card,Windy,25,118,49,69,229.0,463,No,Monday,No,No,Returning,Takeaway,635.9
4908,2025-12-20,2025-12-20,03:28,White Sauce Pasta,Pasta,3,249,747,Cash,Sunny,31,159,55,104,249.0,461,No,Saturday,Yes,Yes,Returning,Takeaway,1305.7
4909,2025-06-12,2025-06-12,13:04,Spring Rolls,Starter,4,229,916,UPI,Rainy,22,133,37,96,229.0,671,No,Thursday,No,No,Returning,Dine-In,1358.6
4910,2025-03-18,2025-03-18,13:58,Chole Bhature,Main Course,1,199,199,Cash,Windy,29,138,60,78,199.0,302,Yes,Tuesday,No,No,Returning,Dine-In,626.9
4911,2025-12-12,2025-12-12,03:17,Masala Dosa,South Indian,5,199,995,UPI,Rainy,23,142,52,90,199.0,312,Yes,Friday,No,No,Returning,Dine-In,1371.5
4912,2025-11-17,2025-11-17,00:50,Cold Coffee,Beverage,2,149,298,Credit Card,Windy,35,111,28,83,149.0,777,Yes,Monday,No,No,New,Takeaway,567.8
4913,2025-04-27,2025-04-27,22:38,French Fries,Snacks,3,129,387,Cash,Windy,33,101,48,53,129.0,666,No,Sunday,Yes,No,Returning,Dine-In,713.7
4914,2025-12-17,2025-12-17,04:13,Cold Coffee,Beverage,2,149,298,UPI,Windy,19,143,52,91,149.0,586,Yes,Wednesday,No,No,Returning,Dine-In,528.8
4915,2025-05-22,2025-05-22,12:47,Paneer Tikka,Starter,5,299,1495,Debit Card,Windy,35,89,29,60,299.0,323,Yes,Thursday,No,No,New,Takeaway,2022.5
4916,2025-06-08,2025-06-08,15:12,Veg Burger,Burger,5,149,745,Debit Card,Rainy,21,84,22,62,149.0,879,No,Sunday,Yes,No,Returning,Takeaway,1012.5
4917,2025-09-09,2025-09-09,17:16,Paneer Tikka,Starter,3,299,897,Cash,Rainy,19,164,57,107,299.0,705,No,Tuesday,No,No,Returning,Takeaway,1367.7
4918,2025-05-24,2025-05-24,06:11,Masala Dosa,South Indian,5,199,995,Debit Card,Cloudy,28,162,18,144,199.0,659,Yes,Saturday,Yes,No,Returning,Dine-In,1459.5
4919,2025-11-24,2025-11-24,06:51,Farmhouse Pizza,Pizza,3,399,1197,Debit Card,Cloudy,22,154,38,116,399.0,433,No,Monday,No,No,New,Takeaway,1726.7
4920,2025-03-06,2025-03-06,03:34,Margherita Pizza,Pizza,5,299,1495,Debit Card,Windy,31,155,46,109,299.0,654,No,Thursday,No,No,Returning,Delivery,1876.5
4921,2025-07-14,2025-07-14,07:20,Cold Coffee,Beverage,1,149,149,Cash,Rainy,21,109,53,56,149.0,460,Yes,Monday,No,No,New,Takeaway,512.9
4922,2025-06-14,2025-06-14,07:48,Chole Bhature,Main Course,2,199,398,Credit Card,Windy,27,115,53,62,199.0,552,Yes,Saturday,Yes,No,New,Dine-In,619.8
4923,2025-11-12,2025-11-12,15:01,Spring Rolls,Starter,5,229,1145,Debit Card,Cloudy,31,139,11,128,229.0,856,Yes,Wednesday,No,No,Returning,Delivery,1596.5
4924,2025-02-28,2025-02-28,13:37,Cheese Burger,Burger,4,199,796,UPI,Windy,25,113,12,101,199.0,445,No,Friday,No,No,New,Takeaway,1023.6
4925,2025-04-29,2025-04-29,13:12,White Sauce Pasta,Pasta,5,249,1245,Credit Card,Sunny,35,162,28,134,249.0,509,Yes,Tuesday,No,No,New,Dine-In,1628.5
4926,2025-07-11,2025-07-11,21:30,Soft Drink,Beverage,3,79,237,Cash,Windy,21,175,60,115,79.0,769,No,Friday,No,No,Returning,Takeaway,421.7
4927,2025-06-18,2025-06-18,23:38,Spring Rolls,Starter,2,229,458,Cash,Cloudy,18,149,28,121,229.0,825,Yes,Wednesday,No,No,New,Takeaway,944.8
4928,2025-11-29,2025-11-29,20:17,Cheese Burger,Burger,2,199,398,Cash,Windy,31,85,17,68,199.0,846,No,Saturday,Yes,No,Returning,Delivery,613.8
4929,2025-10-28,2025-10-28,23:14,Veg Burger,Burger,4,149,596,Cash,Cloudy,29,159,20,139,149.0,600,Yes,Tuesday,No,No,New,Delivery,776.6
4930,2025-10-28,2025-10-28,22:07,Spring Rolls,Starter,5,229,1145,Credit Card,Rainy,20,112,47,65,229.0,312,Yes,Tuesday,No,No,New,Dine-In,1575.5
4931,2025-08-24,2025-08-24,23:48,Chocolate Shake,Beverage,5,179,895,UPI,Windy,35,128,41,87,179.0,553,No,Sunday,Yes,No,New,Delivery,1409.5
4932,2025-08-30,2025-08-30,10:30,Veg Sandwich,Snacks,5,179,895,Credit Card,Cloudy,20,158,19,139,179.0,515,No,Saturday,Yes,No,New,Delivery,1327.5
4933,2025-11-16,2025-11-16,21:48,Spring Rolls,Starter,1,229,229,UPI,Rainy,25,144,15,129,229.0,861,Yes,Sunday,Yes,No,New,Dine-In,362.9
4934,2025-11-30,2025-11-30,02:01,Cold Coffee,Beverage,3,149,447,Cash,Cloudy,32,80,31,49,149.0,668,Yes,Sunday,Yes,No,Returning,Dine-In,815.7
4935,2025-08-08,2025-08-08,22:13,Chocolate Shake,Beverage,3,179,537,Cash,Sunny,25,173,57,116,179.0,430,Yes,Friday,No,No,Returning,Dine-In,886.7
4936,2025-08-13,2025-08-13,13:21,Masala Dosa,South Indian,5,199,995,UPI,Rainy,33,126,37,89,199.0,856,No,Wednesday,No,No,Returning,Delivery,1229.5
4937,2025-12-16,2025-12-16,00:29,White Sauce Pasta,Pasta,4,249,996,Cash,Windy,23,113,59,54,249.0,503,No,Tuesday,No,No,Returning,Takeaway,1476.6
4938,2025-05-11,2025-05-11,16:02,Veg Biryani,Main Course,5,249,1245,Debit Card,Cloudy,25,99,11,88,249.0,793,Yes,Sunday,Yes,No,New,Delivery,1481.5
4939,2025-07-24,2025-07-24,04:30,Chole Bhature,Main Course,3,199,597,Cash,Windy,24,134,22,112,199.0,312,No,Thursday,No,No,Returning,Takeaway,1077.7
4940,2025-10-10,2025-10-10,00:54,Veg Sandwich,Snacks,1,179,179,Credit Card,Sunny,27,88,15,73,179.0,859,No,Friday,No,No,New,Delivery,407.9
4941,2025-12-30,2025-12-30,14:43,Veg Sandwich,Snacks,2,179,358,Credit Card,Cloudy,20,170,12,158,179.0,873,No,Tuesday,No,No,New,Delivery,875.8
4942,2025-08-28,2025-08-28,10:39,Veg Biryani,Main Course,4,249,996,Debit Card,Windy,35,83,59,24,249.0,859,Yes,Thursday,No,No,New,Dine-In,1274.6
4943,2025-10-22,2025-10-22,22:08,Masala Dosa,South Indian,4,199,796,Cash,Windy,31,114,49,65,199.0,442,Yes,Wednesday,No,No,New,Dine-In,1017.6
4944,2025-09-19,2025-09-19,12:03,Veg Sandwich,Snacks,4,179,716,Cash,Windy,25,153,18,135,179.0,671,No,Friday,No,No,New,Takeaway,975.6
4945,2025-01-31,2025-01-31,05:43,Cheese Burger,Burger,5,199,995,Credit Card,Cloudy,20,178,42,136,199.0,652,No,Friday,No,No,New,Dine-In,1384.5
4946,2025-01-17,2025-01-17,22:51,Veg Burger,Burger,2,149,298,Credit Card,Cloudy,22,173,58,115,149.0,557,Yes,Friday,No,No,Returning,Dine-In,570.8
4947,2025-05-11,2025-05-11,06:29,Farmhouse Pizza,Pizza,5,399,1995,Cash,Windy,27,164,30,134,399.0,532,No,Sunday,Yes,No,New,Delivery,2672.5
4948,2025-03-07,2025-03-07,21:13,Cold Coffee,Beverage,4,149,596,Debit Card,Cloudy,23,104,20,84,149.0,870,No,Friday,No,No,Returning,Takeaway,1131.6
4949,2025-05-15,2025-05-15,11:24,White Sauce Pasta,Pasta,4,249,996,Credit Card,Windy,22,163,19,144,249.0,834,No,Thursday,No,No,Returning,Takeaway,1286.6
4950,2025-01-01,2025-01-01,21:45,Veg Burger,Burger,4,149,596,Credit Card,Cloudy,32,103,23,80,149.0,609,No,Wednesday,No,No,Returning,Delivery,981.6
4951,2025-09-22,2025-09-22,23:25,Veg Biryani,Main Course,1,249,249,Credit Card,Windy,33,90,21,69,249.0,384,Yes,Monday,No,No,Returning,Takeaway,444.9
4952,2025-09-13,2025-09-13,04:45,Soft Drink,Beverage,4,79,316,Cash,Rainy,18,180,15,165,79.0,693,Yes,Saturday,Yes,No,New,Dine-In,687.6
4953,2025-12-10,2025-12-10,07:51,Veg Burger,Burger,1,149,149,Credit Card,Sunny,28,171,22,149,149.0,733,Yes,Wednesday,No,No,New,Takeaway,322.9
4954,2025-08-04,2025-08-04,02:26,White Sauce Pasta,Pasta,2,249,498,UPI,Sunny,31,93,21,72,249.0,642,No,Monday,No,No,Returning,Takeaway,750.8
4955,2025-08-26,2025-08-26,06:44,Soft Drink,Beverage,5,79,395,Credit Card,Sunny,35,100,15,85,79.0,501,No,Tuesday,No,Yes,New,Takeaway,599.5
4956,2025-03-05,2025-03-05,07:37,Cold Coffee,Beverage,3,149,447,Cash,Sunny,34,135,49,86,149.0,447,No,Wednesday,No,No,Returning,Takeaway,931.7
4957,2025-11-04,2025-11-04,01:36,Cold Coffee,Beverage,5,149,745,Cash,Rainy,22,102,52,50,149.0,370,No,Tuesday,No,No,New,Dine-In,1307.5
4958,2025-01-29,2025-01-29,13:15,Farmhouse Pizza,Pizza,5,399,1995,Cash,Rainy,26,150,21,129,399.0,504,Yes,Wednesday,No,No,New,Dine-In,2438.5
4959,2025-01-09,2025-01-09,20:41,Cold Coffee,Beverage,1,149,149,Credit Card,Windy,21,170,10,160,149.0,877,No,Thursday,No,No,New,Delivery,265.9
4960,2025-08-26,2025-08-26,04:34,Margherita Pizza,Pizza,2,299,598,Cash,Sunny,18,80,36,44,299.0,399,Yes,Tuesday,No,No,Returning,Takeaway,1078.8
4961,2025-11-21,2025-11-21,20:08,Paneer Tikka,Starter,2,299,598,Debit Card,Rainy,35,98,10,88,299.0,806,Yes,Friday,No,No,New,Delivery,1026.8
4962,2025-07-02,2025-07-02,21:32,Veg Biryani,Main Course,1,249,249,Credit Card,Cloudy,21,166,26,140,249.0,414,No,Wednesday,No,No,New,Delivery,726.9
4963,2025-12-06,2025-12-06,10:14,Farmhouse Pizza,Pizza,2,399,798,Credit Card,Windy,29,162,44,118,399.0,336,No,Saturday,Yes,Yes,New,Dine-In,1160.8
4964,2025-12-12,2025-12-12,11:09,White Sauce Pasta,Pasta,3,249,747,Cash,Sunny,24,158,15,143,249.0,816,Yes,Friday,No,No,New,Dine-In,1026.7
4965,2025-11-12,2025-11-12,14:32,Spring Rolls,Starter,5,229,1145,Credit Card,Cloudy,23,159,41,118,229.0,329,No,Wednesday,No,No,New,Dine-In,1417.5
4966,2025-08-17,2025-08-17,06:23,Paneer Tikka,Starter,3,299,897,Credit Card,Sunny,30,87,58,29,299.0,871,Yes,Sunday,Yes,No,Returning,Delivery,1477.7
4967,2025-04-01,2025-04-01,21:40,Cold Coffee,Beverage,5,149,745,Credit Card,Rainy,19,142,12,130,149.0,594,Yes,Tuesday,No,No,New,Dine-In,1114.5
4968,2025-09-05,2025-09-05,08:26,French Fries,Snacks,1,129,129,Credit Card,Sunny,26,143,52,91,129.0,716,No,Friday,No,No,New,Delivery,423.9
4969,2025-03-09,2025-03-09,21:49,Chocolate Shake,Beverage,2,179,358,Debit Card,Cloudy,29,92,15,77,179.0,496,Yes,Sunday,Yes,No,Returning,Takeaway,534.8
4970,2025-09-19,2025-09-19,17:51,Cold Coffee,Beverage,1,149,149,Credit Card,Rainy,31,149,17,132,149.0,814,No,Friday,No,No,New,Delivery,596.9
4971,2025-12-25,2025-12-25,16:56,French Fries,Snacks,1,129,129,Cash,Windy,34,133,42,91,129.0,621,Yes,Thursday,No,No,Returning,Takeaway,279.9
4972,2025-07-03,2025-07-03,13:45,White Sauce Pasta,Pasta,1,249,249,Credit Card,Sunny,32,109,46,63,249.0,832,Yes,Thursday,No,No,Returning,Delivery,526.9
4973,2025-12-02,2025-12-02,03:39,Cheese Burger,Burger,2,199,398,Cash,Sunny,19,119,30,89,199.0,716,No,Tuesday,No,No,New,Dine-In,542.8
4974,2025-08-22,2025-08-22,04:59,White Sauce Pasta,Pasta,2,249,498,Credit Card,Rainy,18,160,14,146,249.0,473,No,Friday,No,No,New,Takeaway,909.8
4975,2025-08-15,2025-08-15,15:25,Paneer Tikka,Starter,4,299,1196,UPI,Windy,25,135,17,118,299.0,498,Yes,Friday,No,No,New,Delivery,1661.6
4976,2025-11-11,2025-11-11,11:41,Cheese Burger,Burger,3,199,597,Cash,Rainy,34,126,28,98,199.0,335,No,Tuesday,No,No,New,Dine-In,798.7
4977,2025-06-23,2025-06-23,18:13,Farmhouse Pizza,Pizza,1,399,399,Cash,Windy,35,133,47,86,399.0,621,Yes,Monday,No,No,New,Delivery,877.9
4978,2025-03-13,2025-03-13,00:00,Paneer Tikka,Starter,5,299,1495,UPI,Sunny,29,123,36,87,299.0,518,No,Thursday,No,No,Returning,Dine-In,1768.5
4979,2025-03-27,2025-03-27,14:45,Chole Bhature,Main Course,5,199,995,UPI,Cloudy,19,112,48,64,199.0,681,No,Thursday,No,No,New,Delivery,1367.5
4980,2025-12-07,2025-12-07,02:43,White Sauce Pasta,Pasta,5,249,1245,Cash,Windy,29,126,36,90,249.0,622,Yes,Sunday,Yes,No,Returning,Delivery,1782.5
4981,2025-12-24,2025-12-24,13:15,Chole Bhature,Main Course,2,199,398,Debit Card,Cloudy,29,108,47,61,199.0,460,Yes,Wednesday,No,No,Returning,Dine-In,884.8
4982,2025-03-17,2025-03-17,22:29,Margherita Pizza,Pizza,1,299,299,UPI,Rainy,33,83,34,49,299.0,305,Yes,Monday,No,No,Returning,Dine-In,686.9
4983,2025-01-27,2025-01-27,20:18,Margherita Pizza,Pizza,4,299,1196,UPI,Rainy,23,156,33,123,299.0,683,No,Monday,No,No,Returning,Delivery,1750.6
4984,2025-01-11,2025-01-11,23:00,White Sauce Pasta,Pasta,3,249,747,Credit Card,Sunny,35,85,38,47,249.0,790,No,Saturday,Yes,No,New,Takeaway,1215.7
4985,2025-12-20,2025-12-20,12:51,Chole Bhature,Main Course,2,199,398,Debit Card,Rainy,31,132,40,92,199.0,691,No,Saturday,Yes,Yes,New,Delivery,925.8
4986,2025-10-28,2025-10-28,21:12,Masala Dosa,South Indian,4,199,796,UPI,Cloudy,24,155,55,100,199.0,545,Yes,Tuesday,No,No,New,Delivery,1012.6
4987,2025-11-02,2025-11-02,21:52,Spring Rolls,Starter,5,229,1145,UPI,Cloudy,35,135,11,124,229.0,573,No,Sunday,Yes,No,Returning,Delivery,1628.5
4988,2025-12-28,2025-12-28,16:56,Margherita Pizza,Pizza,2,299,598,Debit Card,Rainy,23,176,53,123,299.0,433,No,Sunday,Yes,No,Returning,Delivery,978.8
4989,2025-10-23,2025-10-23,09:01,Veg Sandwich,Snacks,1,179,179,UPI,Windy,32,101,22,79,179.0,759,No,Thursday,No,No,Returning,Dine-In,584.9
4990,2025-08-17,2025-08-17,12:26,Paneer Tikka,Starter,5,299,1495,Credit Card,Sunny,30,158,11,147,299.0,496,Yes,Sunday,Yes,No,Returning,Takeaway,2017.5
4991,2025-06-27,2025-06-27,14:03,Paneer Tikka,Starter,2,299,598,Credit Card,Windy,28,129,12,117,299.0,882,No,Friday,No,No,New,Delivery,1000.8
4992,2025-04-06,2025-04-06,22:41,Veg Sandwich,Snacks,5,179,895,Cash,Rainy,25,136,46,90,179.0,426,Yes,Sunday,Yes,No,Returning,Takeaway,1373.5
4993,2025-07-14,2025-07-14,08:06,Masala Dosa,South Indian,3,199,597,Credit Card,Cloudy,22,131,19,112,199.0,799,Yes,Monday,No,No,New,Delivery,793.7
4994,2025-01-27,2025-01-27,23:37,Soft Drink,Beverage,1,79,79,Cash,Cloudy,23,160,34,126,79.0,801,Yes,Monday,No,No,Returning,Dine-In,195.9
4995,2025-10-24,2025-10-24,13:30,Chole Bhature,Main Course,3,199,597,Cash,Windy,21,125,34,91,199.0,571,No,Friday,No,No,Returning,Delivery,1065.7
4996,2025-06-20,2025-06-20,20:54,Soft Drink,Beverage,2,79,158,Credit Card,Cloudy,25,99,28,71,79.0,499,No,Friday,No,No,Returning,Delivery,410.8
4997,2025-12-11,2025-12-11,06:33,Masala Dosa,South Indian,5,199,995,Debit Card,Sunny,24,179,20,159,199.0,523,No,Thursday,No,Yes,Returning,Takeaway,1578.5
4998,2025-10-31,2025-10-31,14:16,Spring Rolls,Starter,1,229,229,Credit Card,Cloudy,18,164,41,123,229.0,506,Yes,Friday,No,No,Returning,Delivery,581.9
4999,2025-02-20,2025-02-20,14:38,Soft Drink,Beverage,3,79,237,Credit Card,Cloudy,32,176,30,146,79.0,371,No,Thursday,No,No,Returning,Dine-In,712.7
5000,2025-07-23,2025-07-23,17:32,Chocolate Shake,Beverage,5,179,895,Cash,Cloudy,35,131,19,112,179.0,470,No,Wednesday,No,Yes,Returning,Delivery,1085.5
